user_id,first_topic,topic_cluster,contains_crisis_language,contains_relationship_topic,contains_school_topic,contains_loneliness_topic
u_000001,motivation,self_improvement,False,False,False,False
u_000002,school_stress,school,False,False,True,False
u_000003,loneliness,emotional_support,False,False,False,True
u_000004,motivation,self_improvement,False,False,False,False
u_000005,motivation,self_improvement,False,False,False,False
u_000006,relationships,relationships,False,True,False,False
u_000007,school_stress,school,False,False,True,False
u_000008,school_stress,school,False,False,True,False
u_000009,relationships,relationships,True,True,False,False
u_000010,career,career,False,False,False,False
u_000011,motivation,self_improvement,False,False,False,False
u_000012,relationships,relationships,False,True,False,False
u_000013,motivation,self_improvement,False,False,False,False
u_000014,sleep,wellness,False,False,False,False
u_000015,loneliness,emotional_support,False,False,False,True
u_000016,loneliness,emotional_support,False,False,False,True
u_000017,motivation,self_improvement,False,False,False,False
u_000018,school_stress,school,False,False,True,False
u_000019,school_stress,school,False,False,True,False
u_000020,career,career,False,False,False,False
u_000021,school_stress,school,False,False,True,False
u_000022,motivation,self_improvement,False,False,False,False
u_000023,sleep,wellness,False,False,False,False
u_000024,school_stress,school,False,False,True,False
u_000025,motivation,self_improvement,False,False,False,False
u_000026,relationships,relationships,False,True,False,False
u_000027,career,career,False,False,False,False
u_000028,school_stress,school,False,False,True,False
u_000029,general_checkin,reflection,False,False,False,False
u_000030,career,career,False,False,False,False
u_000031,loneliness,emotional_support,True,False,False,True
u_000032,loneliness,emotional_support,False,False,False,True
u_000033,motivation,self_improvement,False,False,False,False
u_000034,family,relationships,False,True,False,False
u_000035,school_stress,school,False,False,True,False
u_000036,relationships,relationships,False,True,False,False
u_000037,motivation,self_improvement,False,False,False,False
u_000038,school_stress,school,False,False,True,False
u_000039,loneliness,emotional_support,False,False,False,True
u_000040,loneliness,emotional_support,False,False,False,True
u_000041,relationships,relationships,False,True,False,False
u_000042,motivation,self_improvement,False,False,False,False
u_000043,career,career,False,False,False,False
u_000044,loneliness,emotional_support,False,False,False,True
u_000045,motivation,self_improvement,False,False,False,False
u_000046,career,career,False,False,False,False
u_000047,career,career,False,False,False,False
u_000048,motivation,self_improvement,False,False,False,False
u_000049,relationships,relationships,False,True,False,False
u_000050,family,relationships,False,True,False,False
u_000051,school_stress,school,True,False,True,False
u_000052,school_stress,school,False,False,True,False
u_000053,loneliness,emotional_support,False,False,False,True
u_000054,relationships,relationships,False,True,False,False
u_000055,sleep,wellness,False,False,False,False
u_000056,relationships,relationships,False,True,False,False
u_000057,sleep,wellness,False,False,False,False
u_000058,motivation,self_improvement,False,False,False,False
u_000059,school_stress,school,False,False,True,False
u_000060,relationships,relationships,False,True,False,False
u_000061,general_checkin,reflection,False,False,False,False
u_000062,motivation,self_improvement,False,False,False,False
u_000063,relationships,relationships,False,True,False,False
u_000064,school_stress,school,False,False,True,False
u_000065,school_stress,school,False,False,True,False
u_000066,relationships,relationships,False,True,False,False
u_000067,relationships,relationships,False,True,False,False
u_000068,school_stress,school,False,False,True,False
u_000069,general_checkin,reflection,False,False,False,False
u_000070,career,career,False,False,False,False
u_000071,motivation,self_improvement,False,False,False,False
u_000072,general_checkin,reflection,False,False,False,False
u_000073,career,career,False,False,False,False
u_000074,motivation,self_improvement,False,False,False,False
u_000075,career,career,False,False,False,False
u_000076,motivation,self_improvement,False,False,False,False
u_000077,career,career,False,False,False,False
u_000078,relationships,relationships,False,True,False,False
u_000079,motivation,self_improvement,False,False,False,False
u_000080,school_stress,school,False,False,True,False
u_000081,relationships,relationships,False,True,False,False
u_000082,motivation,self_improvement,False,False,False,False
u_000083,loneliness,emotional_support,False,False,False,True
u_000084,relationships,relationships,False,True,False,False
u_000085,career,career,False,False,False,False
u_000086,school_stress,school,False,False,True,False
u_000087,family,relationships,False,True,False,False
u_000088,career,career,False,False,False,False
u_000089,general_checkin,reflection,False,False,False,False
u_000090,motivation,self_improvement,False,False,False,False
u_000091,sleep,wellness,False,False,False,False
u_000092,loneliness,emotional_support,False,False,False,True
u_000093,family,relationships,False,True,False,False
u_000094,school_stress,school,False,False,True,False
u_000095,relationships,relationships,False,True,False,False
u_000096,relationships,relationships,False,True,False,False
u_000097,career,career,False,False,False,False
u_000098,school_stress,school,False,False,True,False
u_000099,motivation,self_improvement,False,False,False,False
u_000100,loneliness,emotional_support,False,False,False,True
u_000101,sleep,wellness,False,False,False,False
u_000102,sleep,wellness,False,False,False,False
u_000103,school_stress,school,False,False,True,False
u_000104,motivation,self_improvement,False,False,False,False
u_000105,general_checkin,reflection,False,False,False,False
u_000106,general_checkin,reflection,False,False,False,False
u_000107,motivation,self_improvement,False,False,False,False
u_000108,sleep,wellness,False,False,False,False
u_000109,loneliness,emotional_support,False,False,False,True
u_000110,relationships,relationships,False,True,False,False
u_000111,career,career,False,False,False,False
u_000112,school_stress,school,False,False,True,False
u_000113,school_stress,school,False,False,True,False
u_000114,loneliness,emotional_support,False,False,False,True
u_000115,career,career,False,False,False,False
u_000116,motivation,self_improvement,False,False,False,False
u_000117,family,relationships,False,True,False,False
u_000118,relationships,relationships,False,True,False,False
u_000119,school_stress,school,False,False,True,False
u_000120,school_stress,school,False,False,True,False
u_000121,school_stress,school,False,False,True,False
u_000122,family,relationships,False,True,False,False
u_000123,school_stress,school,False,False,True,False
u_000124,school_stress,school,False,False,True,False
u_000125,sleep,wellness,False,False,False,False
u_000126,school_stress,school,False,False,True,False
u_000127,relationships,relationships,False,True,False,False
u_000128,relationships,relationships,False,True,False,False
u_000129,general_checkin,reflection,False,False,False,False
u_000130,career,career,False,False,False,False
u_000131,career,career,False,False,False,False
u_000132,motivation,self_improvement,False,False,False,False
u_000133,sleep,wellness,False,False,False,False
u_000134,family,relationships,False,True,False,False
u_000135,general_checkin,reflection,False,False,False,False
u_000136,relationships,relationships,False,True,False,False
u_000137,general_checkin,reflection,False,False,False,False
u_000138,school_stress,school,False,False,True,False
u_000139,motivation,self_improvement,False,False,False,False
u_000140,motivation,self_improvement,False,False,False,False
u_000141,general_checkin,reflection,False,False,False,False
u_000142,school_stress,school,False,False,True,False
u_000143,motivation,self_improvement,False,False,False,False
u_000144,relationships,relationships,False,True,False,False
u_000145,general_checkin,reflection,False,False,False,False
u_000146,school_stress,school,False,False,True,False
u_000147,school_stress,school,False,False,True,False
u_000148,motivation,self_improvement,False,False,False,False
u_000149,general_checkin,reflection,False,False,False,False
u_000150,general_checkin,reflection,False,False,False,False
u_000151,family,relationships,False,True,False,False
u_000152,general_checkin,reflection,False,False,False,False
u_000153,relationships,relationships,False,True,False,False
u_000154,sleep,wellness,False,False,False,False
u_000155,loneliness,emotional_support,False,False,False,True
u_000156,school_stress,school,False,False,True,False
u_000157,school_stress,school,False,False,True,False
u_000158,school_stress,school,False,False,True,False
u_000159,career,career,False,False,False,False
u_000160,school_stress,school,False,False,True,False
u_000161,relationships,relationships,False,True,False,False
u_000162,motivation,self_improvement,False,False,False,False
u_000163,general_checkin,reflection,False,False,False,False
u_000164,school_stress,school,False,False,True,False
u_000165,school_stress,school,False,False,True,False
u_000166,motivation,self_improvement,False,False,False,False
u_000167,career,career,False,False,False,False
u_000168,sleep,wellness,False,False,False,False
u_000169,relationships,relationships,False,True,False,False
u_000170,motivation,self_improvement,False,False,False,False
u_000171,sleep,wellness,False,False,False,False
u_000172,relationships,relationships,False,True,False,False
u_000173,motivation,self_improvement,False,False,False,False
u_000174,relationships,relationships,False,True,False,False
u_000175,relationships,relationships,False,True,False,False
u_000176,sleep,wellness,False,False,False,False
u_000177,career,career,False,False,False,False
u_000178,motivation,self_improvement,False,False,False,False
u_000179,relationships,relationships,False,True,False,False
u_000180,motivation,self_improvement,False,False,False,False
u_000181,career,career,False,False,False,False
u_000182,school_stress,school,False,False,True,False
u_000183,loneliness,emotional_support,False,False,False,True
u_000184,career,career,False,False,False,False
u_000185,relationships,relationships,False,True,False,False
u_000186,school_stress,school,False,False,True,False
u_000187,school_stress,school,False,False,True,False
u_000188,loneliness,emotional_support,False,False,False,True
u_000189,sleep,wellness,False,False,False,False
u_000190,school_stress,school,False,False,True,False
u_000191,general_checkin,reflection,False,False,False,False
u_000192,general_checkin,reflection,False,False,False,False
u_000193,school_stress,school,False,False,True,False
u_000194,school_stress,school,False,False,True,False
u_000195,sleep,wellness,False,False,False,False
u_000196,loneliness,emotional_support,False,False,False,True
u_000197,sleep,wellness,False,False,False,False
u_000198,loneliness,emotional_support,False,False,False,True
u_000199,school_stress,school,False,False,True,False
u_000200,loneliness,emotional_support,False,False,False,True
u_000201,school_stress,school,False,False,True,False
u_000202,family,relationships,False,True,False,False
u_000203,relationships,relationships,False,True,False,False
u_000204,sleep,wellness,False,False,False,False
u_000205,motivation,self_improvement,False,False,False,False
u_000206,school_stress,school,False,False,True,False
u_000207,relationships,relationships,False,True,False,False
u_000208,general_checkin,reflection,False,False,False,False
u_000209,relationships,relationships,False,True,False,False
u_000210,loneliness,emotional_support,True,False,False,True
u_000211,motivation,self_improvement,False,False,False,False
u_000212,school_stress,school,False,False,True,False
u_000213,career,career,True,False,False,False
u_000214,school_stress,school,False,False,True,False
u_000215,school_stress,school,False,False,True,False
u_000216,sleep,wellness,False,False,False,False
u_000217,school_stress,school,False,False,True,False
u_000218,general_checkin,reflection,False,False,False,False
u_000219,motivation,self_improvement,True,False,False,False
u_000220,sleep,wellness,False,False,False,False
u_000221,general_checkin,reflection,False,False,False,False
u_000222,motivation,self_improvement,False,False,False,False
u_000223,motivation,self_improvement,False,False,False,False
u_000224,general_checkin,reflection,False,False,False,False
u_000225,school_stress,school,False,False,True,False
u_000226,general_checkin,reflection,False,False,False,False
u_000227,loneliness,emotional_support,False,False,False,True
u_000228,relationships,relationships,False,True,False,False
u_000229,general_checkin,reflection,False,False,False,False
u_000230,family,relationships,False,True,False,False
u_000231,loneliness,emotional_support,False,False,False,True
u_000232,relationships,relationships,False,True,False,False
u_000233,motivation,self_improvement,False,False,False,False
u_000234,motivation,self_improvement,False,False,False,False
u_000235,school_stress,school,False,False,True,False
u_000236,career,career,False,False,False,False
u_000237,motivation,self_improvement,False,False,False,False
u_000238,school_stress,school,False,False,True,False
u_000239,relationships,relationships,False,True,False,False
u_000240,motivation,self_improvement,False,False,False,False
u_000241,school_stress,school,False,False,True,False
u_000242,motivation,self_improvement,False,False,False,False
u_000243,relationships,relationships,False,True,False,False
u_000244,relationships,relationships,False,True,False,False
u_000245,relationships,relationships,False,True,False,False
u_000246,motivation,self_improvement,False,False,False,False
u_000247,school_stress,school,False,False,True,False
u_000248,family,relationships,False,True,False,False
u_000249,relationships,relationships,False,True,False,False
u_000250,school_stress,school,False,False,True,False
u_000251,school_stress,school,False,False,True,False
u_000252,career,career,False,False,False,False
u_000253,school_stress,school,False,False,True,False
u_000254,general_checkin,reflection,False,False,False,False
u_000255,relationships,relationships,False,True,False,False
u_000256,loneliness,emotional_support,False,False,False,True
u_000257,school_stress,school,False,False,True,False
u_000258,motivation,self_improvement,False,False,False,False
u_000259,general_checkin,reflection,False,False,False,False
u_000260,career,career,False,False,False,False
u_000261,motivation,self_improvement,False,False,False,False
u_000262,school_stress,school,False,False,True,False
u_000263,motivation,self_improvement,False,False,False,False
u_000264,general_checkin,reflection,False,False,False,False
u_000265,school_stress,school,False,False,True,False
u_000266,relationships,relationships,False,True,False,False
u_000267,loneliness,emotional_support,False,False,False,True
u_000268,school_stress,school,False,False,True,False
u_000269,family,relationships,False,True,False,False
u_000270,general_checkin,reflection,False,False,False,False
u_000271,motivation,self_improvement,False,False,False,False
u_000272,loneliness,emotional_support,False,False,False,True
u_000273,motivation,self_improvement,False,False,False,False
u_000274,relationships,relationships,False,True,False,False
u_000275,sleep,wellness,False,False,False,False
u_000276,relationships,relationships,False,True,False,False
u_000277,family,relationships,False,True,False,False
u_000278,motivation,self_improvement,False,False,False,False
u_000279,motivation,self_improvement,False,False,False,False
u_000280,relationships,relationships,False,True,False,False
u_000281,school_stress,school,False,False,True,False
u_000282,school_stress,school,False,False,True,False
u_000283,career,career,False,False,False,False
u_000284,loneliness,emotional_support,False,False,False,True
u_000285,loneliness,emotional_support,False,False,False,True
u_000286,relationships,relationships,False,True,False,False
u_000287,career,career,False,False,False,False
u_000288,relationships,relationships,False,True,False,False
u_000289,school_stress,school,False,False,True,False
u_000290,school_stress,school,False,False,True,False
u_000291,motivation,self_improvement,False,False,False,False
u_000292,career,career,False,False,False,False
u_000293,general_checkin,reflection,False,False,False,False
u_000294,sleep,wellness,False,False,False,False
u_000295,sleep,wellness,False,False,False,False
u_000296,motivation,self_improvement,False,False,False,False
u_000297,motivation,self_improvement,False,False,False,False
u_000298,school_stress,school,False,False,True,False
u_000299,school_stress,school,False,False,True,False
u_000300,school_stress,school,False,False,True,False
u_000301,sleep,wellness,False,False,False,False
u_000302,sleep,wellness,False,False,False,False
u_000303,motivation,self_improvement,False,False,False,False
u_000304,family,relationships,False,True,False,False
u_000305,school_stress,school,False,False,True,False
u_000306,career,career,False,False,False,False
u_000307,career,career,False,False,False,False
u_000308,school_stress,school,False,False,True,False
u_000309,career,career,False,False,False,False
u_000310,motivation,self_improvement,False,False,False,False
u_000311,relationships,relationships,False,True,False,False
u_000312,family,relationships,False,True,False,False
u_000313,relationships,relationships,False,True,False,False
u_000314,loneliness,emotional_support,False,False,False,True
u_000315,motivation,self_improvement,False,False,False,False
u_000316,sleep,wellness,False,False,False,False
u_000317,loneliness,emotional_support,False,False,False,True
u_000318,career,career,False,False,False,False
u_000319,career,career,False,False,False,False
u_000320,general_checkin,reflection,False,False,False,False
u_000321,school_stress,school,False,False,True,False
u_000322,career,career,False,False,False,False
u_000323,relationships,relationships,False,True,False,False
u_000324,motivation,self_improvement,False,False,False,False
u_000325,motivation,self_improvement,False,False,False,False
u_000326,general_checkin,reflection,False,False,False,False
u_000327,motivation,self_improvement,False,False,False,False
u_000328,relationships,relationships,False,True,False,False
u_000329,loneliness,emotional_support,False,False,False,True
u_000330,loneliness,emotional_support,False,False,False,True
u_000331,motivation,self_improvement,False,False,False,False
u_000332,school_stress,school,False,False,True,False
u_000333,sleep,wellness,False,False,False,False
u_000334,career,career,False,False,False,False
u_000335,school_stress,school,False,False,True,False
u_000336,relationships,relationships,False,True,False,False
u_000337,relationships,relationships,False,True,False,False
u_000338,motivation,self_improvement,False,False,False,False
u_000339,school_stress,school,False,False,True,False
u_000340,school_stress,school,False,False,True,False
u_000341,relationships,relationships,False,True,False,False
u_000342,career,career,False,False,False,False
u_000343,school_stress,school,False,False,True,False
u_000344,relationships,relationships,False,True,False,False
u_000345,school_stress,school,False,False,True,False
u_000346,relationships,relationships,False,True,False,False
u_000347,relationships,relationships,False,True,False,False
u_000348,school_stress,school,False,False,True,False
u_000349,school_stress,school,False,False,True,False
u_000350,general_checkin,reflection,False,False,False,False
u_000351,loneliness,emotional_support,False,False,False,True
u_000352,general_checkin,reflection,False,False,False,False
u_000353,career,career,False,False,False,False
u_000354,sleep,wellness,False,False,False,False
u_000355,loneliness,emotional_support,False,False,False,True
u_000356,school_stress,school,False,False,True,False
u_000357,loneliness,emotional_support,False,False,False,True
u_000358,loneliness,emotional_support,False,False,False,True
u_000359,relationships,relationships,False,True,False,False
u_000360,relationships,relationships,False,True,False,False
u_000361,general_checkin,reflection,False,False,False,False
u_000362,school_stress,school,False,False,True,False
u_000363,loneliness,emotional_support,False,False,False,True
u_000364,relationships,relationships,False,True,False,False
u_000365,general_checkin,reflection,False,False,False,False
u_000366,relationships,relationships,False,True,False,False
u_000367,school_stress,school,False,False,True,False
u_000368,loneliness,emotional_support,False,False,False,True
u_000369,motivation,self_improvement,False,False,False,False
u_000370,loneliness,emotional_support,False,False,False,True
u_000371,motivation,self_improvement,False,False,False,False
u_000372,school_stress,school,False,False,True,False
u_000373,relationships,relationships,False,True,False,False
u_000374,motivation,self_improvement,False,False,False,False
u_000375,motivation,self_improvement,False,False,False,False
u_000376,sleep,wellness,False,False,False,False
u_000377,career,career,False,False,False,False
u_000378,general_checkin,reflection,False,False,False,False
u_000379,relationships,relationships,False,True,False,False
u_000380,school_stress,school,False,False,True,False
u_000381,motivation,self_improvement,False,False,False,False
u_000382,loneliness,emotional_support,False,False,False,True
u_000383,loneliness,emotional_support,False,False,False,True
u_000384,school_stress,school,False,False,True,False
u_000385,school_stress,school,False,False,True,False
u_000386,general_checkin,reflection,False,False,False,False
u_000387,loneliness,emotional_support,False,False,False,True
u_000388,school_stress,school,False,False,True,False
u_000389,loneliness,emotional_support,False,False,False,True
u_000390,loneliness,emotional_support,False,False,False,True
u_000391,relationships,relationships,False,True,False,False
u_000392,loneliness,emotional_support,False,False,False,True
u_000393,family,relationships,False,True,False,False
u_000394,motivation,self_improvement,False,False,False,False
u_000395,school_stress,school,False,False,True,False
u_000396,motivation,self_improvement,False,False,False,False
u_000397,career,career,False,False,False,False
u_000398,loneliness,emotional_support,False,False,False,True
u_000399,career,career,False,False,False,False
u_000400,motivation,self_improvement,False,False,False,False
u_000401,school_stress,school,False,False,True,False
u_000402,relationships,relationships,False,True,False,False
u_000403,family,relationships,False,True,False,False
u_000404,relationships,relationships,False,True,False,False
u_000405,school_stress,school,False,False,True,False
u_000406,motivation,self_improvement,False,False,False,False
u_000407,sleep,wellness,False,False,False,False
u_000408,motivation,self_improvement,False,False,False,False
u_000409,relationships,relationships,False,True,False,False
u_000410,general_checkin,reflection,False,False,False,False
u_000411,motivation,self_improvement,False,False,False,False
u_000412,school_stress,school,False,False,True,False
u_000413,school_stress,school,False,False,True,False
u_000414,general_checkin,reflection,False,False,False,False
u_000415,family,relationships,False,True,False,False
u_000416,sleep,wellness,False,False,False,False
u_000417,sleep,wellness,False,False,False,False
u_000418,relationships,relationships,False,True,False,False
u_000419,motivation,self_improvement,False,False,False,False
u_000420,motivation,self_improvement,False,False,False,False
u_000421,loneliness,emotional_support,True,False,False,True
u_000422,motivation,self_improvement,False,False,False,False
u_000423,motivation,self_improvement,False,False,False,False
u_000424,school_stress,school,False,False,True,False
u_000425,relationships,relationships,False,True,False,False
u_000426,motivation,self_improvement,False,False,False,False
u_000427,motivation,self_improvement,False,False,False,False
u_000428,school_stress,school,False,False,True,False
u_000429,school_stress,school,False,False,True,False
u_000430,school_stress,school,False,False,True,False
u_000431,career,career,False,False,False,False
u_000432,school_stress,school,False,False,True,False
u_000433,school_stress,school,False,False,True,False
u_000434,motivation,self_improvement,False,False,False,False
u_000435,motivation,self_improvement,False,False,False,False
u_000436,relationships,relationships,False,True,False,False
u_000437,school_stress,school,False,False,True,False
u_000438,school_stress,school,False,False,True,False
u_000439,school_stress,school,False,False,True,False
u_000440,loneliness,emotional_support,False,False,False,True
u_000441,career,career,False,False,False,False
u_000442,relationships,relationships,False,True,False,False
u_000443,general_checkin,reflection,False,False,False,False
u_000444,relationships,relationships,False,True,False,False
u_000445,school_stress,school,False,False,True,False
u_000446,loneliness,emotional_support,False,False,False,True
u_000447,motivation,self_improvement,False,False,False,False
u_000448,relationships,relationships,False,True,False,False
u_000449,general_checkin,reflection,False,False,False,False
u_000450,sleep,wellness,False,False,False,False
u_000451,relationships,relationships,False,True,False,False
u_000452,sleep,wellness,False,False,False,False
u_000453,relationships,relationships,False,True,False,False
u_000454,sleep,wellness,False,False,False,False
u_000455,career,career,False,False,False,False
u_000456,motivation,self_improvement,False,False,False,False
u_000457,general_checkin,reflection,False,False,False,False
u_000458,motivation,self_improvement,False,False,False,False
u_000459,sleep,wellness,False,False,False,False
u_000460,relationships,relationships,False,True,False,False
u_000461,career,career,False,False,False,False
u_000462,general_checkin,reflection,False,False,False,False
u_000463,school_stress,school,False,False,True,False
u_000464,loneliness,emotional_support,False,False,False,True
u_000465,career,career,False,False,False,False
u_000466,relationships,relationships,False,True,False,False
u_000467,relationships,relationships,False,True,False,False
u_000468,school_stress,school,False,False,True,False
u_000469,loneliness,emotional_support,False,False,False,True
u_000470,relationships,relationships,False,True,False,False
u_000471,school_stress,school,False,False,True,False
u_000472,general_checkin,reflection,False,False,False,False
u_000473,motivation,self_improvement,False,False,False,False
u_000474,relationships,relationships,False,True,False,False
u_000475,loneliness,emotional_support,False,False,False,True
u_000476,motivation,self_improvement,False,False,False,False
u_000477,general_checkin,reflection,False,False,False,False
u_000478,motivation,self_improvement,False,False,False,False
u_000479,career,career,False,False,False,False
u_000480,general_checkin,reflection,False,False,False,False
u_000481,relationships,relationships,False,True,False,False
u_000482,career,career,False,False,False,False
u_000483,career,career,False,False,False,False
u_000484,relationships,relationships,False,True,False,False
u_000485,relationships,relationships,False,True,False,False
u_000486,motivation,self_improvement,False,False,False,False
u_000487,school_stress,school,False,False,True,False
u_000488,relationships,relationships,False,True,False,False
u_000489,general_checkin,reflection,False,False,False,False
u_000490,relationships,relationships,False,True,False,False
u_000491,relationships,relationships,False,True,False,False
u_000492,school_stress,school,False,False,True,False
u_000493,loneliness,emotional_support,False,False,False,True
u_000494,sleep,wellness,False,False,False,False
u_000495,school_stress,school,False,False,True,False
u_000496,school_stress,school,False,False,True,False
u_000497,general_checkin,reflection,False,False,False,False
u_000498,general_checkin,reflection,False,False,False,False
u_000499,career,career,False,False,False,False
u_000500,career,career,False,False,False,False
u_000501,school_stress,school,False,False,True,False
u_000502,school_stress,school,False,False,True,False
u_000503,relationships,relationships,False,True,False,False
u_000504,motivation,self_improvement,False,False,False,False
u_000505,family,relationships,False,True,False,False
u_000506,loneliness,emotional_support,False,False,False,True
u_000507,career,career,False,False,False,False
u_000508,career,career,False,False,False,False
u_000509,general_checkin,reflection,False,False,False,False
u_000510,relationships,relationships,False,True,False,False
u_000511,motivation,self_improvement,False,False,False,False
u_000512,school_stress,school,False,False,True,False
u_000513,relationships,relationships,False,True,False,False
u_000514,loneliness,emotional_support,False,False,False,True
u_000515,relationships,relationships,False,True,False,False
u_000516,school_stress,school,False,False,True,False
u_000517,career,career,False,False,False,False
u_000518,school_stress,school,False,False,True,False
u_000519,school_stress,school,False,False,True,False
u_000520,school_stress,school,False,False,True,False
u_000521,school_stress,school,False,False,True,False
u_000522,career,career,False,False,False,False
u_000523,loneliness,emotional_support,False,False,False,True
u_000524,loneliness,emotional_support,False,False,False,True
u_000525,career,career,False,False,False,False
u_000526,school_stress,school,False,False,True,False
u_000527,family,relationships,False,True,False,False
u_000528,relationships,relationships,False,True,False,False
u_000529,relationships,relationships,False,True,False,False
u_000530,relationships,relationships,True,True,False,False
u_000531,school_stress,school,False,False,True,False
u_000532,general_checkin,reflection,False,False,False,False
u_000533,general_checkin,reflection,False,False,False,False
u_000534,loneliness,emotional_support,False,False,False,True
u_000535,relationships,relationships,False,True,False,False
u_000536,sleep,wellness,False,False,False,False
u_000537,family,relationships,False,True,False,False
u_000538,school_stress,school,False,False,True,False
u_000539,school_stress,school,False,False,True,False
u_000540,career,career,False,False,False,False
u_000541,general_checkin,reflection,False,False,False,False
u_000542,family,relationships,False,True,False,False
u_000543,school_stress,school,False,False,True,False
u_000544,career,career,False,False,False,False
u_000545,general_checkin,reflection,False,False,False,False
u_000546,relationships,relationships,False,True,False,False
u_000547,school_stress,school,False,False,True,False
u_000548,career,career,False,False,False,False
u_000549,school_stress,school,False,False,True,False
u_000550,relationships,relationships,False,True,False,False
u_000551,loneliness,emotional_support,False,False,False,True
u_000552,school_stress,school,False,False,True,False
u_000553,relationships,relationships,False,True,False,False
u_000554,relationships,relationships,False,True,False,False
u_000555,relationships,relationships,False,True,False,False
u_000556,relationships,relationships,False,True,False,False
u_000557,relationships,relationships,False,True,False,False
u_000558,relationships,relationships,False,True,False,False
u_000559,sleep,wellness,False,False,False,False
u_000560,general_checkin,reflection,False,False,False,False
u_000561,school_stress,school,False,False,True,False
u_000562,general_checkin,reflection,False,False,False,False
u_000563,general_checkin,reflection,False,False,False,False
u_000564,general_checkin,reflection,False,False,False,False
u_000565,career,career,False,False,False,False
u_000566,school_stress,school,False,False,True,False
u_000567,relationships,relationships,False,True,False,False
u_000568,motivation,self_improvement,False,False,False,False
u_000569,school_stress,school,False,False,True,False
u_000570,motivation,self_improvement,False,False,False,False
u_000571,family,relationships,False,True,False,False
u_000572,relationships,relationships,False,True,False,False
u_000573,loneliness,emotional_support,False,False,False,True
u_000574,sleep,wellness,False,False,False,False
u_000575,school_stress,school,False,False,True,False
u_000576,relationships,relationships,False,True,False,False
u_000577,relationships,relationships,False,True,False,False
u_000578,motivation,self_improvement,False,False,False,False
u_000579,school_stress,school,False,False,True,False
u_000580,loneliness,emotional_support,False,False,False,True
u_000581,school_stress,school,False,False,True,False
u_000582,general_checkin,reflection,False,False,False,False
u_000583,career,career,False,False,False,False
u_000584,family,relationships,False,True,False,False
u_000585,family,relationships,False,True,False,False
u_000586,loneliness,emotional_support,True,False,False,True
u_000587,general_checkin,reflection,False,False,False,False
u_000588,school_stress,school,False,False,True,False
u_000589,motivation,self_improvement,False,False,False,False
u_000590,career,career,False,False,False,False
u_000591,school_stress,school,False,False,True,False
u_000592,career,career,False,False,False,False
u_000593,school_stress,school,False,False,True,False
u_000594,motivation,self_improvement,False,False,False,False
u_000595,relationships,relationships,False,True,False,False
u_000596,relationships,relationships,False,True,False,False
u_000597,motivation,self_improvement,False,False,False,False
u_000598,school_stress,school,False,False,True,False
u_000599,relationships,relationships,False,True,False,False
u_000600,school_stress,school,False,False,True,False
u_000601,general_checkin,reflection,False,False,False,False
u_000602,family,relationships,False,True,False,False
u_000603,school_stress,school,False,False,True,False
u_000604,school_stress,school,False,False,True,False
u_000605,career,career,False,False,False,False
u_000606,family,relationships,False,True,False,False
u_000607,general_checkin,reflection,False,False,False,False
u_000608,career,career,False,False,False,False
u_000609,school_stress,school,False,False,True,False
u_000610,sleep,wellness,False,False,False,False
u_000611,relationships,relationships,False,True,False,False
u_000612,relationships,relationships,False,True,False,False
u_000613,school_stress,school,False,False,True,False
u_000614,loneliness,emotional_support,False,False,False,True
u_000615,relationships,relationships,False,True,False,False
u_000616,school_stress,school,False,False,True,False
u_000617,loneliness,emotional_support,False,False,False,True
u_000618,career,career,False,False,False,False
u_000619,family,relationships,False,True,False,False
u_000620,career,career,False,False,False,False
u_000621,sleep,wellness,False,False,False,False
u_000622,school_stress,school,False,False,True,False
u_000623,school_stress,school,False,False,True,False
u_000624,school_stress,school,False,False,True,False
u_000625,relationships,relationships,False,True,False,False
u_000626,relationships,relationships,False,True,False,False
u_000627,sleep,wellness,False,False,False,False
u_000628,relationships,relationships,False,True,False,False
u_000629,school_stress,school,False,False,True,False
u_000630,relationships,relationships,False,True,False,False
u_000631,loneliness,emotional_support,True,False,False,True
u_000632,general_checkin,reflection,False,False,False,False
u_000633,general_checkin,reflection,False,False,False,False
u_000634,relationships,relationships,False,True,False,False
u_000635,school_stress,school,False,False,True,False
u_000636,motivation,self_improvement,False,False,False,False
u_000637,school_stress,school,False,False,True,False
u_000638,loneliness,emotional_support,False,False,False,True
u_000639,motivation,self_improvement,False,False,False,False
u_000640,family,relationships,False,True,False,False
u_000641,sleep,wellness,False,False,False,False
u_000642,career,career,False,False,False,False
u_000643,career,career,False,False,False,False
u_000644,general_checkin,reflection,False,False,False,False
u_000645,motivation,self_improvement,False,False,False,False
u_000646,motivation,self_improvement,False,False,False,False
u_000647,relationships,relationships,False,True,False,False
u_000648,general_checkin,reflection,False,False,False,False
u_000649,family,relationships,False,True,False,False
u_000650,relationships,relationships,False,True,False,False
u_000651,motivation,self_improvement,False,False,False,False
u_000652,loneliness,emotional_support,False,False,False,True
u_000653,general_checkin,reflection,False,False,False,False
u_000654,motivation,self_improvement,False,False,False,False
u_000655,career,career,False,False,False,False
u_000656,general_checkin,reflection,False,False,False,False
u_000657,general_checkin,reflection,False,False,False,False
u_000658,school_stress,school,False,False,True,False
u_000659,motivation,self_improvement,False,False,False,False
u_000660,general_checkin,reflection,False,False,False,False
u_000661,sleep,wellness,False,False,False,False
u_000662,school_stress,school,False,False,True,False
u_000663,school_stress,school,False,False,True,False
u_000664,sleep,wellness,False,False,False,False
u_000665,career,career,False,False,False,False
u_000666,school_stress,school,False,False,True,False
u_000667,relationships,relationships,False,True,False,False
u_000668,general_checkin,reflection,False,False,False,False
u_000669,general_checkin,reflection,False,False,False,False
u_000670,school_stress,school,False,False,True,False
u_000671,relationships,relationships,False,True,False,False
u_000672,relationships,relationships,False,True,False,False
u_000673,general_checkin,reflection,False,False,False,False
u_000674,relationships,relationships,False,True,False,False
u_000675,motivation,self_improvement,False,False,False,False
u_000676,sleep,wellness,False,False,False,False
u_000677,school_stress,school,False,False,True,False
u_000678,school_stress,school,False,False,True,False
u_000679,loneliness,emotional_support,False,False,False,True
u_000680,relationships,relationships,False,True,False,False
u_000681,relationships,relationships,False,True,False,False
u_000682,sleep,wellness,False,False,False,False
u_000683,motivation,self_improvement,False,False,False,False
u_000684,career,career,False,False,False,False
u_000685,career,career,False,False,False,False
u_000686,motivation,self_improvement,False,False,False,False
u_000687,school_stress,school,False,False,True,False
u_000688,motivation,self_improvement,False,False,False,False
u_000689,relationships,relationships,False,True,False,False
u_000690,school_stress,school,False,False,True,False
u_000691,school_stress,school,False,False,True,False
u_000692,motivation,self_improvement,False,False,False,False
u_000693,motivation,self_improvement,False,False,False,False
u_000694,school_stress,school,False,False,True,False
u_000695,motivation,self_improvement,False,False,False,False
u_000696,relationships,relationships,False,True,False,False
u_000697,school_stress,school,False,False,True,False
u_000698,relationships,relationships,False,True,False,False
u_000699,loneliness,emotional_support,False,False,False,True
u_000700,career,career,False,False,False,False
u_000701,family,relationships,False,True,False,False
u_000702,school_stress,school,False,False,True,False
u_000703,relationships,relationships,False,True,False,False
u_000704,sleep,wellness,False,False,False,False
u_000705,motivation,self_improvement,False,False,False,False
u_000706,school_stress,school,False,False,True,False
u_000707,loneliness,emotional_support,False,False,False,True
u_000708,career,career,False,False,False,False
u_000709,relationships,relationships,False,True,False,False
u_000710,school_stress,school,False,False,True,False
u_000711,motivation,self_improvement,False,False,False,False
u_000712,relationships,relationships,False,True,False,False
u_000713,general_checkin,reflection,False,False,False,False
u_000714,career,career,False,False,False,False
u_000715,relationships,relationships,False,True,False,False
u_000716,general_checkin,reflection,False,False,False,False
u_000717,career,career,False,False,False,False
u_000718,career,career,False,False,False,False
u_000719,school_stress,school,False,False,True,False
u_000720,relationships,relationships,False,True,False,False
u_000721,school_stress,school,False,False,True,False
u_000722,relationships,relationships,False,True,False,False
u_000723,sleep,wellness,False,False,False,False
u_000724,career,career,False,False,False,False
u_000725,career,career,False,False,False,False
u_000726,sleep,wellness,False,False,False,False
u_000727,general_checkin,reflection,False,False,False,False
u_000728,general_checkin,reflection,False,False,False,False
u_000729,relationships,relationships,False,True,False,False
u_000730,career,career,False,False,False,False
u_000731,general_checkin,reflection,False,False,False,False
u_000732,career,career,False,False,False,False
u_000733,motivation,self_improvement,False,False,False,False
u_000734,career,career,False,False,False,False
u_000735,school_stress,school,False,False,True,False
u_000736,loneliness,emotional_support,False,False,False,True
u_000737,loneliness,emotional_support,False,False,False,True
u_000738,school_stress,school,False,False,True,False
u_000739,motivation,self_improvement,False,False,False,False
u_000740,relationships,relationships,False,True,False,False
u_000741,career,career,False,False,False,False
u_000742,general_checkin,reflection,False,False,False,False
u_000743,loneliness,emotional_support,False,False,False,True
u_000744,school_stress,school,False,False,True,False
u_000745,career,career,False,False,False,False
u_000746,motivation,self_improvement,False,False,False,False
u_000747,loneliness,emotional_support,False,False,False,True
u_000748,relationships,relationships,False,True,False,False
u_000749,sleep,wellness,False,False,False,False
u_000750,school_stress,school,False,False,True,False
u_000751,career,career,False,False,False,False
u_000752,relationships,relationships,False,True,False,False
u_000753,school_stress,school,False,False,True,False
u_000754,school_stress,school,True,False,True,False
u_000755,career,career,False,False,False,False
u_000756,general_checkin,reflection,False,False,False,False
u_000757,school_stress,school,False,False,True,False
u_000758,family,relationships,False,True,False,False
u_000759,career,career,False,False,False,False
u_000760,relationships,relationships,False,True,False,False
u_000761,family,relationships,False,True,False,False
u_000762,relationships,relationships,False,True,False,False
u_000763,school_stress,school,False,False,True,False
u_000764,relationships,relationships,False,True,False,False
u_000765,loneliness,emotional_support,False,False,False,True
u_000766,loneliness,emotional_support,False,False,False,True
u_000767,motivation,self_improvement,False,False,False,False
u_000768,loneliness,emotional_support,False,False,False,True
u_000769,general_checkin,reflection,False,False,False,False
u_000770,relationships,relationships,False,True,False,False
u_000771,school_stress,school,False,False,True,False
u_000772,motivation,self_improvement,False,False,False,False
u_000773,loneliness,emotional_support,False,False,False,True
u_000774,general_checkin,reflection,False,False,False,False
u_000775,relationships,relationships,False,True,False,False
u_000776,career,career,False,False,False,False
u_000777,career,career,False,False,False,False
u_000778,family,relationships,False,True,False,False
u_000779,motivation,self_improvement,False,False,False,False
u_000780,school_stress,school,False,False,True,False
u_000781,loneliness,emotional_support,False,False,False,True
u_000782,career,career,False,False,False,False
u_000783,career,career,False,False,False,False
u_000784,general_checkin,reflection,False,False,False,False
u_000785,school_stress,school,True,False,True,False
u_000786,motivation,self_improvement,False,False,False,False
u_000787,loneliness,emotional_support,False,False,False,True
u_000788,school_stress,school,False,False,True,False
u_000789,school_stress,school,False,False,True,False
u_000790,career,career,False,False,False,False
u_000791,motivation,self_improvement,False,False,False,False
u_000792,motivation,self_improvement,False,False,False,False
u_000793,career,career,False,False,False,False
u_000794,general_checkin,reflection,False,False,False,False
u_000795,school_stress,school,False,False,True,False
u_000796,relationships,relationships,False,True,False,False
u_000797,career,career,False,False,False,False
u_000798,motivation,self_improvement,False,False,False,False
u_000799,general_checkin,reflection,False,False,False,False
u_000800,motivation,self_improvement,False,False,False,False
u_000801,relationships,relationships,False,True,False,False
u_000802,loneliness,emotional_support,True,False,False,True
u_000803,loneliness,emotional_support,False,False,False,True
u_000804,motivation,self_improvement,False,False,False,False
u_000805,loneliness,emotional_support,False,False,False,True
u_000806,relationships,relationships,False,True,False,False
u_000807,school_stress,school,False,False,True,False
u_000808,family,relationships,False,True,False,False
u_000809,general_checkin,reflection,False,False,False,False
u_000810,motivation,self_improvement,False,False,False,False
u_000811,loneliness,emotional_support,False,False,False,True
u_000812,family,relationships,False,True,False,False
u_000813,sleep,wellness,False,False,False,False
u_000814,relationships,relationships,False,True,False,False
u_000815,general_checkin,reflection,False,False,False,False
u_000816,family,relationships,False,True,False,False
u_000817,general_checkin,reflection,False,False,False,False
u_000818,relationships,relationships,False,True,False,False
u_000819,motivation,self_improvement,False,False,False,False
u_000820,motivation,self_improvement,False,False,False,False
u_000821,loneliness,emotional_support,False,False,False,True
u_000822,loneliness,emotional_support,False,False,False,True
u_000823,relationships,relationships,False,True,False,False
u_000824,relationships,relationships,False,True,False,False
u_000825,sleep,wellness,False,False,False,False
u_000826,school_stress,school,False,False,True,False
u_000827,general_checkin,reflection,False,False,False,False
u_000828,relationships,relationships,False,True,False,False
u_000829,general_checkin,reflection,False,False,False,False
u_000830,relationships,relationships,False,True,False,False
u_000831,relationships,relationships,False,True,False,False
u_000832,sleep,wellness,False,False,False,False
u_000833,sleep,wellness,False,False,False,False
u_000834,motivation,self_improvement,False,False,False,False
u_000835,school_stress,school,False,False,True,False
u_000836,sleep,wellness,False,False,False,False
u_000837,motivation,self_improvement,False,False,False,False
u_000838,sleep,wellness,False,False,False,False
u_000839,relationships,relationships,False,True,False,False
u_000840,motivation,self_improvement,False,False,False,False
u_000841,relationships,relationships,False,True,False,False
u_000842,career,career,False,False,False,False
u_000843,school_stress,school,False,False,True,False
u_000844,school_stress,school,False,False,True,False
u_000845,career,career,False,False,False,False
u_000846,career,career,False,False,False,False
u_000847,general_checkin,reflection,False,False,False,False
u_000848,career,career,False,False,False,False
u_000849,relationships,relationships,False,True,False,False
u_000850,sleep,wellness,False,False,False,False
u_000851,career,career,False,False,False,False
u_000852,career,career,False,False,False,False
u_000853,loneliness,emotional_support,False,False,False,True
u_000854,motivation,self_improvement,False,False,False,False
u_000855,general_checkin,reflection,False,False,False,False
u_000856,loneliness,emotional_support,False,False,False,True
u_000857,relationships,relationships,False,True,False,False
u_000858,relationships,relationships,False,True,False,False
u_000859,career,career,False,False,False,False
u_000860,school_stress,school,False,False,True,False
u_000861,relationships,relationships,False,True,False,False
u_000862,loneliness,emotional_support,False,False,False,True
u_000863,relationships,relationships,False,True,False,False
u_000864,relationships,relationships,False,True,False,False
u_000865,motivation,self_improvement,False,False,False,False
u_000866,school_stress,school,False,False,True,False
u_000867,loneliness,emotional_support,False,False,False,True
u_000868,career,career,False,False,False,False
u_000869,family,relationships,False,True,False,False
u_000870,relationships,relationships,False,True,False,False
u_000871,relationships,relationships,False,True,False,False
u_000872,family,relationships,False,True,False,False
u_000873,relationships,relationships,False,True,False,False
u_000874,career,career,False,False,False,False
u_000875,school_stress,school,False,False,True,False
u_000876,school_stress,school,False,False,True,False
u_000877,relationships,relationships,False,True,False,False
u_000878,motivation,self_improvement,False,False,False,False
u_000879,general_checkin,reflection,False,False,False,False
u_000880,school_stress,school,False,False,True,False
u_000881,school_stress,school,False,False,True,False
u_000882,relationships,relationships,False,True,False,False
u_000883,school_stress,school,False,False,True,False
u_000884,school_stress,school,False,False,True,False
u_000885,sleep,wellness,False,False,False,False
u_000886,motivation,self_improvement,False,False,False,False
u_000887,family,relationships,False,True,False,False
u_000888,sleep,wellness,False,False,False,False
u_000889,motivation,self_improvement,False,False,False,False
u_000890,relationships,relationships,False,True,False,False
u_000891,loneliness,emotional_support,False,False,False,True
u_000892,school_stress,school,False,False,True,False
u_000893,family,relationships,False,True,False,False
u_000894,general_checkin,reflection,False,False,False,False
u_000895,school_stress,school,False,False,True,False
u_000896,school_stress,school,False,False,True,False
u_000897,relationships,relationships,False,True,False,False
u_000898,motivation,self_improvement,False,False,False,False
u_000899,relationships,relationships,False,True,False,False
u_000900,relationships,relationships,False,True,False,False
u_000901,sleep,wellness,True,False,False,False
u_000902,school_stress,school,False,False,True,False
u_000903,career,career,False,False,False,False
u_000904,relationships,relationships,False,True,False,False
u_000905,school_stress,school,False,False,True,False
u_000906,relationships,relationships,False,True,False,False
u_000907,sleep,wellness,False,False,False,False
u_000908,motivation,self_improvement,False,False,False,False
u_000909,relationships,relationships,False,True,False,False
u_000910,relationships,relationships,False,True,False,False
u_000911,school_stress,school,False,False,True,False
u_000912,school_stress,school,False,False,True,False
u_000913,motivation,self_improvement,False,False,False,False
u_000914,school_stress,school,False,False,True,False
u_000915,general_checkin,reflection,False,False,False,False
u_000916,school_stress,school,False,False,True,False
u_000917,relationships,relationships,False,True,False,False
u_000918,motivation,self_improvement,False,False,False,False
u_000919,career,career,False,False,False,False
u_000920,general_checkin,reflection,False,False,False,False
u_000921,motivation,self_improvement,False,False,False,False
u_000922,school_stress,school,False,False,True,False
u_000923,loneliness,emotional_support,False,False,False,True
u_000924,relationships,relationships,False,True,False,False
u_000925,family,relationships,False,True,False,False
u_000926,school_stress,school,False,False,True,False
u_000927,school_stress,school,False,False,True,False
u_000928,loneliness,emotional_support,False,False,False,True
u_000929,sleep,wellness,False,False,False,False
u_000930,family,relationships,False,True,False,False
u_000931,family,relationships,False,True,False,False
u_000932,general_checkin,reflection,False,False,False,False
u_000933,relationships,relationships,False,True,False,False
u_000934,motivation,self_improvement,False,False,False,False
u_000935,relationships,relationships,False,True,False,False
u_000936,family,relationships,True,True,False,False
u_000937,sleep,wellness,False,False,False,False
u_000938,sleep,wellness,False,False,False,False
u_000939,loneliness,emotional_support,False,False,False,True
u_000940,motivation,self_improvement,False,False,False,False
u_000941,school_stress,school,False,False,True,False
u_000942,career,career,False,False,False,False
u_000943,general_checkin,reflection,False,False,False,False
u_000944,general_checkin,reflection,False,False,False,False
u_000945,general_checkin,reflection,False,False,False,False
u_000946,school_stress,school,False,False,True,False
u_000947,general_checkin,reflection,False,False,False,False
u_000948,loneliness,emotional_support,False,False,False,True
u_000949,career,career,False,False,False,False
u_000950,family,relationships,False,True,False,False
u_000951,general_checkin,reflection,False,False,False,False
u_000952,family,relationships,False,True,False,False
u_000953,sleep,wellness,False,False,False,False
u_000954,general_checkin,reflection,False,False,False,False
u_000955,school_stress,school,False,False,True,False
u_000956,general_checkin,reflection,False,False,False,False
u_000957,loneliness,emotional_support,False,False,False,True
u_000958,relationships,relationships,False,True,False,False
u_000959,motivation,self_improvement,False,False,False,False
u_000960,relationships,relationships,False,True,False,False
u_000961,family,relationships,False,True,False,False
u_000962,sleep,wellness,False,False,False,False
u_000963,school_stress,school,False,False,True,False
u_000964,school_stress,school,False,False,True,False
u_000965,school_stress,school,False,False,True,False
u_000966,motivation,self_improvement,False,False,False,False
u_000967,sleep,wellness,False,False,False,False
u_000968,family,relationships,False,True,False,False
u_000969,relationships,relationships,False,True,False,False
u_000970,general_checkin,reflection,False,False,False,False
u_000971,school_stress,school,False,False,True,False
u_000972,motivation,self_improvement,False,False,False,False
u_000973,general_checkin,reflection,False,False,False,False
u_000974,motivation,self_improvement,False,False,False,False
u_000975,motivation,self_improvement,False,False,False,False
u_000976,relationships,relationships,False,True,False,False
u_000977,loneliness,emotional_support,False,False,False,True
u_000978,general_checkin,reflection,False,False,False,False
u_000979,relationships,relationships,False,True,False,False
u_000980,school_stress,school,False,False,True,False
u_000981,loneliness,emotional_support,False,False,False,True
u_000982,sleep,wellness,False,False,False,False
u_000983,family,relationships,False,True,False,False
u_000984,motivation,self_improvement,False,False,False,False
u_000985,motivation,self_improvement,False,False,False,False
u_000986,sleep,wellness,False,False,False,False
u_000987,motivation,self_improvement,False,False,False,False
u_000988,family,relationships,False,True,False,False
u_000989,family,relationships,False,True,False,False
u_000990,school_stress,school,False,False,True,False
u_000991,sleep,wellness,False,False,False,False
u_000992,loneliness,emotional_support,False,False,False,True
u_000993,career,career,False,False,False,False
u_000994,motivation,self_improvement,False,False,False,False
u_000995,relationships,relationships,False,True,False,False
u_000996,general_checkin,reflection,False,False,False,False
u_000997,school_stress,school,False,False,True,False
u_000998,career,career,False,False,False,False
u_000999,family,relationships,False,True,False,False
u_001000,school_stress,school,False,False,True,False
u_001001,school_stress,school,False,False,True,False
u_001002,loneliness,emotional_support,False,False,False,True
u_001003,career,career,False,False,False,False
u_001004,school_stress,school,False,False,True,False
u_001005,career,career,False,False,False,False
u_001006,motivation,self_improvement,False,False,False,False
u_001007,general_checkin,reflection,False,False,False,False
u_001008,loneliness,emotional_support,False,False,False,True
u_001009,motivation,self_improvement,False,False,False,False
u_001010,relationships,relationships,False,True,False,False
u_001011,school_stress,school,False,False,True,False
u_001012,sleep,wellness,True,False,False,False
u_001013,loneliness,emotional_support,False,False,False,True
u_001014,loneliness,emotional_support,False,False,False,True
u_001015,relationships,relationships,False,True,False,False
u_001016,sleep,wellness,False,False,False,False
u_001017,school_stress,school,False,False,True,False
u_001018,general_checkin,reflection,False,False,False,False
u_001019,motivation,self_improvement,False,False,False,False
u_001020,general_checkin,reflection,False,False,False,False
u_001021,general_checkin,reflection,False,False,False,False
u_001022,school_stress,school,False,False,True,False
u_001023,loneliness,emotional_support,False,False,False,True
u_001024,motivation,self_improvement,False,False,False,False
u_001025,career,career,False,False,False,False
u_001026,motivation,self_improvement,False,False,False,False
u_001027,career,career,False,False,False,False
u_001028,school_stress,school,False,False,True,False
u_001029,sleep,wellness,False,False,False,False
u_001030,school_stress,school,False,False,True,False
u_001031,school_stress,school,False,False,True,False
u_001032,loneliness,emotional_support,True,False,False,True
u_001033,motivation,self_improvement,False,False,False,False
u_001034,relationships,relationships,False,True,False,False
u_001035,motivation,self_improvement,False,False,False,False
u_001036,school_stress,school,False,False,True,False
u_001037,career,career,False,False,False,False
u_001038,motivation,self_improvement,False,False,False,False
u_001039,school_stress,school,False,False,True,False
u_001040,sleep,wellness,False,False,False,False
u_001041,loneliness,emotional_support,False,False,False,True
u_001042,relationships,relationships,False,True,False,False
u_001043,career,career,False,False,False,False
u_001044,motivation,self_improvement,False,False,False,False
u_001045,general_checkin,reflection,False,False,False,False
u_001046,relationships,relationships,False,True,False,False
u_001047,relationships,relationships,False,True,False,False
u_001048,school_stress,school,False,False,True,False
u_001049,sleep,wellness,False,False,False,False
u_001050,motivation,self_improvement,False,False,False,False
u_001051,motivation,self_improvement,False,False,False,False
u_001052,motivation,self_improvement,False,False,False,False
u_001053,career,career,False,False,False,False
u_001054,school_stress,school,False,False,True,False
u_001055,career,career,False,False,False,False
u_001056,school_stress,school,False,False,True,False
u_001057,relationships,relationships,False,True,False,False
u_001058,relationships,relationships,False,True,False,False
u_001059,general_checkin,reflection,False,False,False,False
u_001060,motivation,self_improvement,False,False,False,False
u_001061,relationships,relationships,False,True,False,False
u_001062,loneliness,emotional_support,False,False,False,True
u_001063,loneliness,emotional_support,False,False,False,True
u_001064,school_stress,school,False,False,True,False
u_001065,school_stress,school,False,False,True,False
u_001066,motivation,self_improvement,False,False,False,False
u_001067,loneliness,emotional_support,False,False,False,True
u_001068,career,career,False,False,False,False
u_001069,career,career,False,False,False,False
u_001070,relationships,relationships,False,True,False,False
u_001071,career,career,False,False,False,False
u_001072,relationships,relationships,False,True,False,False
u_001073,school_stress,school,False,False,True,False
u_001074,motivation,self_improvement,False,False,False,False
u_001075,school_stress,school,False,False,True,False
u_001076,general_checkin,reflection,False,False,False,False
u_001077,family,relationships,False,True,False,False
u_001078,sleep,wellness,False,False,False,False
u_001079,relationships,relationships,False,True,False,False
u_001080,loneliness,emotional_support,False,False,False,True
u_001081,loneliness,emotional_support,False,False,False,True
u_001082,career,career,False,False,False,False
u_001083,school_stress,school,False,False,True,False
u_001084,relationships,relationships,False,True,False,False
u_001085,motivation,self_improvement,False,False,False,False
u_001086,motivation,self_improvement,False,False,False,False
u_001087,family,relationships,False,True,False,False
u_001088,career,career,False,False,False,False
u_001089,school_stress,school,False,False,True,False
u_001090,school_stress,school,False,False,True,False
u_001091,sleep,wellness,False,False,False,False
u_001092,relationships,relationships,False,True,False,False
u_001093,sleep,wellness,False,False,False,False
u_001094,relationships,relationships,False,True,False,False
u_001095,general_checkin,reflection,False,False,False,False
u_001096,family,relationships,False,True,False,False
u_001097,loneliness,emotional_support,False,False,False,True
u_001098,career,career,False,False,False,False
u_001099,motivation,self_improvement,False,False,False,False
u_001100,school_stress,school,False,False,True,False
u_001101,relationships,relationships,False,True,False,False
u_001102,motivation,self_improvement,False,False,False,False
u_001103,general_checkin,reflection,False,False,False,False
u_001104,loneliness,emotional_support,False,False,False,True
u_001105,school_stress,school,False,False,True,False
u_001106,motivation,self_improvement,False,False,False,False
u_001107,school_stress,school,False,False,True,False
u_001108,school_stress,school,False,False,True,False
u_001109,motivation,self_improvement,False,False,False,False
u_001110,loneliness,emotional_support,False,False,False,True
u_001111,relationships,relationships,False,True,False,False
u_001112,loneliness,emotional_support,False,False,False,True
u_001113,general_checkin,reflection,False,False,False,False
u_001114,sleep,wellness,False,False,False,False
u_001115,school_stress,school,False,False,True,False
u_001116,loneliness,emotional_support,False,False,False,True
u_001117,loneliness,emotional_support,False,False,False,True
u_001118,loneliness,emotional_support,False,False,False,True
u_001119,relationships,relationships,False,True,False,False
u_001120,motivation,self_improvement,False,False,False,False
u_001121,school_stress,school,False,False,True,False
u_001122,career,career,False,False,False,False
u_001123,career,career,True,False,False,False
u_001124,school_stress,school,False,False,True,False
u_001125,loneliness,emotional_support,False,False,False,True
u_001126,school_stress,school,False,False,True,False
u_001127,relationships,relationships,False,True,False,False
u_001128,relationships,relationships,False,True,False,False
u_001129,family,relationships,False,True,False,False
u_001130,loneliness,emotional_support,False,False,False,True
u_001131,sleep,wellness,False,False,False,False
u_001132,family,relationships,False,True,False,False
u_001133,relationships,relationships,False,True,False,False
u_001134,sleep,wellness,False,False,False,False
u_001135,relationships,relationships,False,True,False,False
u_001136,general_checkin,reflection,False,False,False,False
u_001137,relationships,relationships,False,True,False,False
u_001138,career,career,True,False,False,False
u_001139,sleep,wellness,False,False,False,False
u_001140,motivation,self_improvement,False,False,False,False
u_001141,relationships,relationships,False,True,False,False
u_001142,school_stress,school,False,False,True,False
u_001143,sleep,wellness,False,False,False,False
u_001144,relationships,relationships,False,True,False,False
u_001145,relationships,relationships,False,True,False,False
u_001146,general_checkin,reflection,False,False,False,False
u_001147,family,relationships,False,True,False,False
u_001148,family,relationships,False,True,False,False
u_001149,general_checkin,reflection,False,False,False,False
u_001150,relationships,relationships,False,True,False,False
u_001151,general_checkin,reflection,False,False,False,False
u_001152,loneliness,emotional_support,False,False,False,True
u_001153,loneliness,emotional_support,False,False,False,True
u_001154,general_checkin,reflection,False,False,False,False
u_001155,career,career,False,False,False,False
u_001156,relationships,relationships,False,True,False,False
u_001157,motivation,self_improvement,False,False,False,False
u_001158,family,relationships,False,True,False,False
u_001159,school_stress,school,False,False,True,False
u_001160,loneliness,emotional_support,False,False,False,True
u_001161,career,career,False,False,False,False
u_001162,school_stress,school,False,False,True,False
u_001163,family,relationships,False,True,False,False
u_001164,motivation,self_improvement,False,False,False,False
u_001165,loneliness,emotional_support,False,False,False,True
u_001166,career,career,False,False,False,False
u_001167,relationships,relationships,False,True,False,False
u_001168,relationships,relationships,False,True,False,False
u_001169,relationships,relationships,False,True,False,False
u_001170,loneliness,emotional_support,False,False,False,True
u_001171,school_stress,school,False,False,True,False
u_001172,career,career,False,False,False,False
u_001173,motivation,self_improvement,False,False,False,False
u_001174,loneliness,emotional_support,False,False,False,True
u_001175,school_stress,school,False,False,True,False
u_001176,loneliness,emotional_support,False,False,False,True
u_001177,relationships,relationships,False,True,False,False
u_001178,career,career,False,False,False,False
u_001179,school_stress,school,False,False,True,False
u_001180,motivation,self_improvement,False,False,False,False
u_001181,motivation,self_improvement,False,False,False,False
u_001182,sleep,wellness,False,False,False,False
u_001183,loneliness,emotional_support,True,False,False,True
u_001184,loneliness,emotional_support,False,False,False,True
u_001185,career,career,False,False,False,False
u_001186,career,career,False,False,False,False
u_001187,relationships,relationships,False,True,False,False
u_001188,relationships,relationships,False,True,False,False
u_001189,motivation,self_improvement,False,False,False,False
u_001190,school_stress,school,False,False,True,False
u_001191,sleep,wellness,False,False,False,False
u_001192,motivation,self_improvement,False,False,False,False
u_001193,school_stress,school,False,False,True,False
u_001194,relationships,relationships,False,True,False,False
u_001195,school_stress,school,False,False,True,False
u_001196,loneliness,emotional_support,False,False,False,True
u_001197,loneliness,emotional_support,False,False,False,True
u_001198,general_checkin,reflection,False,False,False,False
u_001199,general_checkin,reflection,False,False,False,False
u_001200,family,relationships,False,True,False,False
u_001201,general_checkin,reflection,False,False,False,False
u_001202,family,relationships,False,True,False,False
u_001203,sleep,wellness,False,False,False,False
u_001204,relationships,relationships,False,True,False,False
u_001205,school_stress,school,False,False,True,False
u_001206,relationships,relationships,False,True,False,False
u_001207,general_checkin,reflection,False,False,False,False
u_001208,sleep,wellness,False,False,False,False
u_001209,motivation,self_improvement,False,False,False,False
u_001210,school_stress,school,False,False,True,False
u_001211,sleep,wellness,False,False,False,False
u_001212,general_checkin,reflection,False,False,False,False
u_001213,school_stress,school,False,False,True,False
u_001214,school_stress,school,False,False,True,False
u_001215,sleep,wellness,False,False,False,False
u_001216,career,career,True,False,False,False
u_001217,general_checkin,reflection,False,False,False,False
u_001218,school_stress,school,False,False,True,False
u_001219,school_stress,school,False,False,True,False
u_001220,sleep,wellness,False,False,False,False
u_001221,family,relationships,False,True,False,False
u_001222,relationships,relationships,False,True,False,False
u_001223,school_stress,school,False,False,True,False
u_001224,loneliness,emotional_support,True,False,False,True
u_001225,sleep,wellness,False,False,False,False
u_001226,motivation,self_improvement,False,False,False,False
u_001227,school_stress,school,False,False,True,False
u_001228,school_stress,school,False,False,True,False
u_001229,motivation,self_improvement,False,False,False,False
u_001230,school_stress,school,False,False,True,False
u_001231,motivation,self_improvement,False,False,False,False
u_001232,loneliness,emotional_support,False,False,False,True
u_001233,school_stress,school,False,False,True,False
u_001234,general_checkin,reflection,False,False,False,False
u_001235,relationships,relationships,False,True,False,False
u_001236,sleep,wellness,False,False,False,False
u_001237,school_stress,school,False,False,True,False
u_001238,relationships,relationships,False,True,False,False
u_001239,general_checkin,reflection,False,False,False,False
u_001240,sleep,wellness,False,False,False,False
u_001241,motivation,self_improvement,False,False,False,False
u_001242,school_stress,school,False,False,True,False
u_001243,career,career,False,False,False,False
u_001244,loneliness,emotional_support,False,False,False,True
u_001245,school_stress,school,False,False,True,False
u_001246,family,relationships,True,True,False,False
u_001247,general_checkin,reflection,False,False,False,False
u_001248,relationships,relationships,False,True,False,False
u_001249,relationships,relationships,False,True,False,False
u_001250,career,career,False,False,False,False
u_001251,relationships,relationships,False,True,False,False
u_001252,relationships,relationships,False,True,False,False
u_001253,relationships,relationships,False,True,False,False
u_001254,motivation,self_improvement,False,False,False,False
u_001255,sleep,wellness,False,False,False,False
u_001256,general_checkin,reflection,False,False,False,False
u_001257,relationships,relationships,False,True,False,False
u_001258,sleep,wellness,False,False,False,False
u_001259,loneliness,emotional_support,False,False,False,True
u_001260,motivation,self_improvement,False,False,False,False
u_001261,relationships,relationships,False,True,False,False
u_001262,motivation,self_improvement,False,False,False,False
u_001263,motivation,self_improvement,False,False,False,False
u_001264,school_stress,school,False,False,True,False
u_001265,general_checkin,reflection,False,False,False,False
u_001266,loneliness,emotional_support,False,False,False,True
u_001267,motivation,self_improvement,False,False,False,False
u_001268,relationships,relationships,False,True,False,False
u_001269,school_stress,school,False,False,True,False
u_001270,school_stress,school,False,False,True,False
u_001271,relationships,relationships,False,True,False,False
u_001272,relationships,relationships,False,True,False,False
u_001273,relationships,relationships,False,True,False,False
u_001274,relationships,relationships,False,True,False,False
u_001275,general_checkin,reflection,False,False,False,False
u_001276,school_stress,school,False,False,True,False
u_001277,school_stress,school,False,False,True,False
u_001278,loneliness,emotional_support,False,False,False,True
u_001279,relationships,relationships,False,True,False,False
u_001280,loneliness,emotional_support,False,False,False,True
u_001281,school_stress,school,False,False,True,False
u_001282,relationships,relationships,False,True,False,False
u_001283,school_stress,school,False,False,True,False
u_001284,career,career,False,False,False,False
u_001285,school_stress,school,False,False,True,False
u_001286,motivation,self_improvement,False,False,False,False
u_001287,career,career,False,False,False,False
u_001288,career,career,False,False,False,False
u_001289,career,career,False,False,False,False
u_001290,relationships,relationships,False,True,False,False
u_001291,career,career,False,False,False,False
u_001292,relationships,relationships,False,True,False,False
u_001293,relationships,relationships,False,True,False,False
u_001294,general_checkin,reflection,False,False,False,False
u_001295,motivation,self_improvement,False,False,False,False
u_001296,general_checkin,reflection,False,False,False,False
u_001297,motivation,self_improvement,False,False,False,False
u_001298,motivation,self_improvement,False,False,False,False
u_001299,general_checkin,reflection,False,False,False,False
u_001300,school_stress,school,False,False,True,False
u_001301,loneliness,emotional_support,False,False,False,True
u_001302,motivation,self_improvement,False,False,False,False
u_001303,loneliness,emotional_support,False,False,False,True
u_001304,sleep,wellness,False,False,False,False
u_001305,school_stress,school,False,False,True,False
u_001306,motivation,self_improvement,False,False,False,False
u_001307,motivation,self_improvement,False,False,False,False
u_001308,school_stress,school,False,False,True,False
u_001309,motivation,self_improvement,False,False,False,False
u_001310,relationships,relationships,False,True,False,False
u_001311,general_checkin,reflection,False,False,False,False
u_001312,motivation,self_improvement,False,False,False,False
u_001313,general_checkin,reflection,False,False,False,False
u_001314,motivation,self_improvement,False,False,False,False
u_001315,relationships,relationships,True,True,False,False
u_001316,loneliness,emotional_support,False,False,False,True
u_001317,family,relationships,False,True,False,False
u_001318,relationships,relationships,False,True,False,False
u_001319,school_stress,school,False,False,True,False
u_001320,family,relationships,False,True,False,False
u_001321,sleep,wellness,False,False,False,False
u_001322,relationships,relationships,False,True,False,False
u_001323,career,career,False,False,False,False
u_001324,school_stress,school,False,False,True,False
u_001325,school_stress,school,False,False,True,False
u_001326,family,relationships,False,True,False,False
u_001327,sleep,wellness,False,False,False,False
u_001328,relationships,relationships,False,True,False,False
u_001329,sleep,wellness,False,False,False,False
u_001330,relationships,relationships,False,True,False,False
u_001331,school_stress,school,False,False,True,False
u_001332,loneliness,emotional_support,False,False,False,True
u_001333,sleep,wellness,False,False,False,False
u_001334,school_stress,school,False,False,True,False
u_001335,school_stress,school,False,False,True,False
u_001336,relationships,relationships,False,True,False,False
u_001337,school_stress,school,False,False,True,False
u_001338,school_stress,school,False,False,True,False
u_001339,sleep,wellness,False,False,False,False
u_001340,relationships,relationships,False,True,False,False
u_001341,loneliness,emotional_support,False,False,False,True
u_001342,sleep,wellness,False,False,False,False
u_001343,motivation,self_improvement,False,False,False,False
u_001344,school_stress,school,False,False,True,False
u_001345,sleep,wellness,False,False,False,False
u_001346,school_stress,school,False,False,True,False
u_001347,loneliness,emotional_support,False,False,False,True
u_001348,career,career,False,False,False,False
u_001349,school_stress,school,False,False,True,False
u_001350,motivation,self_improvement,False,False,False,False
u_001351,school_stress,school,False,False,True,False
u_001352,loneliness,emotional_support,False,False,False,True
u_001353,school_stress,school,False,False,True,False
u_001354,motivation,self_improvement,False,False,False,False
u_001355,school_stress,school,False,False,True,False
u_001356,school_stress,school,False,False,True,False
u_001357,motivation,self_improvement,False,False,False,False
u_001358,motivation,self_improvement,False,False,False,False
u_001359,relationships,relationships,False,True,False,False
u_001360,loneliness,emotional_support,False,False,False,True
u_001361,career,career,False,False,False,False
u_001362,school_stress,school,False,False,True,False
u_001363,school_stress,school,False,False,True,False
u_001364,motivation,self_improvement,False,False,False,False
u_001365,motivation,self_improvement,False,False,False,False
u_001366,career,career,False,False,False,False
u_001367,school_stress,school,False,False,True,False
u_001368,relationships,relationships,False,True,False,False
u_001369,school_stress,school,False,False,True,False
u_001370,relationships,relationships,False,True,False,False
u_001371,relationships,relationships,False,True,False,False
u_001372,family,relationships,False,True,False,False
u_001373,school_stress,school,False,False,True,False
u_001374,school_stress,school,False,False,True,False
u_001375,motivation,self_improvement,False,False,False,False
u_001376,motivation,self_improvement,False,False,False,False
u_001377,school_stress,school,False,False,True,False
u_001378,career,career,False,False,False,False
u_001379,general_checkin,reflection,False,False,False,False
u_001380,school_stress,school,False,False,True,False
u_001381,school_stress,school,False,False,True,False
u_001382,family,relationships,False,True,False,False
u_001383,relationships,relationships,False,True,False,False
u_001384,school_stress,school,False,False,True,False
u_001385,motivation,self_improvement,False,False,False,False
u_001386,general_checkin,reflection,False,False,False,False
u_001387,relationships,relationships,False,True,False,False
u_001388,general_checkin,reflection,False,False,False,False
u_001389,relationships,relationships,False,True,False,False
u_001390,relationships,relationships,False,True,False,False
u_001391,career,career,False,False,False,False
u_001392,motivation,self_improvement,False,False,False,False
u_001393,motivation,self_improvement,False,False,False,False
u_001394,school_stress,school,False,False,True,False
u_001395,school_stress,school,False,False,True,False
u_001396,relationships,relationships,False,True,False,False
u_001397,school_stress,school,False,False,True,False
u_001398,school_stress,school,False,False,True,False
u_001399,motivation,self_improvement,False,False,False,False
u_001400,motivation,self_improvement,False,False,False,False
u_001401,career,career,False,False,False,False
u_001402,relationships,relationships,False,True,False,False
u_001403,relationships,relationships,False,True,False,False
u_001404,sleep,wellness,False,False,False,False
u_001405,motivation,self_improvement,False,False,False,False
u_001406,school_stress,school,False,False,True,False
u_001407,career,career,False,False,False,False
u_001408,motivation,self_improvement,False,False,False,False
u_001409,relationships,relationships,False,True,False,False
u_001410,motivation,self_improvement,False,False,False,False
u_001411,school_stress,school,False,False,True,False
u_001412,relationships,relationships,False,True,False,False
u_001413,family,relationships,False,True,False,False
u_001414,motivation,self_improvement,False,False,False,False
u_001415,general_checkin,reflection,False,False,False,False
u_001416,career,career,False,False,False,False
u_001417,general_checkin,reflection,False,False,False,False
u_001418,loneliness,emotional_support,False,False,False,True
u_001419,loneliness,emotional_support,False,False,False,True
u_001420,loneliness,emotional_support,False,False,False,True
u_001421,school_stress,school,False,False,True,False
u_001422,career,career,False,False,False,False
u_001423,relationships,relationships,False,True,False,False
u_001424,relationships,relationships,False,True,False,False
u_001425,loneliness,emotional_support,False,False,False,True
u_001426,school_stress,school,False,False,True,False
u_001427,relationships,relationships,False,True,False,False
u_001428,career,career,False,False,False,False
u_001429,school_stress,school,False,False,True,False
u_001430,motivation,self_improvement,True,False,False,False
u_001431,general_checkin,reflection,False,False,False,False
u_001432,school_stress,school,False,False,True,False
u_001433,sleep,wellness,False,False,False,False
u_001434,motivation,self_improvement,False,False,False,False
u_001435,motivation,self_improvement,False,False,False,False
u_001436,school_stress,school,False,False,True,False
u_001437,general_checkin,reflection,False,False,False,False
u_001438,general_checkin,reflection,False,False,False,False
u_001439,family,relationships,False,True,False,False
u_001440,sleep,wellness,False,False,False,False
u_001441,general_checkin,reflection,False,False,False,False
u_001442,career,career,False,False,False,False
u_001443,relationships,relationships,False,True,False,False
u_001444,family,relationships,False,True,False,False
u_001445,motivation,self_improvement,False,False,False,False
u_001446,career,career,False,False,False,False
u_001447,relationships,relationships,False,True,False,False
u_001448,school_stress,school,False,False,True,False
u_001449,loneliness,emotional_support,False,False,False,True
u_001450,motivation,self_improvement,False,False,False,False
u_001451,motivation,self_improvement,False,False,False,False
u_001452,school_stress,school,False,False,True,False
u_001453,relationships,relationships,False,True,False,False
u_001454,motivation,self_improvement,False,False,False,False
u_001455,relationships,relationships,False,True,False,False
u_001456,relationships,relationships,False,True,False,False
u_001457,motivation,self_improvement,False,False,False,False
u_001458,motivation,self_improvement,False,False,False,False
u_001459,loneliness,emotional_support,False,False,False,True
u_001460,career,career,False,False,False,False
u_001461,school_stress,school,False,False,True,False
u_001462,school_stress,school,False,False,True,False
u_001463,sleep,wellness,False,False,False,False
u_001464,relationships,relationships,False,True,False,False
u_001465,school_stress,school,False,False,True,False
u_001466,school_stress,school,False,False,True,False
u_001467,sleep,wellness,False,False,False,False
u_001468,school_stress,school,False,False,True,False
u_001469,general_checkin,reflection,False,False,False,False
u_001470,family,relationships,False,True,False,False
u_001471,motivation,self_improvement,False,False,False,False
u_001472,relationships,relationships,False,True,False,False
u_001473,school_stress,school,False,False,True,False
u_001474,school_stress,school,False,False,True,False
u_001475,general_checkin,reflection,False,False,False,False
u_001476,general_checkin,reflection,False,False,False,False
u_001477,motivation,self_improvement,False,False,False,False
u_001478,relationships,relationships,False,True,False,False
u_001479,sleep,wellness,False,False,False,False
u_001480,relationships,relationships,False,True,False,False
u_001481,career,career,False,False,False,False
u_001482,sleep,wellness,False,False,False,False
u_001483,loneliness,emotional_support,False,False,False,True
u_001484,motivation,self_improvement,False,False,False,False
u_001485,school_stress,school,False,False,True,False
u_001486,general_checkin,reflection,False,False,False,False
u_001487,school_stress,school,False,False,True,False
u_001488,motivation,self_improvement,False,False,False,False
u_001489,career,career,False,False,False,False
u_001490,general_checkin,reflection,False,False,False,False
u_001491,relationships,relationships,False,True,False,False
u_001492,school_stress,school,False,False,True,False
u_001493,relationships,relationships,False,True,False,False
u_001494,general_checkin,reflection,False,False,False,False
u_001495,school_stress,school,False,False,True,False
u_001496,career,career,False,False,False,False
u_001497,family,relationships,False,True,False,False
u_001498,sleep,wellness,False,False,False,False
u_001499,career,career,False,False,False,False
u_001500,relationships,relationships,False,True,False,False
u_001501,school_stress,school,False,False,True,False
u_001502,school_stress,school,False,False,True,False
u_001503,career,career,False,False,False,False
u_001504,family,relationships,False,True,False,False
u_001505,relationships,relationships,False,True,False,False
u_001506,motivation,self_improvement,False,False,False,False
u_001507,motivation,self_improvement,False,False,False,False
u_001508,relationships,relationships,False,True,False,False
u_001509,career,career,False,False,False,False
u_001510,motivation,self_improvement,False,False,False,False
u_001511,relationships,relationships,False,True,False,False
u_001512,school_stress,school,False,False,True,False
u_001513,motivation,self_improvement,False,False,False,False
u_001514,motivation,self_improvement,False,False,False,False
u_001515,relationships,relationships,False,True,False,False
u_001516,school_stress,school,False,False,True,False
u_001517,motivation,self_improvement,False,False,False,False
u_001518,career,career,False,False,False,False
u_001519,school_stress,school,False,False,True,False
u_001520,career,career,False,False,False,False
u_001521,motivation,self_improvement,False,False,False,False
u_001522,family,relationships,False,True,False,False
u_001523,career,career,False,False,False,False
u_001524,career,career,False,False,False,False
u_001525,motivation,self_improvement,False,False,False,False
u_001526,general_checkin,reflection,False,False,False,False
u_001527,relationships,relationships,False,True,False,False
u_001528,career,career,False,False,False,False
u_001529,relationships,relationships,False,True,False,False
u_001530,school_stress,school,False,False,True,False
u_001531,loneliness,emotional_support,True,False,False,True
u_001532,career,career,False,False,False,False
u_001533,relationships,relationships,True,True,False,False
u_001534,general_checkin,reflection,False,False,False,False
u_001535,motivation,self_improvement,False,False,False,False
u_001536,general_checkin,reflection,False,False,False,False
u_001537,sleep,wellness,False,False,False,False
u_001538,sleep,wellness,False,False,False,False
u_001539,school_stress,school,False,False,True,False
u_001540,loneliness,emotional_support,False,False,False,True
u_001541,general_checkin,reflection,False,False,False,False
u_001542,relationships,relationships,False,True,False,False
u_001543,relationships,relationships,False,True,False,False
u_001544,motivation,self_improvement,False,False,False,False
u_001545,relationships,relationships,False,True,False,False
u_001546,loneliness,emotional_support,False,False,False,True
u_001547,school_stress,school,False,False,True,False
u_001548,career,career,False,False,False,False
u_001549,general_checkin,reflection,False,False,False,False
u_001550,loneliness,emotional_support,False,False,False,True
u_001551,career,career,False,False,False,False
u_001552,school_stress,school,False,False,True,False
u_001553,relationships,relationships,False,True,False,False
u_001554,motivation,self_improvement,False,False,False,False
u_001555,relationships,relationships,False,True,False,False
u_001556,school_stress,school,False,False,True,False
u_001557,school_stress,school,True,False,True,False
u_001558,general_checkin,reflection,False,False,False,False
u_001559,relationships,relationships,False,True,False,False
u_001560,family,relationships,False,True,False,False
u_001561,school_stress,school,False,False,True,False
u_001562,general_checkin,reflection,False,False,False,False
u_001563,school_stress,school,False,False,True,False
u_001564,loneliness,emotional_support,False,False,False,True
u_001565,school_stress,school,False,False,True,False
u_001566,school_stress,school,False,False,True,False
u_001567,relationships,relationships,False,True,False,False
u_001568,career,career,False,False,False,False
u_001569,general_checkin,reflection,False,False,False,False
u_001570,sleep,wellness,False,False,False,False
u_001571,career,career,False,False,False,False
u_001572,loneliness,emotional_support,True,False,False,True
u_001573,motivation,self_improvement,False,False,False,False
u_001574,school_stress,school,False,False,True,False
u_001575,sleep,wellness,False,False,False,False
u_001576,relationships,relationships,False,True,False,False
u_001577,relationships,relationships,False,True,False,False
u_001578,motivation,self_improvement,False,False,False,False
u_001579,general_checkin,reflection,False,False,False,False
u_001580,motivation,self_improvement,False,False,False,False
u_001581,general_checkin,reflection,False,False,False,False
u_001582,sleep,wellness,False,False,False,False
u_001583,motivation,self_improvement,False,False,False,False
u_001584,relationships,relationships,False,True,False,False
u_001585,motivation,self_improvement,False,False,False,False
u_001586,relationships,relationships,False,True,False,False
u_001587,loneliness,emotional_support,False,False,False,True
u_001588,relationships,relationships,False,True,False,False
u_001589,loneliness,emotional_support,True,False,False,True
u_001590,relationships,relationships,False,True,False,False
u_001591,general_checkin,reflection,False,False,False,False
u_001592,motivation,self_improvement,False,False,False,False
u_001593,relationships,relationships,False,True,False,False
u_001594,school_stress,school,False,False,True,False
u_001595,loneliness,emotional_support,False,False,False,True
u_001596,family,relationships,False,True,False,False
u_001597,relationships,relationships,False,True,False,False
u_001598,school_stress,school,False,False,True,False
u_001599,school_stress,school,False,False,True,False
u_001600,sleep,wellness,False,False,False,False
u_001601,loneliness,emotional_support,False,False,False,True
u_001602,school_stress,school,False,False,True,False
u_001603,sleep,wellness,False,False,False,False
u_001604,school_stress,school,False,False,True,False
u_001605,sleep,wellness,False,False,False,False
u_001606,family,relationships,False,True,False,False
u_001607,motivation,self_improvement,False,False,False,False
u_001608,general_checkin,reflection,False,False,False,False
u_001609,career,career,False,False,False,False
u_001610,relationships,relationships,False,True,False,False
u_001611,career,career,False,False,False,False
u_001612,sleep,wellness,False,False,False,False
u_001613,career,career,False,False,False,False
u_001614,family,relationships,False,True,False,False
u_001615,relationships,relationships,False,True,False,False
u_001616,sleep,wellness,False,False,False,False
u_001617,school_stress,school,False,False,True,False
u_001618,school_stress,school,False,False,True,False
u_001619,family,relationships,False,True,False,False
u_001620,relationships,relationships,False,True,False,False
u_001621,relationships,relationships,False,True,False,False
u_001622,relationships,relationships,False,True,False,False
u_001623,motivation,self_improvement,False,False,False,False
u_001624,career,career,False,False,False,False
u_001625,general_checkin,reflection,False,False,False,False
u_001626,school_stress,school,False,False,True,False
u_001627,school_stress,school,False,False,True,False
u_001628,relationships,relationships,False,True,False,False
u_001629,school_stress,school,False,False,True,False
u_001630,motivation,self_improvement,False,False,False,False
u_001631,general_checkin,reflection,False,False,False,False
u_001632,school_stress,school,False,False,True,False
u_001633,school_stress,school,False,False,True,False
u_001634,family,relationships,False,True,False,False
u_001635,motivation,self_improvement,False,False,False,False
u_001636,family,relationships,False,True,False,False
u_001637,relationships,relationships,False,True,False,False
u_001638,school_stress,school,False,False,True,False
u_001639,motivation,self_improvement,False,False,False,False
u_001640,motivation,self_improvement,False,False,False,False
u_001641,general_checkin,reflection,False,False,False,False
u_001642,school_stress,school,False,False,True,False
u_001643,general_checkin,reflection,False,False,False,False
u_001644,career,career,False,False,False,False
u_001645,relationships,relationships,False,True,False,False
u_001646,general_checkin,reflection,False,False,False,False
u_001647,sleep,wellness,False,False,False,False
u_001648,loneliness,emotional_support,True,False,False,True
u_001649,relationships,relationships,False,True,False,False
u_001650,general_checkin,reflection,False,False,False,False
u_001651,motivation,self_improvement,False,False,False,False
u_001652,school_stress,school,False,False,True,False
u_001653,career,career,False,False,False,False
u_001654,career,career,False,False,False,False
u_001655,motivation,self_improvement,False,False,False,False
u_001656,career,career,False,False,False,False
u_001657,school_stress,school,False,False,True,False
u_001658,career,career,False,False,False,False
u_001659,family,relationships,False,True,False,False
u_001660,career,career,False,False,False,False
u_001661,sleep,wellness,False,False,False,False
u_001662,motivation,self_improvement,False,False,False,False
u_001663,motivation,self_improvement,False,False,False,False
u_001664,career,career,False,False,False,False
u_001665,motivation,self_improvement,False,False,False,False
u_001666,career,career,False,False,False,False
u_001667,family,relationships,False,True,False,False
u_001668,relationships,relationships,False,True,False,False
u_001669,loneliness,emotional_support,False,False,False,True
u_001670,sleep,wellness,False,False,False,False
u_001671,relationships,relationships,False,True,False,False
u_001672,loneliness,emotional_support,False,False,False,True
u_001673,school_stress,school,False,False,True,False
u_001674,school_stress,school,False,False,True,False
u_001675,loneliness,emotional_support,False,False,False,True
u_001676,relationships,relationships,False,True,False,False
u_001677,school_stress,school,False,False,True,False
u_001678,general_checkin,reflection,False,False,False,False
u_001679,motivation,self_improvement,False,False,False,False
u_001680,family,relationships,False,True,False,False
u_001681,relationships,relationships,False,True,False,False
u_001682,school_stress,school,False,False,True,False
u_001683,relationships,relationships,False,True,False,False
u_001684,school_stress,school,False,False,True,False
u_001685,relationships,relationships,False,True,False,False
u_001686,school_stress,school,False,False,True,False
u_001687,relationships,relationships,False,True,False,False
u_001688,general_checkin,reflection,False,False,False,False
u_001689,loneliness,emotional_support,False,False,False,True
u_001690,sleep,wellness,False,False,False,False
u_001691,career,career,False,False,False,False
u_001692,school_stress,school,False,False,True,False
u_001693,loneliness,emotional_support,False,False,False,True
u_001694,relationships,relationships,False,True,False,False
u_001695,sleep,wellness,False,False,False,False
u_001696,sleep,wellness,False,False,False,False
u_001697,school_stress,school,False,False,True,False
u_001698,motivation,self_improvement,False,False,False,False
u_001699,career,career,False,False,False,False
u_001700,motivation,self_improvement,False,False,False,False
u_001701,career,career,False,False,False,False
u_001702,loneliness,emotional_support,False,False,False,True
u_001703,general_checkin,reflection,False,False,False,False
u_001704,general_checkin,reflection,False,False,False,False
u_001705,school_stress,school,False,False,True,False
u_001706,school_stress,school,False,False,True,False
u_001707,family,relationships,False,True,False,False
u_001708,career,career,False,False,False,False
u_001709,family,relationships,False,True,False,False
u_001710,relationships,relationships,False,True,False,False
u_001711,general_checkin,reflection,False,False,False,False
u_001712,loneliness,emotional_support,False,False,False,True
u_001713,loneliness,emotional_support,False,False,False,True
u_001714,motivation,self_improvement,False,False,False,False
u_001715,sleep,wellness,False,False,False,False
u_001716,family,relationships,False,True,False,False
u_001717,loneliness,emotional_support,False,False,False,True
u_001718,loneliness,emotional_support,False,False,False,True
u_001719,general_checkin,reflection,False,False,False,False
u_001720,sleep,wellness,False,False,False,False
u_001721,relationships,relationships,False,True,False,False
u_001722,family,relationships,False,True,False,False
u_001723,loneliness,emotional_support,False,False,False,True
u_001724,school_stress,school,False,False,True,False
u_001725,loneliness,emotional_support,False,False,False,True
u_001726,relationships,relationships,False,True,False,False
u_001727,loneliness,emotional_support,False,False,False,True
u_001728,sleep,wellness,False,False,False,False
u_001729,motivation,self_improvement,False,False,False,False
u_001730,general_checkin,reflection,False,False,False,False
u_001731,loneliness,emotional_support,False,False,False,True
u_001732,family,relationships,False,True,False,False
u_001733,general_checkin,reflection,False,False,False,False
u_001734,relationships,relationships,False,True,False,False
u_001735,school_stress,school,False,False,True,False
u_001736,loneliness,emotional_support,False,False,False,True
u_001737,general_checkin,reflection,False,False,False,False
u_001738,loneliness,emotional_support,False,False,False,True
u_001739,school_stress,school,False,False,True,False
u_001740,school_stress,school,False,False,True,False
u_001741,motivation,self_improvement,False,False,False,False
u_001742,general_checkin,reflection,False,False,False,False
u_001743,loneliness,emotional_support,False,False,False,True
u_001744,school_stress,school,False,False,True,False
u_001745,career,career,False,False,False,False
u_001746,career,career,False,False,False,False
u_001747,motivation,self_improvement,False,False,False,False
u_001748,general_checkin,reflection,False,False,False,False
u_001749,general_checkin,reflection,False,False,False,False
u_001750,sleep,wellness,False,False,False,False
u_001751,loneliness,emotional_support,False,False,False,True
u_001752,sleep,wellness,False,False,False,False
u_001753,motivation,self_improvement,False,False,False,False
u_001754,relationships,relationships,False,True,False,False
u_001755,sleep,wellness,False,False,False,False
u_001756,loneliness,emotional_support,False,False,False,True
u_001757,general_checkin,reflection,False,False,False,False
u_001758,career,career,True,False,False,False
u_001759,career,career,False,False,False,False
u_001760,motivation,self_improvement,False,False,False,False
u_001761,relationships,relationships,False,True,False,False
u_001762,career,career,False,False,False,False
u_001763,relationships,relationships,False,True,False,False
u_001764,relationships,relationships,False,True,False,False
u_001765,motivation,self_improvement,False,False,False,False
u_001766,school_stress,school,False,False,True,False
u_001767,general_checkin,reflection,False,False,False,False
u_001768,school_stress,school,False,False,True,False
u_001769,general_checkin,reflection,False,False,False,False
u_001770,family,relationships,False,True,False,False
u_001771,motivation,self_improvement,False,False,False,False
u_001772,career,career,False,False,False,False
u_001773,school_stress,school,False,False,True,False
u_001774,sleep,wellness,False,False,False,False
u_001775,career,career,False,False,False,False
u_001776,sleep,wellness,False,False,False,False
u_001777,relationships,relationships,False,True,False,False
u_001778,motivation,self_improvement,False,False,False,False
u_001779,general_checkin,reflection,False,False,False,False
u_001780,general_checkin,reflection,False,False,False,False
u_001781,sleep,wellness,False,False,False,False
u_001782,motivation,self_improvement,False,False,False,False
u_001783,relationships,relationships,False,True,False,False
u_001784,school_stress,school,False,False,True,False
u_001785,motivation,self_improvement,False,False,False,False
u_001786,family,relationships,False,True,False,False
u_001787,school_stress,school,False,False,True,False
u_001788,general_checkin,reflection,False,False,False,False
u_001789,family,relationships,False,True,False,False
u_001790,school_stress,school,False,False,True,False
u_001791,sleep,wellness,False,False,False,False
u_001792,school_stress,school,False,False,True,False
u_001793,relationships,relationships,False,True,False,False
u_001794,relationships,relationships,False,True,False,False
u_001795,sleep,wellness,False,False,False,False
u_001796,family,relationships,False,True,False,False
u_001797,relationships,relationships,False,True,False,False
u_001798,relationships,relationships,False,True,False,False
u_001799,school_stress,school,False,False,True,False
u_001800,family,relationships,False,True,False,False
u_001801,school_stress,school,False,False,True,False
u_001802,loneliness,emotional_support,False,False,False,True
u_001803,career,career,False,False,False,False
u_001804,relationships,relationships,False,True,False,False
u_001805,school_stress,school,False,False,True,False
u_001806,career,career,False,False,False,False
u_001807,relationships,relationships,False,True,False,False
u_001808,career,career,False,False,False,False
u_001809,sleep,wellness,False,False,False,False
u_001810,school_stress,school,False,False,True,False
u_001811,school_stress,school,False,False,True,False
u_001812,school_stress,school,False,False,True,False
u_001813,family,relationships,False,True,False,False
u_001814,motivation,self_improvement,False,False,False,False
u_001815,general_checkin,reflection,False,False,False,False
u_001816,loneliness,emotional_support,False,False,False,True
u_001817,relationships,relationships,False,True,False,False
u_001818,school_stress,school,False,False,True,False
u_001819,general_checkin,reflection,False,False,False,False
u_001820,motivation,self_improvement,False,False,False,False
u_001821,loneliness,emotional_support,False,False,False,True
u_001822,sleep,wellness,False,False,False,False
u_001823,loneliness,emotional_support,False,False,False,True
u_001824,school_stress,school,False,False,True,False
u_001825,school_stress,school,False,False,True,False
u_001826,motivation,self_improvement,False,False,False,False
u_001827,general_checkin,reflection,False,False,False,False
u_001828,motivation,self_improvement,False,False,False,False
u_001829,relationships,relationships,False,True,False,False
u_001830,loneliness,emotional_support,False,False,False,True
u_001831,loneliness,emotional_support,False,False,False,True
u_001832,motivation,self_improvement,False,False,False,False
u_001833,school_stress,school,False,False,True,False
u_001834,loneliness,emotional_support,False,False,False,True
u_001835,school_stress,school,False,False,True,False
u_001836,school_stress,school,False,False,True,False
u_001837,motivation,self_improvement,False,False,False,False
u_001838,loneliness,emotional_support,False,False,False,True
u_001839,career,career,False,False,False,False
u_001840,relationships,relationships,False,True,False,False
u_001841,school_stress,school,False,False,True,False
u_001842,career,career,False,False,False,False
u_001843,motivation,self_improvement,False,False,False,False
u_001844,school_stress,school,False,False,True,False
u_001845,loneliness,emotional_support,False,False,False,True
u_001846,school_stress,school,False,False,True,False
u_001847,loneliness,emotional_support,False,False,False,True
u_001848,school_stress,school,False,False,True,False
u_001849,sleep,wellness,False,False,False,False
u_001850,career,career,False,False,False,False
u_001851,school_stress,school,False,False,True,False
u_001852,sleep,wellness,False,False,False,False
u_001853,school_stress,school,False,False,True,False
u_001854,relationships,relationships,False,True,False,False
u_001855,school_stress,school,False,False,True,False
u_001856,motivation,self_improvement,False,False,False,False
u_001857,relationships,relationships,False,True,False,False
u_001858,loneliness,emotional_support,False,False,False,True
u_001859,school_stress,school,False,False,True,False
u_001860,loneliness,emotional_support,False,False,False,True
u_001861,school_stress,school,False,False,True,False
u_001862,school_stress,school,False,False,True,False
u_001863,relationships,relationships,False,True,False,False
u_001864,relationships,relationships,False,True,False,False
u_001865,relationships,relationships,False,True,False,False
u_001866,relationships,relationships,False,True,False,False
u_001867,school_stress,school,False,False,True,False
u_001868,school_stress,school,False,False,True,False
u_001869,loneliness,emotional_support,False,False,False,True
u_001870,sleep,wellness,False,False,False,False
u_001871,loneliness,emotional_support,False,False,False,True
u_001872,general_checkin,reflection,False,False,False,False
u_001873,school_stress,school,False,False,True,False
u_001874,career,career,False,False,False,False
u_001875,relationships,relationships,False,True,False,False
u_001876,motivation,self_improvement,False,False,False,False
u_001877,loneliness,emotional_support,False,False,False,True
u_001878,relationships,relationships,False,True,False,False
u_001879,career,career,False,False,False,False
u_001880,relationships,relationships,False,True,False,False
u_001881,sleep,wellness,False,False,False,False
u_001882,career,career,False,False,False,False
u_001883,motivation,self_improvement,False,False,False,False
u_001884,motivation,self_improvement,False,False,False,False
u_001885,motivation,self_improvement,False,False,False,False
u_001886,school_stress,school,False,False,True,False
u_001887,career,career,False,False,False,False
u_001888,school_stress,school,False,False,True,False
u_001889,career,career,False,False,False,False
u_001890,general_checkin,reflection,False,False,False,False
u_001891,family,relationships,False,True,False,False
u_001892,loneliness,emotional_support,False,False,False,True
u_001893,relationships,relationships,False,True,False,False
u_001894,general_checkin,reflection,False,False,False,False
u_001895,general_checkin,reflection,False,False,False,False
u_001896,relationships,relationships,False,True,False,False
u_001897,sleep,wellness,False,False,False,False
u_001898,loneliness,emotional_support,False,False,False,True
u_001899,career,career,False,False,False,False
u_001900,motivation,self_improvement,False,False,False,False
u_001901,family,relationships,False,True,False,False
u_001902,relationships,relationships,False,True,False,False
u_001903,career,career,False,False,False,False
u_001904,relationships,relationships,False,True,False,False
u_001905,general_checkin,reflection,False,False,False,False
u_001906,school_stress,school,False,False,True,False
u_001907,sleep,wellness,False,False,False,False
u_001908,motivation,self_improvement,False,False,False,False
u_001909,motivation,self_improvement,False,False,False,False
u_001910,school_stress,school,False,False,True,False
u_001911,relationships,relationships,False,True,False,False
u_001912,career,career,False,False,False,False
u_001913,school_stress,school,False,False,True,False
u_001914,school_stress,school,True,False,True,False
u_001915,motivation,self_improvement,False,False,False,False
u_001916,motivation,self_improvement,False,False,False,False
u_001917,sleep,wellness,False,False,False,False
u_001918,motivation,self_improvement,False,False,False,False
u_001919,loneliness,emotional_support,False,False,False,True
u_001920,relationships,relationships,False,True,False,False
u_001921,school_stress,school,False,False,True,False
u_001922,career,career,False,False,False,False
u_001923,general_checkin,reflection,False,False,False,False
u_001924,general_checkin,reflection,False,False,False,False
u_001925,family,relationships,False,True,False,False
u_001926,career,career,False,False,False,False
u_001927,motivation,self_improvement,False,False,False,False
u_001928,school_stress,school,False,False,True,False
u_001929,relationships,relationships,False,True,False,False
u_001930,school_stress,school,False,False,True,False
u_001931,general_checkin,reflection,False,False,False,False
u_001932,motivation,self_improvement,False,False,False,False
u_001933,general_checkin,reflection,False,False,False,False
u_001934,career,career,False,False,False,False
u_001935,relationships,relationships,False,True,False,False
u_001936,career,career,False,False,False,False
u_001937,relationships,relationships,False,True,False,False
u_001938,loneliness,emotional_support,False,False,False,True
u_001939,loneliness,emotional_support,False,False,False,True
u_001940,school_stress,school,False,False,True,False
u_001941,sleep,wellness,False,False,False,False
u_001942,career,career,False,False,False,False
u_001943,school_stress,school,False,False,True,False
u_001944,loneliness,emotional_support,False,False,False,True
u_001945,school_stress,school,False,False,True,False
u_001946,relationships,relationships,False,True,False,False
u_001947,loneliness,emotional_support,False,False,False,True
u_001948,general_checkin,reflection,False,False,False,False
u_001949,sleep,wellness,False,False,False,False
u_001950,school_stress,school,False,False,True,False
u_001951,school_stress,school,False,False,True,False
u_001952,relationships,relationships,False,True,False,False
u_001953,school_stress,school,False,False,True,False
u_001954,school_stress,school,True,False,True,False
u_001955,relationships,relationships,False,True,False,False
u_001956,relationships,relationships,False,True,False,False
u_001957,relationships,relationships,False,True,False,False
u_001958,career,career,False,False,False,False
u_001959,career,career,False,False,False,False
u_001960,motivation,self_improvement,False,False,False,False
u_001961,general_checkin,reflection,False,False,False,False
u_001962,sleep,wellness,False,False,False,False
u_001963,family,relationships,False,True,False,False
u_001964,school_stress,school,False,False,True,False
u_001965,motivation,self_improvement,False,False,False,False
u_001966,career,career,False,False,False,False
u_001967,motivation,self_improvement,False,False,False,False
u_001968,career,career,False,False,False,False
u_001969,sleep,wellness,False,False,False,False
u_001970,relationships,relationships,False,True,False,False
u_001971,loneliness,emotional_support,False,False,False,True
u_001972,loneliness,emotional_support,False,False,False,True
u_001973,career,career,False,False,False,False
u_001974,loneliness,emotional_support,False,False,False,True
u_001975,relationships,relationships,False,True,False,False
u_001976,sleep,wellness,False,False,False,False
u_001977,school_stress,school,False,False,True,False
u_001978,relationships,relationships,False,True,False,False
u_001979,general_checkin,reflection,False,False,False,False
u_001980,relationships,relationships,False,True,False,False
u_001981,sleep,wellness,False,False,False,False
u_001982,motivation,self_improvement,False,False,False,False
u_001983,school_stress,school,False,False,True,False
u_001984,career,career,False,False,False,False
u_001985,school_stress,school,False,False,True,False
u_001986,school_stress,school,False,False,True,False
u_001987,loneliness,emotional_support,False,False,False,True
u_001988,family,relationships,False,True,False,False
u_001989,school_stress,school,False,False,True,False
u_001990,relationships,relationships,False,True,False,False
u_001991,sleep,wellness,False,False,False,False
u_001992,relationships,relationships,False,True,False,False
u_001993,career,career,False,False,False,False
u_001994,school_stress,school,False,False,True,False
u_001995,school_stress,school,False,False,True,False
u_001996,motivation,self_improvement,False,False,False,False
u_001997,general_checkin,reflection,False,False,False,False
u_001998,school_stress,school,False,False,True,False
u_001999,school_stress,school,False,False,True,False
u_002000,general_checkin,reflection,False,False,False,False
u_002001,motivation,self_improvement,False,False,False,False
u_002002,career,career,False,False,False,False
u_002003,relationships,relationships,True,True,False,False
u_002004,general_checkin,reflection,False,False,False,False
u_002005,relationships,relationships,False,True,False,False
u_002006,career,career,False,False,False,False
u_002007,school_stress,school,True,False,True,False
u_002008,motivation,self_improvement,False,False,False,False
u_002009,motivation,self_improvement,False,False,False,False
u_002010,motivation,self_improvement,False,False,False,False
u_002011,loneliness,emotional_support,False,False,False,True
u_002012,career,career,False,False,False,False
u_002013,general_checkin,reflection,False,False,False,False
u_002014,career,career,False,False,False,False
u_002015,motivation,self_improvement,False,False,False,False
u_002016,sleep,wellness,False,False,False,False
u_002017,career,career,False,False,False,False
u_002018,relationships,relationships,False,True,False,False
u_002019,school_stress,school,False,False,True,False
u_002020,motivation,self_improvement,False,False,False,False
u_002021,family,relationships,False,True,False,False
u_002022,motivation,self_improvement,False,False,False,False
u_002023,general_checkin,reflection,False,False,False,False
u_002024,sleep,wellness,False,False,False,False
u_002025,career,career,False,False,False,False
u_002026,family,relationships,False,True,False,False
u_002027,general_checkin,reflection,False,False,False,False
u_002028,relationships,relationships,False,True,False,False
u_002029,relationships,relationships,False,True,False,False
u_002030,loneliness,emotional_support,False,False,False,True
u_002031,loneliness,emotional_support,False,False,False,True
u_002032,relationships,relationships,False,True,False,False
u_002033,relationships,relationships,False,True,False,False
u_002034,motivation,self_improvement,False,False,False,False
u_002035,loneliness,emotional_support,False,False,False,True
u_002036,school_stress,school,False,False,True,False
u_002037,relationships,relationships,False,True,False,False
u_002038,sleep,wellness,False,False,False,False
u_002039,relationships,relationships,False,True,False,False
u_002040,motivation,self_improvement,False,False,False,False
u_002041,school_stress,school,False,False,True,False
u_002042,loneliness,emotional_support,False,False,False,True
u_002043,relationships,relationships,False,True,False,False
u_002044,loneliness,emotional_support,False,False,False,True
u_002045,loneliness,emotional_support,False,False,False,True
u_002046,loneliness,emotional_support,True,False,False,True
u_002047,motivation,self_improvement,False,False,False,False
u_002048,relationships,relationships,False,True,False,False
u_002049,motivation,self_improvement,False,False,False,False
u_002050,career,career,False,False,False,False
u_002051,school_stress,school,False,False,True,False
u_002052,general_checkin,reflection,False,False,False,False
u_002053,general_checkin,reflection,False,False,False,False
u_002054,motivation,self_improvement,False,False,False,False
u_002055,sleep,wellness,False,False,False,False
u_002056,relationships,relationships,False,True,False,False
u_002057,relationships,relationships,True,True,False,False
u_002058,relationships,relationships,False,True,False,False
u_002059,motivation,self_improvement,False,False,False,False
u_002060,general_checkin,reflection,False,False,False,False
u_002061,career,career,False,False,False,False
u_002062,career,career,False,False,False,False
u_002063,motivation,self_improvement,False,False,False,False
u_002064,motivation,self_improvement,False,False,False,False
u_002065,general_checkin,reflection,False,False,False,False
u_002066,loneliness,emotional_support,False,False,False,True
u_002067,school_stress,school,False,False,True,False
u_002068,school_stress,school,False,False,True,False
u_002069,career,career,False,False,False,False
u_002070,school_stress,school,False,False,True,False
u_002071,relationships,relationships,False,True,False,False
u_002072,school_stress,school,False,False,True,False
u_002073,loneliness,emotional_support,False,False,False,True
u_002074,relationships,relationships,False,True,False,False
u_002075,family,relationships,False,True,False,False
u_002076,general_checkin,reflection,False,False,False,False
u_002077,motivation,self_improvement,False,False,False,False
u_002078,school_stress,school,False,False,True,False
u_002079,motivation,self_improvement,False,False,False,False
u_002080,motivation,self_improvement,False,False,False,False
u_002081,career,career,False,False,False,False
u_002082,school_stress,school,False,False,True,False
u_002083,career,career,False,False,False,False
u_002084,general_checkin,reflection,False,False,False,False
u_002085,motivation,self_improvement,False,False,False,False
u_002086,general_checkin,reflection,False,False,False,False
u_002087,school_stress,school,False,False,True,False
u_002088,school_stress,school,False,False,True,False
u_002089,sleep,wellness,False,False,False,False
u_002090,relationships,relationships,False,True,False,False
u_002091,relationships,relationships,False,True,False,False
u_002092,motivation,self_improvement,False,False,False,False
u_002093,loneliness,emotional_support,False,False,False,True
u_002094,relationships,relationships,False,True,False,False
u_002095,loneliness,emotional_support,False,False,False,True
u_002096,school_stress,school,False,False,True,False
u_002097,motivation,self_improvement,False,False,False,False
u_002098,school_stress,school,False,False,True,False
u_002099,career,career,False,False,False,False
u_002100,relationships,relationships,False,True,False,False
u_002101,general_checkin,reflection,False,False,False,False
u_002102,school_stress,school,False,False,True,False
u_002103,motivation,self_improvement,False,False,False,False
u_002104,career,career,False,False,False,False
u_002105,sleep,wellness,False,False,False,False
u_002106,motivation,self_improvement,False,False,False,False
u_002107,school_stress,school,False,False,True,False
u_002108,general_checkin,reflection,False,False,False,False
u_002109,school_stress,school,False,False,True,False
u_002110,school_stress,school,False,False,True,False
u_002111,relationships,relationships,False,True,False,False
u_002112,school_stress,school,False,False,True,False
u_002113,loneliness,emotional_support,False,False,False,True
u_002114,career,career,False,False,False,False
u_002115,motivation,self_improvement,False,False,False,False
u_002116,relationships,relationships,False,True,False,False
u_002117,career,career,False,False,False,False
u_002118,relationships,relationships,False,True,False,False
u_002119,school_stress,school,False,False,True,False
u_002120,relationships,relationships,False,True,False,False
u_002121,relationships,relationships,False,True,False,False
u_002122,relationships,relationships,False,True,False,False
u_002123,career,career,False,False,False,False
u_002124,sleep,wellness,False,False,False,False
u_002125,motivation,self_improvement,False,False,False,False
u_002126,relationships,relationships,False,True,False,False
u_002127,school_stress,school,False,False,True,False
u_002128,loneliness,emotional_support,False,False,False,True
u_002129,loneliness,emotional_support,False,False,False,True
u_002130,relationships,relationships,False,True,False,False
u_002131,school_stress,school,False,False,True,False
u_002132,school_stress,school,False,False,True,False
u_002133,relationships,relationships,False,True,False,False
u_002134,family,relationships,False,True,False,False
u_002135,family,relationships,False,True,False,False
u_002136,motivation,self_improvement,False,False,False,False
u_002137,career,career,False,False,False,False
u_002138,motivation,self_improvement,False,False,False,False
u_002139,motivation,self_improvement,False,False,False,False
u_002140,motivation,self_improvement,False,False,False,False
u_002141,motivation,self_improvement,False,False,False,False
u_002142,loneliness,emotional_support,False,False,False,True
u_002143,relationships,relationships,False,True,False,False
u_002144,general_checkin,reflection,False,False,False,False
u_002145,general_checkin,reflection,False,False,False,False
u_002146,school_stress,school,False,False,True,False
u_002147,school_stress,school,False,False,True,False
u_002148,general_checkin,reflection,False,False,False,False
u_002149,general_checkin,reflection,False,False,False,False
u_002150,school_stress,school,False,False,True,False
u_002151,loneliness,emotional_support,False,False,False,True
u_002152,relationships,relationships,False,True,False,False
u_002153,school_stress,school,False,False,True,False
u_002154,relationships,relationships,False,True,False,False
u_002155,school_stress,school,False,False,True,False
u_002156,relationships,relationships,False,True,False,False
u_002157,school_stress,school,False,False,True,False
u_002158,relationships,relationships,False,True,False,False
u_002159,career,career,False,False,False,False
u_002160,school_stress,school,False,False,True,False
u_002161,school_stress,school,False,False,True,False
u_002162,school_stress,school,False,False,True,False
u_002163,loneliness,emotional_support,False,False,False,True
u_002164,school_stress,school,False,False,True,False
u_002165,school_stress,school,False,False,True,False
u_002166,loneliness,emotional_support,False,False,False,True
u_002167,career,career,False,False,False,False
u_002168,general_checkin,reflection,False,False,False,False
u_002169,general_checkin,reflection,False,False,False,False
u_002170,relationships,relationships,False,True,False,False
u_002171,career,career,False,False,False,False
u_002172,motivation,self_improvement,False,False,False,False
u_002173,relationships,relationships,False,True,False,False
u_002174,general_checkin,reflection,False,False,False,False
u_002175,school_stress,school,False,False,True,False
u_002176,loneliness,emotional_support,False,False,False,True
u_002177,family,relationships,False,True,False,False
u_002178,relationships,relationships,False,True,False,False
u_002179,relationships,relationships,False,True,False,False
u_002180,relationships,relationships,False,True,False,False
u_002181,school_stress,school,False,False,True,False
u_002182,general_checkin,reflection,False,False,False,False
u_002183,loneliness,emotional_support,False,False,False,True
u_002184,general_checkin,reflection,False,False,False,False
u_002185,family,relationships,False,True,False,False
u_002186,relationships,relationships,False,True,False,False
u_002187,career,career,False,False,False,False
u_002188,relationships,relationships,False,True,False,False
u_002189,family,relationships,False,True,False,False
u_002190,school_stress,school,False,False,True,False
u_002191,sleep,wellness,False,False,False,False
u_002192,school_stress,school,False,False,True,False
u_002193,relationships,relationships,False,True,False,False
u_002194,relationships,relationships,True,True,False,False
u_002195,relationships,relationships,False,True,False,False
u_002196,relationships,relationships,False,True,False,False
u_002197,school_stress,school,False,False,True,False
u_002198,motivation,self_improvement,False,False,False,False
u_002199,relationships,relationships,False,True,False,False
u_002200,motivation,self_improvement,False,False,False,False
u_002201,relationships,relationships,False,True,False,False
u_002202,relationships,relationships,False,True,False,False
u_002203,loneliness,emotional_support,False,False,False,True
u_002204,relationships,relationships,False,True,False,False
u_002205,school_stress,school,False,False,True,False
u_002206,family,relationships,False,True,False,False
u_002207,sleep,wellness,False,False,False,False
u_002208,motivation,self_improvement,False,False,False,False
u_002209,loneliness,emotional_support,False,False,False,True
u_002210,career,career,False,False,False,False
u_002211,career,career,False,False,False,False
u_002212,motivation,self_improvement,False,False,False,False
u_002213,relationships,relationships,False,True,False,False
u_002214,sleep,wellness,False,False,False,False
u_002215,family,relationships,False,True,False,False
u_002216,motivation,self_improvement,False,False,False,False
u_002217,relationships,relationships,False,True,False,False
u_002218,sleep,wellness,False,False,False,False
u_002219,career,career,False,False,False,False
u_002220,relationships,relationships,False,True,False,False
u_002221,career,career,False,False,False,False
u_002222,general_checkin,reflection,False,False,False,False
u_002223,motivation,self_improvement,False,False,False,False
u_002224,motivation,self_improvement,False,False,False,False
u_002225,motivation,self_improvement,False,False,False,False
u_002226,career,career,False,False,False,False
u_002227,loneliness,emotional_support,False,False,False,True
u_002228,career,career,False,False,False,False
u_002229,motivation,self_improvement,False,False,False,False
u_002230,relationships,relationships,False,True,False,False
u_002231,career,career,False,False,False,False
u_002232,family,relationships,False,True,False,False
u_002233,general_checkin,reflection,False,False,False,False
u_002234,relationships,relationships,False,True,False,False
u_002235,relationships,relationships,False,True,False,False
u_002236,motivation,self_improvement,False,False,False,False
u_002237,school_stress,school,False,False,True,False
u_002238,relationships,relationships,False,True,False,False
u_002239,relationships,relationships,False,True,False,False
u_002240,career,career,False,False,False,False
u_002241,motivation,self_improvement,False,False,False,False
u_002242,school_stress,school,False,False,True,False
u_002243,relationships,relationships,False,True,False,False
u_002244,motivation,self_improvement,False,False,False,False
u_002245,family,relationships,False,True,False,False
u_002246,family,relationships,False,True,False,False
u_002247,loneliness,emotional_support,False,False,False,True
u_002248,school_stress,school,False,False,True,False
u_002249,loneliness,emotional_support,False,False,False,True
u_002250,sleep,wellness,False,False,False,False
u_002251,loneliness,emotional_support,False,False,False,True
u_002252,school_stress,school,False,False,True,False
u_002253,family,relationships,False,True,False,False
u_002254,school_stress,school,False,False,True,False
u_002255,school_stress,school,False,False,True,False
u_002256,school_stress,school,False,False,True,False
u_002257,general_checkin,reflection,False,False,False,False
u_002258,loneliness,emotional_support,False,False,False,True
u_002259,motivation,self_improvement,False,False,False,False
u_002260,school_stress,school,False,False,True,False
u_002261,school_stress,school,False,False,True,False
u_002262,loneliness,emotional_support,False,False,False,True
u_002263,family,relationships,False,True,False,False
u_002264,relationships,relationships,False,True,False,False
u_002265,motivation,self_improvement,False,False,False,False
u_002266,motivation,self_improvement,False,False,False,False
u_002267,loneliness,emotional_support,False,False,False,True
u_002268,general_checkin,reflection,False,False,False,False
u_002269,loneliness,emotional_support,False,False,False,True
u_002270,sleep,wellness,False,False,False,False
u_002271,school_stress,school,False,False,True,False
u_002272,general_checkin,reflection,False,False,False,False
u_002273,general_checkin,reflection,False,False,False,False
u_002274,relationships,relationships,False,True,False,False
u_002275,school_stress,school,False,False,True,False
u_002276,relationships,relationships,False,True,False,False
u_002277,loneliness,emotional_support,False,False,False,True
u_002278,motivation,self_improvement,False,False,False,False
u_002279,career,career,False,False,False,False
u_002280,school_stress,school,False,False,True,False
u_002281,family,relationships,True,True,False,False
u_002282,motivation,self_improvement,False,False,False,False
u_002283,general_checkin,reflection,False,False,False,False
u_002284,career,career,False,False,False,False
u_002285,family,relationships,False,True,False,False
u_002286,loneliness,emotional_support,True,False,False,True
u_002287,career,career,False,False,False,False
u_002288,motivation,self_improvement,False,False,False,False
u_002289,school_stress,school,False,False,True,False
u_002290,sleep,wellness,False,False,False,False
u_002291,school_stress,school,False,False,True,False
u_002292,career,career,False,False,False,False
u_002293,sleep,wellness,False,False,False,False
u_002294,sleep,wellness,False,False,False,False
u_002295,general_checkin,reflection,False,False,False,False
u_002296,school_stress,school,False,False,True,False
u_002297,school_stress,school,False,False,True,False
u_002298,general_checkin,reflection,False,False,False,False
u_002299,career,career,False,False,False,False
u_002300,relationships,relationships,False,True,False,False
u_002301,motivation,self_improvement,False,False,False,False
u_002302,motivation,self_improvement,False,False,False,False
u_002303,relationships,relationships,False,True,False,False
u_002304,relationships,relationships,False,True,False,False
u_002305,general_checkin,reflection,False,False,False,False
u_002306,motivation,self_improvement,False,False,False,False
u_002307,career,career,False,False,False,False
u_002308,school_stress,school,False,False,True,False
u_002309,career,career,False,False,False,False
u_002310,school_stress,school,False,False,True,False
u_002311,sleep,wellness,False,False,False,False
u_002312,motivation,self_improvement,False,False,False,False
u_002313,career,career,False,False,False,False
u_002314,motivation,self_improvement,False,False,False,False
u_002315,relationships,relationships,False,True,False,False
u_002316,loneliness,emotional_support,False,False,False,True
u_002317,loneliness,emotional_support,False,False,False,True
u_002318,relationships,relationships,False,True,False,False
u_002319,relationships,relationships,False,True,False,False
u_002320,general_checkin,reflection,False,False,False,False
u_002321,motivation,self_improvement,False,False,False,False
u_002322,career,career,False,False,False,False
u_002323,general_checkin,reflection,False,False,False,False
u_002324,motivation,self_improvement,False,False,False,False
u_002325,school_stress,school,False,False,True,False
u_002326,school_stress,school,False,False,True,False
u_002327,sleep,wellness,False,False,False,False
u_002328,motivation,self_improvement,False,False,False,False
u_002329,relationships,relationships,False,True,False,False
u_002330,school_stress,school,False,False,True,False
u_002331,loneliness,emotional_support,False,False,False,True
u_002332,loneliness,emotional_support,False,False,False,True
u_002333,school_stress,school,False,False,True,False
u_002334,general_checkin,reflection,False,False,False,False
u_002335,family,relationships,False,True,False,False
u_002336,general_checkin,reflection,False,False,False,False
u_002337,loneliness,emotional_support,False,False,False,True
u_002338,motivation,self_improvement,False,False,False,False
u_002339,relationships,relationships,False,True,False,False
u_002340,motivation,self_improvement,False,False,False,False
u_002341,loneliness,emotional_support,False,False,False,True
u_002342,general_checkin,reflection,False,False,False,False
u_002343,relationships,relationships,False,True,False,False
u_002344,relationships,relationships,False,True,False,False
u_002345,relationships,relationships,False,True,False,False
u_002346,relationships,relationships,False,True,False,False
u_002347,school_stress,school,False,False,True,False
u_002348,sleep,wellness,False,False,False,False
u_002349,general_checkin,reflection,False,False,False,False
u_002350,relationships,relationships,False,True,False,False
u_002351,school_stress,school,False,False,True,False
u_002352,motivation,self_improvement,False,False,False,False
u_002353,school_stress,school,False,False,True,False
u_002354,career,career,False,False,False,False
u_002355,loneliness,emotional_support,False,False,False,True
u_002356,general_checkin,reflection,False,False,False,False
u_002357,loneliness,emotional_support,False,False,False,True
u_002358,loneliness,emotional_support,False,False,False,True
u_002359,relationships,relationships,False,True,False,False
u_002360,relationships,relationships,False,True,False,False
u_002361,career,career,False,False,False,False
u_002362,relationships,relationships,False,True,False,False
u_002363,motivation,self_improvement,False,False,False,False
u_002364,relationships,relationships,False,True,False,False
u_002365,relationships,relationships,False,True,False,False
u_002366,school_stress,school,False,False,True,False
u_002367,career,career,False,False,False,False
u_002368,career,career,False,False,False,False
u_002369,career,career,False,False,False,False
u_002370,family,relationships,False,True,False,False
u_002371,relationships,relationships,False,True,False,False
u_002372,sleep,wellness,False,False,False,False
u_002373,motivation,self_improvement,True,False,False,False
u_002374,motivation,self_improvement,False,False,False,False
u_002375,general_checkin,reflection,False,False,False,False
u_002376,motivation,self_improvement,False,False,False,False
u_002377,school_stress,school,False,False,True,False
u_002378,loneliness,emotional_support,False,False,False,True
u_002379,motivation,self_improvement,False,False,False,False
u_002380,school_stress,school,False,False,True,False
u_002381,career,career,False,False,False,False
u_002382,career,career,False,False,False,False
u_002383,sleep,wellness,False,False,False,False
u_002384,school_stress,school,False,False,True,False
u_002385,general_checkin,reflection,False,False,False,False
u_002386,school_stress,school,False,False,True,False
u_002387,relationships,relationships,False,True,False,False
u_002388,relationships,relationships,False,True,False,False
u_002389,loneliness,emotional_support,False,False,False,True
u_002390,relationships,relationships,False,True,False,False
u_002391,career,career,False,False,False,False
u_002392,loneliness,emotional_support,False,False,False,True
u_002393,motivation,self_improvement,False,False,False,False
u_002394,relationships,relationships,False,True,False,False
u_002395,school_stress,school,False,False,True,False
u_002396,relationships,relationships,False,True,False,False
u_002397,loneliness,emotional_support,False,False,False,True
u_002398,motivation,self_improvement,False,False,False,False
u_002399,family,relationships,False,True,False,False
u_002400,motivation,self_improvement,False,False,False,False
u_002401,motivation,self_improvement,False,False,False,False
u_002402,relationships,relationships,False,True,False,False
u_002403,relationships,relationships,False,True,False,False
u_002404,general_checkin,reflection,False,False,False,False
u_002405,career,career,False,False,False,False
u_002406,family,relationships,False,True,False,False
u_002407,sleep,wellness,False,False,False,False
u_002408,loneliness,emotional_support,False,False,False,True
u_002409,relationships,relationships,False,True,False,False
u_002410,loneliness,emotional_support,False,False,False,True
u_002411,school_stress,school,False,False,True,False
u_002412,school_stress,school,False,False,True,False
u_002413,relationships,relationships,False,True,False,False
u_002414,career,career,False,False,False,False
u_002415,loneliness,emotional_support,False,False,False,True
u_002416,career,career,False,False,False,False
u_002417,loneliness,emotional_support,False,False,False,True
u_002418,motivation,self_improvement,False,False,False,False
u_002419,relationships,relationships,False,True,False,False
u_002420,relationships,relationships,False,True,False,False
u_002421,motivation,self_improvement,False,False,False,False
u_002422,school_stress,school,False,False,True,False
u_002423,family,relationships,False,True,False,False
u_002424,school_stress,school,False,False,True,False
u_002425,school_stress,school,False,False,True,False
u_002426,relationships,relationships,False,True,False,False
u_002427,motivation,self_improvement,False,False,False,False
u_002428,family,relationships,False,True,False,False
u_002429,school_stress,school,False,False,True,False
u_002430,relationships,relationships,False,True,False,False
u_002431,loneliness,emotional_support,False,False,False,True
u_002432,loneliness,emotional_support,False,False,False,True
u_002433,school_stress,school,False,False,True,False
u_002434,relationships,relationships,False,True,False,False
u_002435,family,relationships,False,True,False,False
u_002436,career,career,False,False,False,False
u_002437,general_checkin,reflection,False,False,False,False
u_002438,sleep,wellness,False,False,False,False
u_002439,career,career,False,False,False,False
u_002440,family,relationships,False,True,False,False
u_002441,school_stress,school,False,False,True,False
u_002442,sleep,wellness,False,False,False,False
u_002443,motivation,self_improvement,True,False,False,False
u_002444,school_stress,school,False,False,True,False
u_002445,sleep,wellness,False,False,False,False
u_002446,motivation,self_improvement,False,False,False,False
u_002447,relationships,relationships,False,True,False,False
u_002448,sleep,wellness,False,False,False,False
u_002449,school_stress,school,False,False,True,False
u_002450,general_checkin,reflection,False,False,False,False
u_002451,career,career,False,False,False,False
u_002452,relationships,relationships,False,True,False,False
u_002453,career,career,False,False,False,False
u_002454,general_checkin,reflection,False,False,False,False
u_002455,motivation,self_improvement,False,False,False,False
u_002456,career,career,False,False,False,False
u_002457,relationships,relationships,False,True,False,False
u_002458,school_stress,school,False,False,True,False
u_002459,family,relationships,False,True,False,False
u_002460,school_stress,school,False,False,True,False
u_002461,relationships,relationships,False,True,False,False
u_002462,sleep,wellness,False,False,False,False
u_002463,school_stress,school,False,False,True,False
u_002464,school_stress,school,False,False,True,False
u_002465,relationships,relationships,False,True,False,False
u_002466,school_stress,school,False,False,True,False
u_002467,career,career,False,False,False,False
u_002468,motivation,self_improvement,False,False,False,False
u_002469,motivation,self_improvement,False,False,False,False
u_002470,family,relationships,False,True,False,False
u_002471,general_checkin,reflection,False,False,False,False
u_002472,career,career,False,False,False,False
u_002473,school_stress,school,False,False,True,False
u_002474,school_stress,school,False,False,True,False
u_002475,motivation,self_improvement,False,False,False,False
u_002476,loneliness,emotional_support,False,False,False,True
u_002477,school_stress,school,False,False,True,False
u_002478,relationships,relationships,False,True,False,False
u_002479,motivation,self_improvement,False,False,False,False
u_002480,school_stress,school,False,False,True,False
u_002481,loneliness,emotional_support,False,False,False,True
u_002482,family,relationships,False,True,False,False
u_002483,sleep,wellness,False,False,False,False
u_002484,relationships,relationships,False,True,False,False
u_002485,family,relationships,False,True,False,False
u_002486,general_checkin,reflection,False,False,False,False
u_002487,school_stress,school,False,False,True,False
u_002488,career,career,False,False,False,False
u_002489,loneliness,emotional_support,False,False,False,True
u_002490,school_stress,school,False,False,True,False
u_002491,motivation,self_improvement,False,False,False,False
u_002492,general_checkin,reflection,False,False,False,False
u_002493,sleep,wellness,False,False,False,False
u_002494,relationships,relationships,False,True,False,False
u_002495,sleep,wellness,False,False,False,False
u_002496,motivation,self_improvement,False,False,False,False
u_002497,school_stress,school,False,False,True,False
u_002498,school_stress,school,False,False,True,False
u_002499,school_stress,school,False,False,True,False
u_002500,sleep,wellness,False,False,False,False
u_002501,school_stress,school,False,False,True,False
u_002502,relationships,relationships,False,True,False,False
u_002503,motivation,self_improvement,False,False,False,False
u_002504,school_stress,school,False,False,True,False
u_002505,career,career,False,False,False,False
u_002506,motivation,self_improvement,False,False,False,False
u_002507,general_checkin,reflection,False,False,False,False
u_002508,motivation,self_improvement,False,False,False,False
u_002509,school_stress,school,False,False,True,False
u_002510,school_stress,school,False,False,True,False
u_002511,motivation,self_improvement,False,False,False,False
u_002512,motivation,self_improvement,False,False,False,False
u_002513,school_stress,school,False,False,True,False
u_002514,relationships,relationships,False,True,False,False
u_002515,relationships,relationships,False,True,False,False
u_002516,motivation,self_improvement,False,False,False,False
u_002517,motivation,self_improvement,False,False,False,False
u_002518,sleep,wellness,False,False,False,False
u_002519,family,relationships,False,True,False,False
u_002520,sleep,wellness,False,False,False,False
u_002521,motivation,self_improvement,False,False,False,False
u_002522,loneliness,emotional_support,False,False,False,True
u_002523,general_checkin,reflection,False,False,False,False
u_002524,family,relationships,False,True,False,False
u_002525,general_checkin,reflection,False,False,False,False
u_002526,general_checkin,reflection,False,False,False,False
u_002527,school_stress,school,False,False,True,False
u_002528,family,relationships,False,True,False,False
u_002529,relationships,relationships,False,True,False,False
u_002530,relationships,relationships,False,True,False,False
u_002531,school_stress,school,False,False,True,False
u_002532,school_stress,school,False,False,True,False
u_002533,relationships,relationships,False,True,False,False
u_002534,relationships,relationships,False,True,False,False
u_002535,loneliness,emotional_support,False,False,False,True
u_002536,school_stress,school,False,False,True,False
u_002537,school_stress,school,False,False,True,False
u_002538,sleep,wellness,False,False,False,False
u_002539,relationships,relationships,False,True,False,False
u_002540,sleep,wellness,False,False,False,False
u_002541,career,career,False,False,False,False
u_002542,family,relationships,False,True,False,False
u_002543,loneliness,emotional_support,False,False,False,True
u_002544,relationships,relationships,False,True,False,False
u_002545,school_stress,school,False,False,True,False
u_002546,relationships,relationships,False,True,False,False
u_002547,school_stress,school,False,False,True,False
u_002548,relationships,relationships,False,True,False,False
u_002549,loneliness,emotional_support,False,False,False,True
u_002550,loneliness,emotional_support,False,False,False,True
u_002551,general_checkin,reflection,False,False,False,False
u_002552,loneliness,emotional_support,False,False,False,True
u_002553,sleep,wellness,False,False,False,False
u_002554,loneliness,emotional_support,False,False,False,True
u_002555,career,career,False,False,False,False
u_002556,career,career,False,False,False,False
u_002557,general_checkin,reflection,False,False,False,False
u_002558,school_stress,school,False,False,True,False
u_002559,loneliness,emotional_support,False,False,False,True
u_002560,motivation,self_improvement,False,False,False,False
u_002561,school_stress,school,False,False,True,False
u_002562,career,career,False,False,False,False
u_002563,general_checkin,reflection,False,False,False,False
u_002564,career,career,False,False,False,False
u_002565,general_checkin,reflection,False,False,False,False
u_002566,loneliness,emotional_support,False,False,False,True
u_002567,motivation,self_improvement,False,False,False,False
u_002568,family,relationships,False,True,False,False
u_002569,motivation,self_improvement,False,False,False,False
u_002570,school_stress,school,False,False,True,False
u_002571,general_checkin,reflection,False,False,False,False
u_002572,relationships,relationships,False,True,False,False
u_002573,loneliness,emotional_support,False,False,False,True
u_002574,relationships,relationships,False,True,False,False
u_002575,school_stress,school,False,False,True,False
u_002576,family,relationships,False,True,False,False
u_002577,loneliness,emotional_support,False,False,False,True
u_002578,motivation,self_improvement,False,False,False,False
u_002579,school_stress,school,False,False,True,False
u_002580,general_checkin,reflection,False,False,False,False
u_002581,school_stress,school,False,False,True,False
u_002582,loneliness,emotional_support,False,False,False,True
u_002583,school_stress,school,False,False,True,False
u_002584,relationships,relationships,False,True,False,False
u_002585,career,career,False,False,False,False
u_002586,general_checkin,reflection,False,False,False,False
u_002587,school_stress,school,False,False,True,False
u_002588,relationships,relationships,False,True,False,False
u_002589,general_checkin,reflection,False,False,False,False
u_002590,motivation,self_improvement,False,False,False,False
u_002591,school_stress,school,False,False,True,False
u_002592,motivation,self_improvement,False,False,False,False
u_002593,general_checkin,reflection,False,False,False,False
u_002594,loneliness,emotional_support,False,False,False,True
u_002595,motivation,self_improvement,False,False,False,False
u_002596,sleep,wellness,False,False,False,False
u_002597,sleep,wellness,False,False,False,False
u_002598,relationships,relationships,False,True,False,False
u_002599,career,career,True,False,False,False
u_002600,school_stress,school,False,False,True,False
u_002601,career,career,False,False,False,False
u_002602,general_checkin,reflection,False,False,False,False
u_002603,family,relationships,False,True,False,False
u_002604,career,career,False,False,False,False
u_002605,relationships,relationships,False,True,False,False
u_002606,loneliness,emotional_support,False,False,False,True
u_002607,career,career,False,False,False,False
u_002608,general_checkin,reflection,False,False,False,False
u_002609,school_stress,school,False,False,True,False
u_002610,relationships,relationships,False,True,False,False
u_002611,relationships,relationships,True,True,False,False
u_002612,school_stress,school,False,False,True,False
u_002613,career,career,False,False,False,False
u_002614,career,career,False,False,False,False
u_002615,relationships,relationships,False,True,False,False
u_002616,sleep,wellness,False,False,False,False
u_002617,motivation,self_improvement,False,False,False,False
u_002618,relationships,relationships,False,True,False,False
u_002619,school_stress,school,False,False,True,False
u_002620,motivation,self_improvement,False,False,False,False
u_002621,motivation,self_improvement,False,False,False,False
u_002622,general_checkin,reflection,False,False,False,False
u_002623,career,career,False,False,False,False
u_002624,general_checkin,reflection,False,False,False,False
u_002625,motivation,self_improvement,False,False,False,False
u_002626,family,relationships,False,True,False,False
u_002627,sleep,wellness,False,False,False,False
u_002628,motivation,self_improvement,False,False,False,False
u_002629,motivation,self_improvement,False,False,False,False
u_002630,loneliness,emotional_support,False,False,False,True
u_002631,loneliness,emotional_support,False,False,False,True
u_002632,loneliness,emotional_support,False,False,False,True
u_002633,school_stress,school,False,False,True,False
u_002634,career,career,False,False,False,False
u_002635,family,relationships,False,True,False,False
u_002636,school_stress,school,False,False,True,False
u_002637,sleep,wellness,False,False,False,False
u_002638,sleep,wellness,False,False,False,False
u_002639,school_stress,school,False,False,True,False
u_002640,relationships,relationships,False,True,False,False
u_002641,career,career,False,False,False,False
u_002642,career,career,False,False,False,False
u_002643,school_stress,school,False,False,True,False
u_002644,relationships,relationships,False,True,False,False
u_002645,general_checkin,reflection,False,False,False,False
u_002646,loneliness,emotional_support,False,False,False,True
u_002647,general_checkin,reflection,False,False,False,False
u_002648,sleep,wellness,False,False,False,False
u_002649,general_checkin,reflection,False,False,False,False
u_002650,school_stress,school,False,False,True,False
u_002651,sleep,wellness,False,False,False,False
u_002652,school_stress,school,False,False,True,False
u_002653,sleep,wellness,False,False,False,False
u_002654,school_stress,school,False,False,True,False
u_002655,school_stress,school,False,False,True,False
u_002656,family,relationships,False,True,False,False
u_002657,career,career,False,False,False,False
u_002658,general_checkin,reflection,False,False,False,False
u_002659,career,career,False,False,False,False
u_002660,loneliness,emotional_support,False,False,False,True
u_002661,motivation,self_improvement,False,False,False,False
u_002662,career,career,False,False,False,False
u_002663,motivation,self_improvement,False,False,False,False
u_002664,school_stress,school,False,False,True,False
u_002665,relationships,relationships,False,True,False,False
u_002666,general_checkin,reflection,False,False,False,False
u_002667,career,career,False,False,False,False
u_002668,general_checkin,reflection,False,False,False,False
u_002669,family,relationships,False,True,False,False
u_002670,school_stress,school,False,False,True,False
u_002671,school_stress,school,False,False,True,False
u_002672,career,career,False,False,False,False
u_002673,school_stress,school,False,False,True,False
u_002674,general_checkin,reflection,False,False,False,False
u_002675,motivation,self_improvement,False,False,False,False
u_002676,general_checkin,reflection,False,False,False,False
u_002677,loneliness,emotional_support,False,False,False,True
u_002678,motivation,self_improvement,False,False,False,False
u_002679,relationships,relationships,False,True,False,False
u_002680,relationships,relationships,False,True,False,False
u_002681,school_stress,school,False,False,True,False
u_002682,relationships,relationships,False,True,False,False
u_002683,school_stress,school,False,False,True,False
u_002684,career,career,False,False,False,False
u_002685,relationships,relationships,False,True,False,False
u_002686,relationships,relationships,False,True,False,False
u_002687,loneliness,emotional_support,False,False,False,True
u_002688,general_checkin,reflection,False,False,False,False
u_002689,relationships,relationships,False,True,False,False
u_002690,motivation,self_improvement,False,False,False,False
u_002691,career,career,False,False,False,False
u_002692,school_stress,school,False,False,True,False
u_002693,general_checkin,reflection,False,False,False,False
u_002694,general_checkin,reflection,False,False,False,False
u_002695,school_stress,school,False,False,True,False
u_002696,family,relationships,False,True,False,False
u_002697,sleep,wellness,False,False,False,False
u_002698,career,career,False,False,False,False
u_002699,career,career,False,False,False,False
u_002700,general_checkin,reflection,False,False,False,False
u_002701,school_stress,school,False,False,True,False
u_002702,career,career,False,False,False,False
u_002703,career,career,False,False,False,False
u_002704,motivation,self_improvement,False,False,False,False
u_002705,school_stress,school,False,False,True,False
u_002706,relationships,relationships,False,True,False,False
u_002707,school_stress,school,False,False,True,False
u_002708,loneliness,emotional_support,False,False,False,True
u_002709,school_stress,school,False,False,True,False
u_002710,motivation,self_improvement,False,False,False,False
u_002711,school_stress,school,False,False,True,False
u_002712,general_checkin,reflection,False,False,False,False
u_002713,relationships,relationships,False,True,False,False
u_002714,motivation,self_improvement,False,False,False,False
u_002715,school_stress,school,False,False,True,False
u_002716,school_stress,school,False,False,True,False
u_002717,school_stress,school,False,False,True,False
u_002718,motivation,self_improvement,False,False,False,False
u_002719,motivation,self_improvement,False,False,False,False
u_002720,school_stress,school,False,False,True,False
u_002721,sleep,wellness,False,False,False,False
u_002722,career,career,False,False,False,False
u_002723,motivation,self_improvement,False,False,False,False
u_002724,general_checkin,reflection,False,False,False,False
u_002725,career,career,False,False,False,False
u_002726,general_checkin,reflection,False,False,False,False
u_002727,relationships,relationships,False,True,False,False
u_002728,school_stress,school,False,False,True,False
u_002729,career,career,False,False,False,False
u_002730,general_checkin,reflection,False,False,False,False
u_002731,motivation,self_improvement,False,False,False,False
u_002732,motivation,self_improvement,False,False,False,False
u_002733,relationships,relationships,False,True,False,False
u_002734,family,relationships,False,True,False,False
u_002735,relationships,relationships,False,True,False,False
u_002736,loneliness,emotional_support,False,False,False,True
u_002737,school_stress,school,False,False,True,False
u_002738,relationships,relationships,False,True,False,False
u_002739,loneliness,emotional_support,False,False,False,True
u_002740,general_checkin,reflection,False,False,False,False
u_002741,career,career,False,False,False,False
u_002742,career,career,False,False,False,False
u_002743,sleep,wellness,False,False,False,False
u_002744,school_stress,school,False,False,True,False
u_002745,sleep,wellness,False,False,False,False
u_002746,general_checkin,reflection,False,False,False,False
u_002747,career,career,False,False,False,False
u_002748,loneliness,emotional_support,False,False,False,True
u_002749,general_checkin,reflection,False,False,False,False
u_002750,career,career,False,False,False,False
u_002751,motivation,self_improvement,False,False,False,False
u_002752,school_stress,school,False,False,True,False
u_002753,relationships,relationships,False,True,False,False
u_002754,school_stress,school,True,False,True,False
u_002755,relationships,relationships,False,True,False,False
u_002756,relationships,relationships,False,True,False,False
u_002757,relationships,relationships,False,True,False,False
u_002758,loneliness,emotional_support,False,False,False,True
u_002759,loneliness,emotional_support,False,False,False,True
u_002760,relationships,relationships,False,True,False,False
u_002761,general_checkin,reflection,False,False,False,False
u_002762,relationships,relationships,False,True,False,False
u_002763,motivation,self_improvement,False,False,False,False
u_002764,career,career,False,False,False,False
u_002765,school_stress,school,False,False,True,False
u_002766,sleep,wellness,False,False,False,False
u_002767,career,career,False,False,False,False
u_002768,motivation,self_improvement,False,False,False,False
u_002769,school_stress,school,False,False,True,False
u_002770,motivation,self_improvement,False,False,False,False
u_002771,school_stress,school,False,False,True,False
u_002772,school_stress,school,False,False,True,False
u_002773,family,relationships,False,True,False,False
u_002774,motivation,self_improvement,False,False,False,False
u_002775,relationships,relationships,False,True,False,False
u_002776,family,relationships,False,True,False,False
u_002777,motivation,self_improvement,False,False,False,False
u_002778,school_stress,school,False,False,True,False
u_002779,general_checkin,reflection,False,False,False,False
u_002780,career,career,False,False,False,False
u_002781,school_stress,school,False,False,True,False
u_002782,relationships,relationships,False,True,False,False
u_002783,career,career,False,False,False,False
u_002784,relationships,relationships,False,True,False,False
u_002785,family,relationships,False,True,False,False
u_002786,motivation,self_improvement,False,False,False,False
u_002787,loneliness,emotional_support,False,False,False,True
u_002788,motivation,self_improvement,False,False,False,False
u_002789,loneliness,emotional_support,False,False,False,True
u_002790,motivation,self_improvement,False,False,False,False
u_002791,relationships,relationships,False,True,False,False
u_002792,family,relationships,False,True,False,False
u_002793,school_stress,school,False,False,True,False
u_002794,career,career,False,False,False,False
u_002795,motivation,self_improvement,False,False,False,False
u_002796,family,relationships,False,True,False,False
u_002797,motivation,self_improvement,False,False,False,False
u_002798,relationships,relationships,False,True,False,False
u_002799,relationships,relationships,False,True,False,False
u_002800,school_stress,school,False,False,True,False
u_002801,school_stress,school,False,False,True,False
u_002802,general_checkin,reflection,True,False,False,False
u_002803,career,career,False,False,False,False
u_002804,general_checkin,reflection,False,False,False,False
u_002805,motivation,self_improvement,False,False,False,False
u_002806,school_stress,school,False,False,True,False
u_002807,school_stress,school,False,False,True,False
u_002808,relationships,relationships,False,True,False,False
u_002809,school_stress,school,False,False,True,False
u_002810,general_checkin,reflection,False,False,False,False
u_002811,loneliness,emotional_support,False,False,False,True
u_002812,loneliness,emotional_support,False,False,False,True
u_002813,loneliness,emotional_support,False,False,False,True
u_002814,relationships,relationships,False,True,False,False
u_002815,school_stress,school,False,False,True,False
u_002816,general_checkin,reflection,False,False,False,False
u_002817,motivation,self_improvement,False,False,False,False
u_002818,relationships,relationships,False,True,False,False
u_002819,motivation,self_improvement,False,False,False,False
u_002820,relationships,relationships,False,True,False,False
u_002821,career,career,False,False,False,False
u_002822,relationships,relationships,False,True,False,False
u_002823,sleep,wellness,False,False,False,False
u_002824,motivation,self_improvement,False,False,False,False
u_002825,career,career,False,False,False,False
u_002826,motivation,self_improvement,False,False,False,False
u_002827,career,career,False,False,False,False
u_002828,family,relationships,False,True,False,False
u_002829,relationships,relationships,False,True,False,False
u_002830,career,career,False,False,False,False
u_002831,career,career,False,False,False,False
u_002832,motivation,self_improvement,False,False,False,False
u_002833,loneliness,emotional_support,False,False,False,True
u_002834,school_stress,school,False,False,True,False
u_002835,sleep,wellness,False,False,False,False
u_002836,family,relationships,False,True,False,False
u_002837,school_stress,school,False,False,True,False
u_002838,family,relationships,False,True,False,False
u_002839,career,career,False,False,False,False
u_002840,motivation,self_improvement,False,False,False,False
u_002841,career,career,False,False,False,False
u_002842,loneliness,emotional_support,False,False,False,True
u_002843,school_stress,school,False,False,True,False
u_002844,relationships,relationships,False,True,False,False
u_002845,loneliness,emotional_support,False,False,False,True
u_002846,school_stress,school,False,False,True,False
u_002847,relationships,relationships,False,True,False,False
u_002848,career,career,False,False,False,False
u_002849,school_stress,school,False,False,True,False
u_002850,career,career,False,False,False,False
u_002851,family,relationships,False,True,False,False
u_002852,school_stress,school,False,False,True,False
u_002853,relationships,relationships,False,True,False,False
u_002854,loneliness,emotional_support,False,False,False,True
u_002855,career,career,False,False,False,False
u_002856,motivation,self_improvement,False,False,False,False
u_002857,motivation,self_improvement,False,False,False,False
u_002858,general_checkin,reflection,False,False,False,False
u_002859,loneliness,emotional_support,False,False,False,True
u_002860,school_stress,school,False,False,True,False
u_002861,relationships,relationships,False,True,False,False
u_002862,relationships,relationships,False,True,False,False
u_002863,school_stress,school,False,False,True,False
u_002864,loneliness,emotional_support,False,False,False,True
u_002865,relationships,relationships,False,True,False,False
u_002866,school_stress,school,False,False,True,False
u_002867,relationships,relationships,False,True,False,False
u_002868,relationships,relationships,False,True,False,False
u_002869,motivation,self_improvement,False,False,False,False
u_002870,loneliness,emotional_support,False,False,False,True
u_002871,loneliness,emotional_support,False,False,False,True
u_002872,relationships,relationships,False,True,False,False
u_002873,career,career,False,False,False,False
u_002874,sleep,wellness,False,False,False,False
u_002875,relationships,relationships,False,True,False,False
u_002876,relationships,relationships,False,True,False,False
u_002877,school_stress,school,False,False,True,False
u_002878,school_stress,school,False,False,True,False
u_002879,school_stress,school,False,False,True,False
u_002880,motivation,self_improvement,False,False,False,False
u_002881,sleep,wellness,False,False,False,False
u_002882,school_stress,school,False,False,True,False
u_002883,school_stress,school,False,False,True,False
u_002884,career,career,False,False,False,False
u_002885,loneliness,emotional_support,False,False,False,True
u_002886,loneliness,emotional_support,False,False,False,True
u_002887,motivation,self_improvement,False,False,False,False
u_002888,school_stress,school,False,False,True,False
u_002889,loneliness,emotional_support,False,False,False,True
u_002890,motivation,self_improvement,False,False,False,False
u_002891,loneliness,emotional_support,False,False,False,True
u_002892,school_stress,school,False,False,True,False
u_002893,career,career,False,False,False,False
u_002894,motivation,self_improvement,False,False,False,False
u_002895,sleep,wellness,False,False,False,False
u_002896,school_stress,school,False,False,True,False
u_002897,family,relationships,False,True,False,False
u_002898,relationships,relationships,True,True,False,False
u_002899,school_stress,school,False,False,True,False
u_002900,motivation,self_improvement,False,False,False,False
u_002901,general_checkin,reflection,False,False,False,False
u_002902,loneliness,emotional_support,False,False,False,True
u_002903,loneliness,emotional_support,False,False,False,True
u_002904,relationships,relationships,False,True,False,False
u_002905,school_stress,school,False,False,True,False
u_002906,school_stress,school,False,False,True,False
u_002907,relationships,relationships,False,True,False,False
u_002908,school_stress,school,False,False,True,False
u_002909,relationships,relationships,False,True,False,False
u_002910,general_checkin,reflection,False,False,False,False
u_002911,relationships,relationships,False,True,False,False
u_002912,sleep,wellness,False,False,False,False
u_002913,school_stress,school,False,False,True,False
u_002914,general_checkin,reflection,False,False,False,False
u_002915,career,career,False,False,False,False
u_002916,school_stress,school,False,False,True,False
u_002917,career,career,True,False,False,False
u_002918,career,career,False,False,False,False
u_002919,motivation,self_improvement,False,False,False,False
u_002920,motivation,self_improvement,False,False,False,False
u_002921,motivation,self_improvement,False,False,False,False
u_002922,relationships,relationships,False,True,False,False
u_002923,school_stress,school,False,False,True,False
u_002924,career,career,False,False,False,False
u_002925,school_stress,school,False,False,True,False
u_002926,motivation,self_improvement,False,False,False,False
u_002927,loneliness,emotional_support,False,False,False,True
u_002928,career,career,False,False,False,False
u_002929,motivation,self_improvement,False,False,False,False
u_002930,school_stress,school,False,False,True,False
u_002931,school_stress,school,False,False,True,False
u_002932,loneliness,emotional_support,False,False,False,True
u_002933,school_stress,school,False,False,True,False
u_002934,relationships,relationships,False,True,False,False
u_002935,career,career,False,False,False,False
u_002936,motivation,self_improvement,False,False,False,False
u_002937,motivation,self_improvement,False,False,False,False
u_002938,career,career,False,False,False,False
u_002939,relationships,relationships,False,True,False,False
u_002940,family,relationships,False,True,False,False
u_002941,school_stress,school,False,False,True,False
u_002942,career,career,False,False,False,False
u_002943,sleep,wellness,False,False,False,False
u_002944,sleep,wellness,False,False,False,False
u_002945,loneliness,emotional_support,False,False,False,True
u_002946,motivation,self_improvement,False,False,False,False
u_002947,loneliness,emotional_support,False,False,False,True
u_002948,motivation,self_improvement,False,False,False,False
u_002949,motivation,self_improvement,False,False,False,False
u_002950,loneliness,emotional_support,False,False,False,True
u_002951,general_checkin,reflection,False,False,False,False
u_002952,sleep,wellness,False,False,False,False
u_002953,relationships,relationships,False,True,False,False
u_002954,school_stress,school,False,False,True,False
u_002955,motivation,self_improvement,False,False,False,False
u_002956,relationships,relationships,False,True,False,False
u_002957,loneliness,emotional_support,False,False,False,True
u_002958,loneliness,emotional_support,False,False,False,True
u_002959,motivation,self_improvement,False,False,False,False
u_002960,sleep,wellness,False,False,False,False
u_002961,career,career,False,False,False,False
u_002962,career,career,False,False,False,False
u_002963,motivation,self_improvement,False,False,False,False
u_002964,sleep,wellness,False,False,False,False
u_002965,school_stress,school,False,False,True,False
u_002966,school_stress,school,False,False,True,False
u_002967,motivation,self_improvement,False,False,False,False
u_002968,career,career,False,False,False,False
u_002969,general_checkin,reflection,False,False,False,False
u_002970,relationships,relationships,False,True,False,False
u_002971,motivation,self_improvement,False,False,False,False
u_002972,relationships,relationships,False,True,False,False
u_002973,family,relationships,False,True,False,False
u_002974,relationships,relationships,False,True,False,False
u_002975,family,relationships,False,True,False,False
u_002976,school_stress,school,False,False,True,False
u_002977,motivation,self_improvement,False,False,False,False
u_002978,career,career,False,False,False,False
u_002979,family,relationships,False,True,False,False
u_002980,career,career,False,False,False,False
u_002981,general_checkin,reflection,False,False,False,False
u_002982,career,career,False,False,False,False
u_002983,career,career,False,False,False,False
u_002984,loneliness,emotional_support,False,False,False,True
u_002985,loneliness,emotional_support,False,False,False,True
u_002986,relationships,relationships,False,True,False,False
u_002987,relationships,relationships,False,True,False,False
u_002988,general_checkin,reflection,False,False,False,False
u_002989,loneliness,emotional_support,False,False,False,True
u_002990,loneliness,emotional_support,False,False,False,True
u_002991,sleep,wellness,False,False,False,False
u_002992,career,career,False,False,False,False
u_002993,school_stress,school,False,False,True,False
u_002994,relationships,relationships,False,True,False,False
u_002995,career,career,False,False,False,False
u_002996,school_stress,school,False,False,True,False
u_002997,career,career,False,False,False,False
u_002998,relationships,relationships,False,True,False,False
u_002999,school_stress,school,False,False,True,False
u_003000,loneliness,emotional_support,False,False,False,True
u_003001,motivation,self_improvement,False,False,False,False
u_003002,motivation,self_improvement,False,False,False,False
u_003003,school_stress,school,False,False,True,False
u_003004,school_stress,school,False,False,True,False
u_003005,career,career,False,False,False,False
u_003006,relationships,relationships,False,True,False,False
u_003007,family,relationships,False,True,False,False
u_003008,general_checkin,reflection,False,False,False,False
u_003009,relationships,relationships,False,True,False,False
u_003010,motivation,self_improvement,False,False,False,False
u_003011,school_stress,school,False,False,True,False
u_003012,relationships,relationships,False,True,False,False
u_003013,sleep,wellness,False,False,False,False
u_003014,school_stress,school,False,False,True,False
u_003015,school_stress,school,False,False,True,False
u_003016,relationships,relationships,False,True,False,False
u_003017,relationships,relationships,False,True,False,False
u_003018,loneliness,emotional_support,False,False,False,True
u_003019,school_stress,school,False,False,True,False
u_003020,school_stress,school,False,False,True,False
u_003021,career,career,False,False,False,False
u_003022,motivation,self_improvement,False,False,False,False
u_003023,relationships,relationships,False,True,False,False
u_003024,school_stress,school,False,False,True,False
u_003025,sleep,wellness,False,False,False,False
u_003026,relationships,relationships,False,True,False,False
u_003027,relationships,relationships,False,True,False,False
u_003028,sleep,wellness,False,False,False,False
u_003029,loneliness,emotional_support,False,False,False,True
u_003030,loneliness,emotional_support,False,False,False,True
u_003031,motivation,self_improvement,False,False,False,False
u_003032,motivation,self_improvement,False,False,False,False
u_003033,career,career,False,False,False,False
u_003034,general_checkin,reflection,False,False,False,False
u_003035,general_checkin,reflection,False,False,False,False
u_003036,motivation,self_improvement,False,False,False,False
u_003037,relationships,relationships,False,True,False,False
u_003038,school_stress,school,False,False,True,False
u_003039,motivation,self_improvement,False,False,False,False
u_003040,general_checkin,reflection,False,False,False,False
u_003041,sleep,wellness,False,False,False,False
u_003042,motivation,self_improvement,False,False,False,False
u_003043,general_checkin,reflection,False,False,False,False
u_003044,general_checkin,reflection,False,False,False,False
u_003045,school_stress,school,False,False,True,False
u_003046,relationships,relationships,False,True,False,False
u_003047,relationships,relationships,False,True,False,False
u_003048,motivation,self_improvement,False,False,False,False
u_003049,school_stress,school,False,False,True,False
u_003050,relationships,relationships,False,True,False,False
u_003051,family,relationships,False,True,False,False
u_003052,relationships,relationships,False,True,False,False
u_003053,school_stress,school,False,False,True,False
u_003054,school_stress,school,False,False,True,False
u_003055,school_stress,school,False,False,True,False
u_003056,loneliness,emotional_support,False,False,False,True
u_003057,relationships,relationships,False,True,False,False
u_003058,relationships,relationships,False,True,False,False
u_003059,loneliness,emotional_support,False,False,False,True
u_003060,career,career,False,False,False,False
u_003061,career,career,False,False,False,False
u_003062,relationships,relationships,False,True,False,False
u_003063,relationships,relationships,False,True,False,False
u_003064,career,career,False,False,False,False
u_003065,school_stress,school,False,False,True,False
u_003066,school_stress,school,False,False,True,False
u_003067,relationships,relationships,False,True,False,False
u_003068,sleep,wellness,False,False,False,False
u_003069,family,relationships,False,True,False,False
u_003070,school_stress,school,False,False,True,False
u_003071,career,career,False,False,False,False
u_003072,family,relationships,False,True,False,False
u_003073,general_checkin,reflection,False,False,False,False
u_003074,school_stress,school,False,False,True,False
u_003075,relationships,relationships,False,True,False,False
u_003076,school_stress,school,False,False,True,False
u_003077,career,career,False,False,False,False
u_003078,motivation,self_improvement,False,False,False,False
u_003079,career,career,False,False,False,False
u_003080,career,career,False,False,False,False
u_003081,relationships,relationships,False,True,False,False
u_003082,loneliness,emotional_support,False,False,False,True
u_003083,school_stress,school,False,False,True,False
u_003084,family,relationships,False,True,False,False
u_003085,general_checkin,reflection,False,False,False,False
u_003086,school_stress,school,False,False,True,False
u_003087,family,relationships,False,True,False,False
u_003088,school_stress,school,False,False,True,False
u_003089,relationships,relationships,False,True,False,False
u_003090,school_stress,school,False,False,True,False
u_003091,relationships,relationships,False,True,False,False
u_003092,motivation,self_improvement,False,False,False,False
u_003093,relationships,relationships,True,True,False,False
u_003094,career,career,False,False,False,False
u_003095,school_stress,school,False,False,True,False
u_003096,school_stress,school,False,False,True,False
u_003097,general_checkin,reflection,False,False,False,False
u_003098,career,career,False,False,False,False
u_003099,loneliness,emotional_support,False,False,False,True
u_003100,motivation,self_improvement,False,False,False,False
u_003101,relationships,relationships,False,True,False,False
u_003102,relationships,relationships,False,True,False,False
u_003103,loneliness,emotional_support,False,False,False,True
u_003104,motivation,self_improvement,False,False,False,False
u_003105,motivation,self_improvement,False,False,False,False
u_003106,motivation,self_improvement,False,False,False,False
u_003107,general_checkin,reflection,False,False,False,False
u_003108,loneliness,emotional_support,False,False,False,True
u_003109,sleep,wellness,False,False,False,False
u_003110,motivation,self_improvement,False,False,False,False
u_003111,family,relationships,False,True,False,False
u_003112,motivation,self_improvement,False,False,False,False
u_003113,motivation,self_improvement,False,False,False,False
u_003114,sleep,wellness,False,False,False,False
u_003115,motivation,self_improvement,False,False,False,False
u_003116,school_stress,school,False,False,True,False
u_003117,loneliness,emotional_support,False,False,False,True
u_003118,general_checkin,reflection,False,False,False,False
u_003119,relationships,relationships,False,True,False,False
u_003120,relationships,relationships,False,True,False,False
u_003121,career,career,False,False,False,False
u_003122,sleep,wellness,False,False,False,False
u_003123,school_stress,school,False,False,True,False
u_003124,relationships,relationships,False,True,False,False
u_003125,general_checkin,reflection,False,False,False,False
u_003126,relationships,relationships,False,True,False,False
u_003127,motivation,self_improvement,False,False,False,False
u_003128,motivation,self_improvement,False,False,False,False
u_003129,motivation,self_improvement,False,False,False,False
u_003130,loneliness,emotional_support,False,False,False,True
u_003131,school_stress,school,False,False,True,False
u_003132,career,career,False,False,False,False
u_003133,school_stress,school,False,False,True,False
u_003134,school_stress,school,False,False,True,False
u_003135,motivation,self_improvement,False,False,False,False
u_003136,school_stress,school,False,False,True,False
u_003137,relationships,relationships,False,True,False,False
u_003138,school_stress,school,False,False,True,False
u_003139,loneliness,emotional_support,False,False,False,True
u_003140,sleep,wellness,False,False,False,False
u_003141,school_stress,school,False,False,True,False
u_003142,sleep,wellness,False,False,False,False
u_003143,motivation,self_improvement,False,False,False,False
u_003144,motivation,self_improvement,False,False,False,False
u_003145,school_stress,school,False,False,True,False
u_003146,loneliness,emotional_support,False,False,False,True
u_003147,school_stress,school,False,False,True,False
u_003148,school_stress,school,False,False,True,False
u_003149,career,career,False,False,False,False
u_003150,sleep,wellness,False,False,False,False
u_003151,loneliness,emotional_support,False,False,False,True
u_003152,motivation,self_improvement,False,False,False,False
u_003153,school_stress,school,False,False,True,False
u_003154,motivation,self_improvement,False,False,False,False
u_003155,school_stress,school,False,False,True,False
u_003156,school_stress,school,False,False,True,False
u_003157,general_checkin,reflection,False,False,False,False
u_003158,career,career,False,False,False,False
u_003159,school_stress,school,False,False,True,False
u_003160,school_stress,school,False,False,True,False
u_003161,general_checkin,reflection,False,False,False,False
u_003162,motivation,self_improvement,False,False,False,False
u_003163,family,relationships,False,True,False,False
u_003164,loneliness,emotional_support,False,False,False,True
u_003165,motivation,self_improvement,False,False,False,False
u_003166,loneliness,emotional_support,False,False,False,True
u_003167,motivation,self_improvement,False,False,False,False
u_003168,family,relationships,False,True,False,False
u_003169,school_stress,school,False,False,True,False
u_003170,relationships,relationships,False,True,False,False
u_003171,career,career,False,False,False,False
u_003172,sleep,wellness,False,False,False,False
u_003173,relationships,relationships,False,True,False,False
u_003174,sleep,wellness,False,False,False,False
u_003175,motivation,self_improvement,False,False,False,False
u_003176,relationships,relationships,False,True,False,False
u_003177,loneliness,emotional_support,False,False,False,True
u_003178,sleep,wellness,False,False,False,False
u_003179,sleep,wellness,False,False,False,False
u_003180,career,career,False,False,False,False
u_003181,motivation,self_improvement,False,False,False,False
u_003182,career,career,False,False,False,False
u_003183,sleep,wellness,False,False,False,False
u_003184,motivation,self_improvement,False,False,False,False
u_003185,general_checkin,reflection,False,False,False,False
u_003186,relationships,relationships,False,True,False,False
u_003187,career,career,False,False,False,False
u_003188,loneliness,emotional_support,False,False,False,True
u_003189,general_checkin,reflection,False,False,False,False
u_003190,school_stress,school,False,False,True,False
u_003191,relationships,relationships,False,True,False,False
u_003192,motivation,self_improvement,False,False,False,False
u_003193,motivation,self_improvement,False,False,False,False
u_003194,school_stress,school,False,False,True,False
u_003195,relationships,relationships,False,True,False,False
u_003196,sleep,wellness,False,False,False,False
u_003197,loneliness,emotional_support,False,False,False,True
u_003198,career,career,False,False,False,False
u_003199,school_stress,school,False,False,True,False
u_003200,relationships,relationships,False,True,False,False
u_003201,general_checkin,reflection,False,False,False,False
u_003202,school_stress,school,False,False,True,False
u_003203,sleep,wellness,False,False,False,False
u_003204,relationships,relationships,False,True,False,False
u_003205,loneliness,emotional_support,False,False,False,True
u_003206,relationships,relationships,False,True,False,False
u_003207,general_checkin,reflection,False,False,False,False
u_003208,school_stress,school,False,False,True,False
u_003209,loneliness,emotional_support,False,False,False,True
u_003210,school_stress,school,False,False,True,False
u_003211,sleep,wellness,False,False,False,False
u_003212,sleep,wellness,False,False,False,False
u_003213,career,career,False,False,False,False
u_003214,sleep,wellness,False,False,False,False
u_003215,motivation,self_improvement,False,False,False,False
u_003216,relationships,relationships,False,True,False,False
u_003217,career,career,False,False,False,False
u_003218,career,career,False,False,False,False
u_003219,relationships,relationships,False,True,False,False
u_003220,loneliness,emotional_support,False,False,False,True
u_003221,school_stress,school,False,False,True,False
u_003222,motivation,self_improvement,False,False,False,False
u_003223,family,relationships,False,True,False,False
u_003224,motivation,self_improvement,False,False,False,False
u_003225,motivation,self_improvement,False,False,False,False
u_003226,motivation,self_improvement,False,False,False,False
u_003227,general_checkin,reflection,False,False,False,False
u_003228,general_checkin,reflection,False,False,False,False
u_003229,relationships,relationships,False,True,False,False
u_003230,school_stress,school,False,False,True,False
u_003231,motivation,self_improvement,False,False,False,False
u_003232,school_stress,school,False,False,True,False
u_003233,motivation,self_improvement,False,False,False,False
u_003234,general_checkin,reflection,False,False,False,False
u_003235,sleep,wellness,False,False,False,False
u_003236,school_stress,school,False,False,True,False
u_003237,sleep,wellness,False,False,False,False
u_003238,motivation,self_improvement,False,False,False,False
u_003239,sleep,wellness,False,False,False,False
u_003240,loneliness,emotional_support,False,False,False,True
u_003241,school_stress,school,False,False,True,False
u_003242,sleep,wellness,False,False,False,False
u_003243,family,relationships,False,True,False,False
u_003244,sleep,wellness,False,False,False,False
u_003245,loneliness,emotional_support,False,False,False,True
u_003246,relationships,relationships,False,True,False,False
u_003247,sleep,wellness,False,False,False,False
u_003248,career,career,False,False,False,False
u_003249,sleep,wellness,False,False,False,False
u_003250,general_checkin,reflection,False,False,False,False
u_003251,motivation,self_improvement,False,False,False,False
u_003252,general_checkin,reflection,False,False,False,False
u_003253,school_stress,school,False,False,True,False
u_003254,general_checkin,reflection,False,False,False,False
u_003255,career,career,False,False,False,False
u_003256,school_stress,school,False,False,True,False
u_003257,school_stress,school,False,False,True,False
u_003258,general_checkin,reflection,False,False,False,False
u_003259,school_stress,school,False,False,True,False
u_003260,motivation,self_improvement,False,False,False,False
u_003261,motivation,self_improvement,False,False,False,False
u_003262,relationships,relationships,False,True,False,False
u_003263,general_checkin,reflection,False,False,False,False
u_003264,relationships,relationships,False,True,False,False
u_003265,career,career,False,False,False,False
u_003266,school_stress,school,False,False,True,False
u_003267,motivation,self_improvement,False,False,False,False
u_003268,motivation,self_improvement,False,False,False,False
u_003269,school_stress,school,False,False,True,False
u_003270,relationships,relationships,False,True,False,False
u_003271,relationships,relationships,False,True,False,False
u_003272,relationships,relationships,False,True,False,False
u_003273,loneliness,emotional_support,False,False,False,True
u_003274,school_stress,school,False,False,True,False
u_003275,relationships,relationships,False,True,False,False
u_003276,school_stress,school,False,False,True,False
u_003277,relationships,relationships,False,True,False,False
u_003278,career,career,False,False,False,False
u_003279,relationships,relationships,False,True,False,False
u_003280,general_checkin,reflection,False,False,False,False
u_003281,general_checkin,reflection,False,False,False,False
u_003282,loneliness,emotional_support,False,False,False,True
u_003283,general_checkin,reflection,False,False,False,False
u_003284,loneliness,emotional_support,False,False,False,True
u_003285,relationships,relationships,False,True,False,False
u_003286,general_checkin,reflection,False,False,False,False
u_003287,relationships,relationships,False,True,False,False
u_003288,relationships,relationships,False,True,False,False
u_003289,family,relationships,False,True,False,False
u_003290,school_stress,school,False,False,True,False
u_003291,career,career,False,False,False,False
u_003292,loneliness,emotional_support,False,False,False,True
u_003293,relationships,relationships,False,True,False,False
u_003294,relationships,relationships,False,True,False,False
u_003295,family,relationships,False,True,False,False
u_003296,loneliness,emotional_support,False,False,False,True
u_003297,relationships,relationships,False,True,False,False
u_003298,school_stress,school,False,False,True,False
u_003299,school_stress,school,False,False,True,False
u_003300,relationships,relationships,False,True,False,False
u_003301,loneliness,emotional_support,False,False,False,True
u_003302,motivation,self_improvement,False,False,False,False
u_003303,career,career,False,False,False,False
u_003304,school_stress,school,False,False,True,False
u_003305,loneliness,emotional_support,False,False,False,True
u_003306,motivation,self_improvement,False,False,False,False
u_003307,motivation,self_improvement,False,False,False,False
u_003308,school_stress,school,False,False,True,False
u_003309,school_stress,school,False,False,True,False
u_003310,school_stress,school,False,False,True,False
u_003311,general_checkin,reflection,False,False,False,False
u_003312,relationships,relationships,False,True,False,False
u_003313,motivation,self_improvement,False,False,False,False
u_003314,loneliness,emotional_support,False,False,False,True
u_003315,school_stress,school,False,False,True,False
u_003316,career,career,True,False,False,False
u_003317,general_checkin,reflection,False,False,False,False
u_003318,motivation,self_improvement,False,False,False,False
u_003319,motivation,self_improvement,False,False,False,False
u_003320,school_stress,school,False,False,True,False
u_003321,motivation,self_improvement,False,False,False,False
u_003322,relationships,relationships,False,True,False,False
u_003323,school_stress,school,False,False,True,False
u_003324,motivation,self_improvement,False,False,False,False
u_003325,family,relationships,False,True,False,False
u_003326,relationships,relationships,False,True,False,False
u_003327,sleep,wellness,False,False,False,False
u_003328,loneliness,emotional_support,False,False,False,True
u_003329,relationships,relationships,False,True,False,False
u_003330,sleep,wellness,False,False,False,False
u_003331,career,career,False,False,False,False
u_003332,school_stress,school,False,False,True,False
u_003333,loneliness,emotional_support,True,False,False,True
u_003334,school_stress,school,False,False,True,False
u_003335,school_stress,school,False,False,True,False
u_003336,school_stress,school,False,False,True,False
u_003337,relationships,relationships,False,True,False,False
u_003338,motivation,self_improvement,False,False,False,False
u_003339,relationships,relationships,False,True,False,False
u_003340,loneliness,emotional_support,False,False,False,True
u_003341,relationships,relationships,False,True,False,False
u_003342,family,relationships,False,True,False,False
u_003343,school_stress,school,False,False,True,False
u_003344,school_stress,school,False,False,True,False
u_003345,family,relationships,False,True,False,False
u_003346,loneliness,emotional_support,False,False,False,True
u_003347,relationships,relationships,False,True,False,False
u_003348,loneliness,emotional_support,False,False,False,True
u_003349,school_stress,school,False,False,True,False
u_003350,sleep,wellness,False,False,False,False
u_003351,motivation,self_improvement,False,False,False,False
u_003352,family,relationships,False,True,False,False
u_003353,general_checkin,reflection,False,False,False,False
u_003354,relationships,relationships,False,True,False,False
u_003355,career,career,False,False,False,False
u_003356,career,career,False,False,False,False
u_003357,career,career,False,False,False,False
u_003358,sleep,wellness,False,False,False,False
u_003359,motivation,self_improvement,False,False,False,False
u_003360,relationships,relationships,False,True,False,False
u_003361,general_checkin,reflection,False,False,False,False
u_003362,loneliness,emotional_support,False,False,False,True
u_003363,school_stress,school,False,False,True,False
u_003364,school_stress,school,False,False,True,False
u_003365,motivation,self_improvement,False,False,False,False
u_003366,loneliness,emotional_support,False,False,False,True
u_003367,loneliness,emotional_support,False,False,False,True
u_003368,sleep,wellness,False,False,False,False
u_003369,motivation,self_improvement,False,False,False,False
u_003370,general_checkin,reflection,False,False,False,False
u_003371,loneliness,emotional_support,False,False,False,True
u_003372,general_checkin,reflection,False,False,False,False
u_003373,relationships,relationships,False,True,False,False
u_003374,relationships,relationships,False,True,False,False
u_003375,motivation,self_improvement,False,False,False,False
u_003376,sleep,wellness,False,False,False,False
u_003377,motivation,self_improvement,False,False,False,False
u_003378,sleep,wellness,False,False,False,False
u_003379,loneliness,emotional_support,False,False,False,True
u_003380,loneliness,emotional_support,False,False,False,True
u_003381,relationships,relationships,False,True,False,False
u_003382,motivation,self_improvement,False,False,False,False
u_003383,school_stress,school,False,False,True,False
u_003384,relationships,relationships,False,True,False,False
u_003385,motivation,self_improvement,False,False,False,False
u_003386,family,relationships,False,True,False,False
u_003387,family,relationships,False,True,False,False
u_003388,general_checkin,reflection,False,False,False,False
u_003389,loneliness,emotional_support,False,False,False,True
u_003390,motivation,self_improvement,False,False,False,False
u_003391,school_stress,school,False,False,True,False
u_003392,family,relationships,False,True,False,False
u_003393,school_stress,school,False,False,True,False
u_003394,school_stress,school,False,False,True,False
u_003395,motivation,self_improvement,False,False,False,False
u_003396,family,relationships,False,True,False,False
u_003397,family,relationships,False,True,False,False
u_003398,motivation,self_improvement,False,False,False,False
u_003399,motivation,self_improvement,False,False,False,False
u_003400,motivation,self_improvement,False,False,False,False
u_003401,motivation,self_improvement,False,False,False,False
u_003402,school_stress,school,False,False,True,False
u_003403,school_stress,school,False,False,True,False
u_003404,relationships,relationships,False,True,False,False
u_003405,career,career,False,False,False,False
u_003406,career,career,False,False,False,False
u_003407,sleep,wellness,False,False,False,False
u_003408,relationships,relationships,False,True,False,False
u_003409,relationships,relationships,False,True,False,False
u_003410,career,career,False,False,False,False
u_003411,loneliness,emotional_support,False,False,False,True
u_003412,loneliness,emotional_support,False,False,False,True
u_003413,relationships,relationships,False,True,False,False
u_003414,relationships,relationships,False,True,False,False
u_003415,general_checkin,reflection,False,False,False,False
u_003416,school_stress,school,False,False,True,False
u_003417,school_stress,school,False,False,True,False
u_003418,school_stress,school,False,False,True,False
u_003419,motivation,self_improvement,False,False,False,False
u_003420,relationships,relationships,False,True,False,False
u_003421,loneliness,emotional_support,False,False,False,True
u_003422,school_stress,school,False,False,True,False
u_003423,school_stress,school,False,False,True,False
u_003424,career,career,False,False,False,False
u_003425,loneliness,emotional_support,False,False,False,True
u_003426,relationships,relationships,False,True,False,False
u_003427,career,career,False,False,False,False
u_003428,general_checkin,reflection,False,False,False,False
u_003429,loneliness,emotional_support,False,False,False,True
u_003430,loneliness,emotional_support,False,False,False,True
u_003431,school_stress,school,False,False,True,False
u_003432,school_stress,school,False,False,True,False
u_003433,school_stress,school,False,False,True,False
u_003434,relationships,relationships,False,True,False,False
u_003435,career,career,False,False,False,False
u_003436,family,relationships,False,True,False,False
u_003437,motivation,self_improvement,False,False,False,False
u_003438,relationships,relationships,False,True,False,False
u_003439,motivation,self_improvement,False,False,False,False
u_003440,general_checkin,reflection,False,False,False,False
u_003441,sleep,wellness,False,False,False,False
u_003442,relationships,relationships,False,True,False,False
u_003443,career,career,False,False,False,False
u_003444,motivation,self_improvement,False,False,False,False
u_003445,career,career,False,False,False,False
u_003446,loneliness,emotional_support,False,False,False,True
u_003447,motivation,self_improvement,False,False,False,False
u_003448,motivation,self_improvement,False,False,False,False
u_003449,school_stress,school,False,False,True,False
u_003450,general_checkin,reflection,False,False,False,False
u_003451,school_stress,school,False,False,True,False
u_003452,sleep,wellness,False,False,False,False
u_003453,motivation,self_improvement,False,False,False,False
u_003454,career,career,False,False,False,False
u_003455,career,career,False,False,False,False
u_003456,relationships,relationships,False,True,False,False
u_003457,motivation,self_improvement,False,False,False,False
u_003458,general_checkin,reflection,False,False,False,False
u_003459,career,career,False,False,False,False
u_003460,general_checkin,reflection,False,False,False,False
u_003461,general_checkin,reflection,False,False,False,False
u_003462,relationships,relationships,False,True,False,False
u_003463,career,career,False,False,False,False
u_003464,loneliness,emotional_support,False,False,False,True
u_003465,loneliness,emotional_support,False,False,False,True
u_003466,school_stress,school,False,False,True,False
u_003467,school_stress,school,False,False,True,False
u_003468,school_stress,school,False,False,True,False
u_003469,motivation,self_improvement,False,False,False,False
u_003470,loneliness,emotional_support,False,False,False,True
u_003471,motivation,self_improvement,False,False,False,False
u_003472,relationships,relationships,False,True,False,False
u_003473,relationships,relationships,False,True,False,False
u_003474,general_checkin,reflection,False,False,False,False
u_003475,general_checkin,reflection,False,False,False,False
u_003476,career,career,False,False,False,False
u_003477,career,career,False,False,False,False
u_003478,family,relationships,False,True,False,False
u_003479,loneliness,emotional_support,False,False,False,True
u_003480,relationships,relationships,False,True,False,False
u_003481,relationships,relationships,False,True,False,False
u_003482,sleep,wellness,False,False,False,False
u_003483,school_stress,school,False,False,True,False
u_003484,relationships,relationships,False,True,False,False
u_003485,general_checkin,reflection,False,False,False,False
u_003486,career,career,False,False,False,False
u_003487,relationships,relationships,False,True,False,False
u_003488,motivation,self_improvement,False,False,False,False
u_003489,family,relationships,False,True,False,False
u_003490,relationships,relationships,False,True,False,False
u_003491,school_stress,school,False,False,True,False
u_003492,relationships,relationships,False,True,False,False
u_003493,school_stress,school,False,False,True,False
u_003494,relationships,relationships,False,True,False,False
u_003495,career,career,False,False,False,False
u_003496,loneliness,emotional_support,False,False,False,True
u_003497,school_stress,school,False,False,True,False
u_003498,general_checkin,reflection,False,False,False,False
u_003499,relationships,relationships,False,True,False,False
u_003500,career,career,False,False,False,False
u_003501,career,career,False,False,False,False
u_003502,school_stress,school,False,False,True,False
u_003503,general_checkin,reflection,False,False,False,False
u_003504,family,relationships,False,True,False,False
u_003505,relationships,relationships,False,True,False,False
u_003506,family,relationships,False,True,False,False
u_003507,loneliness,emotional_support,False,False,False,True
u_003508,sleep,wellness,False,False,False,False
u_003509,motivation,self_improvement,False,False,False,False
u_003510,career,career,False,False,False,False
u_003511,motivation,self_improvement,False,False,False,False
u_003512,loneliness,emotional_support,False,False,False,True
u_003513,career,career,False,False,False,False
u_003514,relationships,relationships,False,True,False,False
u_003515,general_checkin,reflection,False,False,False,False
u_003516,school_stress,school,False,False,True,False
u_003517,motivation,self_improvement,False,False,False,False
u_003518,school_stress,school,False,False,True,False
u_003519,school_stress,school,False,False,True,False
u_003520,relationships,relationships,False,True,False,False
u_003521,career,career,False,False,False,False
u_003522,relationships,relationships,False,True,False,False
u_003523,school_stress,school,False,False,True,False
u_003524,school_stress,school,False,False,True,False
u_003525,relationships,relationships,False,True,False,False
u_003526,school_stress,school,False,False,True,False
u_003527,family,relationships,False,True,False,False
u_003528,motivation,self_improvement,False,False,False,False
u_003529,general_checkin,reflection,False,False,False,False
u_003530,career,career,False,False,False,False
u_003531,school_stress,school,False,False,True,False
u_003532,motivation,self_improvement,False,False,False,False
u_003533,relationships,relationships,False,True,False,False
u_003534,general_checkin,reflection,False,False,False,False
u_003535,career,career,False,False,False,False
u_003536,school_stress,school,False,False,True,False
u_003537,career,career,False,False,False,False
u_003538,relationships,relationships,False,True,False,False
u_003539,motivation,self_improvement,False,False,False,False
u_003540,relationships,relationships,False,True,False,False
u_003541,family,relationships,False,True,False,False
u_003542,school_stress,school,False,False,True,False
u_003543,motivation,self_improvement,False,False,False,False
u_003544,loneliness,emotional_support,False,False,False,True
u_003545,loneliness,emotional_support,False,False,False,True
u_003546,relationships,relationships,False,True,False,False
u_003547,loneliness,emotional_support,False,False,False,True
u_003548,general_checkin,reflection,False,False,False,False
u_003549,career,career,False,False,False,False
u_003550,school_stress,school,False,False,True,False
u_003551,family,relationships,False,True,False,False
u_003552,family,relationships,False,True,False,False
u_003553,sleep,wellness,False,False,False,False
u_003554,general_checkin,reflection,False,False,False,False
u_003555,motivation,self_improvement,False,False,False,False
u_003556,motivation,self_improvement,False,False,False,False
u_003557,school_stress,school,False,False,True,False
u_003558,relationships,relationships,False,True,False,False
u_003559,general_checkin,reflection,False,False,False,False
u_003560,sleep,wellness,False,False,False,False
u_003561,career,career,False,False,False,False
u_003562,loneliness,emotional_support,False,False,False,True
u_003563,general_checkin,reflection,False,False,False,False
u_003564,loneliness,emotional_support,False,False,False,True
u_003565,school_stress,school,False,False,True,False
u_003566,relationships,relationships,False,True,False,False
u_003567,general_checkin,reflection,False,False,False,False
u_003568,loneliness,emotional_support,False,False,False,True
u_003569,motivation,self_improvement,False,False,False,False
u_003570,relationships,relationships,False,True,False,False
u_003571,school_stress,school,False,False,True,False
u_003572,general_checkin,reflection,False,False,False,False
u_003573,school_stress,school,False,False,True,False
u_003574,general_checkin,reflection,False,False,False,False
u_003575,relationships,relationships,False,True,False,False
u_003576,career,career,False,False,False,False
u_003577,motivation,self_improvement,False,False,False,False
u_003578,school_stress,school,False,False,True,False
u_003579,career,career,False,False,False,False
u_003580,loneliness,emotional_support,False,False,False,True
u_003581,motivation,self_improvement,False,False,False,False
u_003582,career,career,False,False,False,False
u_003583,motivation,self_improvement,False,False,False,False
u_003584,motivation,self_improvement,False,False,False,False
u_003585,relationships,relationships,False,True,False,False
u_003586,motivation,self_improvement,False,False,False,False
u_003587,school_stress,school,False,False,True,False
u_003588,loneliness,emotional_support,False,False,False,True
u_003589,motivation,self_improvement,False,False,False,False
u_003590,school_stress,school,False,False,True,False
u_003591,loneliness,emotional_support,False,False,False,True
u_003592,relationships,relationships,False,True,False,False
u_003593,motivation,self_improvement,False,False,False,False
u_003594,career,career,False,False,False,False
u_003595,motivation,self_improvement,False,False,False,False
u_003596,school_stress,school,False,False,True,False
u_003597,loneliness,emotional_support,False,False,False,True
u_003598,motivation,self_improvement,False,False,False,False
u_003599,sleep,wellness,False,False,False,False
u_003600,school_stress,school,False,False,True,False
u_003601,loneliness,emotional_support,False,False,False,True
u_003602,career,career,False,False,False,False
u_003603,career,career,False,False,False,False
u_003604,school_stress,school,False,False,True,False
u_003605,loneliness,emotional_support,False,False,False,True
u_003606,relationships,relationships,False,True,False,False
u_003607,career,career,False,False,False,False
u_003608,loneliness,emotional_support,False,False,False,True
u_003609,sleep,wellness,False,False,False,False
u_003610,general_checkin,reflection,False,False,False,False
u_003611,school_stress,school,False,False,True,False
u_003612,loneliness,emotional_support,False,False,False,True
u_003613,general_checkin,reflection,False,False,False,False
u_003614,general_checkin,reflection,False,False,False,False
u_003615,motivation,self_improvement,False,False,False,False
u_003616,relationships,relationships,False,True,False,False
u_003617,sleep,wellness,False,False,False,False
u_003618,school_stress,school,False,False,True,False
u_003619,school_stress,school,False,False,True,False
u_003620,loneliness,emotional_support,False,False,False,True
u_003621,family,relationships,False,True,False,False
u_003622,general_checkin,reflection,False,False,False,False
u_003623,loneliness,emotional_support,False,False,False,True
u_003624,relationships,relationships,False,True,False,False
u_003625,motivation,self_improvement,False,False,False,False
u_003626,motivation,self_improvement,False,False,False,False
u_003627,school_stress,school,False,False,True,False
u_003628,loneliness,emotional_support,False,False,False,True
u_003629,school_stress,school,False,False,True,False
u_003630,relationships,relationships,False,True,False,False
u_003631,loneliness,emotional_support,False,False,False,True
u_003632,loneliness,emotional_support,False,False,False,True
u_003633,motivation,self_improvement,False,False,False,False
u_003634,school_stress,school,False,False,True,False
u_003635,relationships,relationships,False,True,False,False
u_003636,sleep,wellness,False,False,False,False
u_003637,school_stress,school,False,False,True,False
u_003638,relationships,relationships,False,True,False,False
u_003639,school_stress,school,False,False,True,False
u_003640,career,career,False,False,False,False
u_003641,sleep,wellness,False,False,False,False
u_003642,school_stress,school,False,False,True,False
u_003643,school_stress,school,False,False,True,False
u_003644,career,career,False,False,False,False
u_003645,school_stress,school,False,False,True,False
u_003646,relationships,relationships,False,True,False,False
u_003647,career,career,False,False,False,False
u_003648,loneliness,emotional_support,False,False,False,True
u_003649,school_stress,school,False,False,True,False
u_003650,sleep,wellness,False,False,False,False
u_003651,career,career,False,False,False,False
u_003652,career,career,False,False,False,False
u_003653,school_stress,school,False,False,True,False
u_003654,career,career,False,False,False,False
u_003655,career,career,False,False,False,False
u_003656,school_stress,school,False,False,True,False
u_003657,school_stress,school,False,False,True,False
u_003658,general_checkin,reflection,False,False,False,False
u_003659,school_stress,school,False,False,True,False
u_003660,school_stress,school,False,False,True,False
u_003661,general_checkin,reflection,False,False,False,False
u_003662,loneliness,emotional_support,False,False,False,True
u_003663,career,career,False,False,False,False
u_003664,general_checkin,reflection,False,False,False,False
u_003665,sleep,wellness,False,False,False,False
u_003666,school_stress,school,False,False,True,False
u_003667,school_stress,school,False,False,True,False
u_003668,career,career,False,False,False,False
u_003669,school_stress,school,False,False,True,False
u_003670,relationships,relationships,False,True,False,False
u_003671,relationships,relationships,False,True,False,False
u_003672,relationships,relationships,False,True,False,False
u_003673,career,career,False,False,False,False
u_003674,school_stress,school,False,False,True,False
u_003675,school_stress,school,False,False,True,False
u_003676,school_stress,school,False,False,True,False
u_003677,school_stress,school,False,False,True,False
u_003678,relationships,relationships,False,True,False,False
u_003679,motivation,self_improvement,False,False,False,False
u_003680,school_stress,school,False,False,True,False
u_003681,family,relationships,False,True,False,False
u_003682,motivation,self_improvement,False,False,False,False
u_003683,general_checkin,reflection,False,False,False,False
u_003684,school_stress,school,False,False,True,False
u_003685,relationships,relationships,False,True,False,False
u_003686,general_checkin,reflection,False,False,False,False
u_003687,relationships,relationships,False,True,False,False
u_003688,sleep,wellness,False,False,False,False
u_003689,loneliness,emotional_support,False,False,False,True
u_003690,relationships,relationships,False,True,False,False
u_003691,school_stress,school,False,False,True,False
u_003692,school_stress,school,False,False,True,False
u_003693,career,career,False,False,False,False
u_003694,career,career,False,False,False,False
u_003695,general_checkin,reflection,False,False,False,False
u_003696,motivation,self_improvement,False,False,False,False
u_003697,relationships,relationships,False,True,False,False
u_003698,career,career,False,False,False,False
u_003699,motivation,self_improvement,False,False,False,False
u_003700,relationships,relationships,False,True,False,False
u_003701,career,career,False,False,False,False
u_003702,school_stress,school,False,False,True,False
u_003703,relationships,relationships,False,True,False,False
u_003704,school_stress,school,False,False,True,False
u_003705,career,career,False,False,False,False
u_003706,relationships,relationships,False,True,False,False
u_003707,career,career,False,False,False,False
u_003708,relationships,relationships,False,True,False,False
u_003709,school_stress,school,False,False,True,False
u_003710,sleep,wellness,False,False,False,False
u_003711,relationships,relationships,False,True,False,False
u_003712,relationships,relationships,False,True,False,False
u_003713,career,career,False,False,False,False
u_003714,relationships,relationships,False,True,False,False
u_003715,career,career,False,False,False,False
u_003716,relationships,relationships,False,True,False,False
u_003717,school_stress,school,False,False,True,False
u_003718,school_stress,school,False,False,True,False
u_003719,career,career,False,False,False,False
u_003720,loneliness,emotional_support,False,False,False,True
u_003721,sleep,wellness,False,False,False,False
u_003722,loneliness,emotional_support,False,False,False,True
u_003723,relationships,relationships,False,True,False,False
u_003724,general_checkin,reflection,False,False,False,False
u_003725,school_stress,school,False,False,True,False
u_003726,career,career,False,False,False,False
u_003727,school_stress,school,False,False,True,False
u_003728,motivation,self_improvement,False,False,False,False
u_003729,family,relationships,False,True,False,False
u_003730,loneliness,emotional_support,False,False,False,True
u_003731,sleep,wellness,False,False,False,False
u_003732,general_checkin,reflection,False,False,False,False
u_003733,school_stress,school,False,False,True,False
u_003734,relationships,relationships,False,True,False,False
u_003735,career,career,False,False,False,False
u_003736,motivation,self_improvement,False,False,False,False
u_003737,career,career,False,False,False,False
u_003738,career,career,False,False,False,False
u_003739,loneliness,emotional_support,False,False,False,True
u_003740,relationships,relationships,False,True,False,False
u_003741,sleep,wellness,False,False,False,False
u_003742,family,relationships,False,True,False,False
u_003743,relationships,relationships,False,True,False,False
u_003744,school_stress,school,False,False,True,False
u_003745,loneliness,emotional_support,True,False,False,True
u_003746,motivation,self_improvement,False,False,False,False
u_003747,career,career,False,False,False,False
u_003748,relationships,relationships,False,True,False,False
u_003749,general_checkin,reflection,False,False,False,False
u_003750,school_stress,school,False,False,True,False
u_003751,relationships,relationships,False,True,False,False
u_003752,sleep,wellness,False,False,False,False
u_003753,career,career,False,False,False,False
u_003754,school_stress,school,False,False,True,False
u_003755,career,career,False,False,False,False
u_003756,career,career,False,False,False,False
u_003757,school_stress,school,False,False,True,False
u_003758,loneliness,emotional_support,False,False,False,True
u_003759,school_stress,school,False,False,True,False
u_003760,school_stress,school,False,False,True,False
u_003761,general_checkin,reflection,False,False,False,False
u_003762,career,career,False,False,False,False
u_003763,loneliness,emotional_support,False,False,False,True
u_003764,relationships,relationships,False,True,False,False
u_003765,relationships,relationships,False,True,False,False
u_003766,career,career,False,False,False,False
u_003767,motivation,self_improvement,False,False,False,False
u_003768,motivation,self_improvement,False,False,False,False
u_003769,motivation,self_improvement,False,False,False,False
u_003770,relationships,relationships,False,True,False,False
u_003771,loneliness,emotional_support,False,False,False,True
u_003772,loneliness,emotional_support,False,False,False,True
u_003773,school_stress,school,False,False,True,False
u_003774,motivation,self_improvement,False,False,False,False
u_003775,general_checkin,reflection,False,False,False,False
u_003776,motivation,self_improvement,False,False,False,False
u_003777,general_checkin,reflection,False,False,False,False
u_003778,career,career,False,False,False,False
u_003779,school_stress,school,False,False,True,False
u_003780,loneliness,emotional_support,False,False,False,True
u_003781,general_checkin,reflection,False,False,False,False
u_003782,sleep,wellness,False,False,False,False
u_003783,motivation,self_improvement,False,False,False,False
u_003784,school_stress,school,False,False,True,False
u_003785,sleep,wellness,False,False,False,False
u_003786,relationships,relationships,False,True,False,False
u_003787,sleep,wellness,False,False,False,False
u_003788,motivation,self_improvement,False,False,False,False
u_003789,loneliness,emotional_support,False,False,False,True
u_003790,school_stress,school,False,False,True,False
u_003791,sleep,wellness,False,False,False,False
u_003792,school_stress,school,False,False,True,False
u_003793,relationships,relationships,False,True,False,False
u_003794,school_stress,school,False,False,True,False
u_003795,career,career,False,False,False,False
u_003796,loneliness,emotional_support,False,False,False,True
u_003797,relationships,relationships,False,True,False,False
u_003798,career,career,False,False,False,False
u_003799,school_stress,school,False,False,True,False
u_003800,career,career,False,False,False,False
u_003801,relationships,relationships,False,True,False,False
u_003802,school_stress,school,False,False,True,False
u_003803,family,relationships,False,True,False,False
u_003804,school_stress,school,False,False,True,False
u_003805,relationships,relationships,False,True,False,False
u_003806,motivation,self_improvement,False,False,False,False
u_003807,loneliness,emotional_support,False,False,False,True
u_003808,school_stress,school,False,False,True,False
u_003809,motivation,self_improvement,False,False,False,False
u_003810,school_stress,school,False,False,True,False
u_003811,career,career,False,False,False,False
u_003812,relationships,relationships,False,True,False,False
u_003813,school_stress,school,False,False,True,False
u_003814,family,relationships,False,True,False,False
u_003815,loneliness,emotional_support,False,False,False,True
u_003816,school_stress,school,False,False,True,False
u_003817,relationships,relationships,False,True,False,False
u_003818,sleep,wellness,False,False,False,False
u_003819,career,career,False,False,False,False
u_003820,sleep,wellness,False,False,False,False
u_003821,general_checkin,reflection,False,False,False,False
u_003822,relationships,relationships,False,True,False,False
u_003823,family,relationships,False,True,False,False
u_003824,loneliness,emotional_support,False,False,False,True
u_003825,motivation,self_improvement,False,False,False,False
u_003826,motivation,self_improvement,False,False,False,False
u_003827,sleep,wellness,False,False,False,False
u_003828,relationships,relationships,False,True,False,False
u_003829,family,relationships,False,True,False,False
u_003830,school_stress,school,False,False,True,False
u_003831,school_stress,school,False,False,True,False
u_003832,relationships,relationships,False,True,False,False
u_003833,career,career,False,False,False,False
u_003834,relationships,relationships,False,True,False,False
u_003835,career,career,False,False,False,False
u_003836,family,relationships,False,True,False,False
u_003837,general_checkin,reflection,False,False,False,False
u_003838,school_stress,school,False,False,True,False
u_003839,career,career,False,False,False,False
u_003840,career,career,False,False,False,False
u_003841,school_stress,school,False,False,True,False
u_003842,motivation,self_improvement,False,False,False,False
u_003843,motivation,self_improvement,False,False,False,False
u_003844,school_stress,school,False,False,True,False
u_003845,relationships,relationships,False,True,False,False
u_003846,school_stress,school,False,False,True,False
u_003847,relationships,relationships,False,True,False,False
u_003848,career,career,True,False,False,False
u_003849,loneliness,emotional_support,False,False,False,True
u_003850,motivation,self_improvement,False,False,False,False
u_003851,general_checkin,reflection,False,False,False,False
u_003852,relationships,relationships,False,True,False,False
u_003853,loneliness,emotional_support,False,False,False,True
u_003854,sleep,wellness,False,False,False,False
u_003855,relationships,relationships,False,True,False,False
u_003856,sleep,wellness,False,False,False,False
u_003857,school_stress,school,False,False,True,False
u_003858,loneliness,emotional_support,False,False,False,True
u_003859,family,relationships,False,True,False,False
u_003860,loneliness,emotional_support,True,False,False,True
u_003861,relationships,relationships,False,True,False,False
u_003862,career,career,False,False,False,False
u_003863,relationships,relationships,False,True,False,False
u_003864,loneliness,emotional_support,False,False,False,True
u_003865,motivation,self_improvement,False,False,False,False
u_003866,motivation,self_improvement,False,False,False,False
u_003867,school_stress,school,False,False,True,False
u_003868,motivation,self_improvement,False,False,False,False
u_003869,motivation,self_improvement,False,False,False,False
u_003870,family,relationships,False,True,False,False
u_003871,motivation,self_improvement,False,False,False,False
u_003872,school_stress,school,False,False,True,False
u_003873,loneliness,emotional_support,False,False,False,True
u_003874,school_stress,school,False,False,True,False
u_003875,school_stress,school,False,False,True,False
u_003876,loneliness,emotional_support,False,False,False,True
u_003877,family,relationships,False,True,False,False
u_003878,family,relationships,False,True,False,False
u_003879,school_stress,school,False,False,True,False
u_003880,relationships,relationships,False,True,False,False
u_003881,general_checkin,reflection,False,False,False,False
u_003882,family,relationships,False,True,False,False
u_003883,motivation,self_improvement,False,False,False,False
u_003884,general_checkin,reflection,False,False,False,False
u_003885,loneliness,emotional_support,False,False,False,True
u_003886,loneliness,emotional_support,False,False,False,True
u_003887,relationships,relationships,False,True,False,False
u_003888,family,relationships,False,True,False,False
u_003889,motivation,self_improvement,False,False,False,False
u_003890,school_stress,school,False,False,True,False
u_003891,relationships,relationships,False,True,False,False
u_003892,loneliness,emotional_support,False,False,False,True
u_003893,sleep,wellness,False,False,False,False
u_003894,career,career,False,False,False,False
u_003895,loneliness,emotional_support,False,False,False,True
u_003896,career,career,False,False,False,False
u_003897,motivation,self_improvement,False,False,False,False
u_003898,school_stress,school,False,False,True,False
u_003899,school_stress,school,False,False,True,False
u_003900,general_checkin,reflection,False,False,False,False
u_003901,loneliness,emotional_support,False,False,False,True
u_003902,loneliness,emotional_support,False,False,False,True
u_003903,relationships,relationships,False,True,False,False
u_003904,loneliness,emotional_support,False,False,False,True
u_003905,relationships,relationships,False,True,False,False
u_003906,school_stress,school,False,False,True,False
u_003907,relationships,relationships,False,True,False,False
u_003908,school_stress,school,False,False,True,False
u_003909,school_stress,school,False,False,True,False
u_003910,general_checkin,reflection,False,False,False,False
u_003911,general_checkin,reflection,False,False,False,False
u_003912,relationships,relationships,False,True,False,False
u_003913,sleep,wellness,False,False,False,False
u_003914,loneliness,emotional_support,False,False,False,True
u_003915,motivation,self_improvement,False,False,False,False
u_003916,school_stress,school,False,False,True,False
u_003917,relationships,relationships,False,True,False,False
u_003918,school_stress,school,False,False,True,False
u_003919,motivation,self_improvement,False,False,False,False
u_003920,loneliness,emotional_support,False,False,False,True
u_003921,family,relationships,False,True,False,False
u_003922,school_stress,school,False,False,True,False
u_003923,school_stress,school,False,False,True,False
u_003924,school_stress,school,False,False,True,False
u_003925,career,career,False,False,False,False
u_003926,school_stress,school,False,False,True,False
u_003927,sleep,wellness,False,False,False,False
u_003928,school_stress,school,False,False,True,False
u_003929,motivation,self_improvement,False,False,False,False
u_003930,motivation,self_improvement,False,False,False,False
u_003931,career,career,False,False,False,False
u_003932,general_checkin,reflection,False,False,False,False
u_003933,family,relationships,False,True,False,False
u_003934,relationships,relationships,False,True,False,False
u_003935,relationships,relationships,False,True,False,False
u_003936,sleep,wellness,False,False,False,False
u_003937,school_stress,school,False,False,True,False
u_003938,family,relationships,False,True,False,False
u_003939,sleep,wellness,False,False,False,False
u_003940,relationships,relationships,False,True,False,False
u_003941,sleep,wellness,False,False,False,False
u_003942,loneliness,emotional_support,True,False,False,True
u_003943,career,career,False,False,False,False
u_003944,motivation,self_improvement,False,False,False,False
u_003945,motivation,self_improvement,False,False,False,False
u_003946,school_stress,school,False,False,True,False
u_003947,motivation,self_improvement,False,False,False,False
u_003948,career,career,False,False,False,False
u_003949,motivation,self_improvement,False,False,False,False
u_003950,school_stress,school,False,False,True,False
u_003951,relationships,relationships,False,True,False,False
u_003952,loneliness,emotional_support,False,False,False,True
u_003953,general_checkin,reflection,False,False,False,False
u_003954,general_checkin,reflection,False,False,False,False
u_003955,sleep,wellness,False,False,False,False
u_003956,relationships,relationships,False,True,False,False
u_003957,career,career,False,False,False,False
u_003958,motivation,self_improvement,False,False,False,False
u_003959,loneliness,emotional_support,False,False,False,True
u_003960,family,relationships,False,True,False,False
u_003961,relationships,relationships,False,True,False,False
u_003962,career,career,False,False,False,False
u_003963,loneliness,emotional_support,False,False,False,True
u_003964,general_checkin,reflection,False,False,False,False
u_003965,school_stress,school,False,False,True,False
u_003966,relationships,relationships,False,True,False,False
u_003967,school_stress,school,False,False,True,False
u_003968,relationships,relationships,False,True,False,False
u_003969,family,relationships,False,True,False,False
u_003970,relationships,relationships,False,True,False,False
u_003971,motivation,self_improvement,False,False,False,False
u_003972,school_stress,school,False,False,True,False
u_003973,relationships,relationships,False,True,False,False
u_003974,relationships,relationships,False,True,False,False
u_003975,relationships,relationships,False,True,False,False
u_003976,relationships,relationships,False,True,False,False
u_003977,sleep,wellness,False,False,False,False
u_003978,career,career,False,False,False,False
u_003979,motivation,self_improvement,False,False,False,False
u_003980,sleep,wellness,False,False,False,False
u_003981,relationships,relationships,False,True,False,False
u_003982,relationships,relationships,False,True,False,False
u_003983,career,career,False,False,False,False
u_003984,school_stress,school,False,False,True,False
u_003985,career,career,False,False,False,False
u_003986,school_stress,school,False,False,True,False
u_003987,school_stress,school,False,False,True,False
u_003988,sleep,wellness,False,False,False,False
u_003989,motivation,self_improvement,False,False,False,False
u_003990,family,relationships,False,True,False,False
u_003991,loneliness,emotional_support,False,False,False,True
u_003992,school_stress,school,False,False,True,False
u_003993,general_checkin,reflection,False,False,False,False
u_003994,loneliness,emotional_support,False,False,False,True
u_003995,motivation,self_improvement,False,False,False,False
u_003996,family,relationships,False,True,False,False
u_003997,career,career,False,False,False,False
u_003998,motivation,self_improvement,False,False,False,False
u_003999,school_stress,school,False,False,True,False
u_004000,relationships,relationships,False,True,False,False
u_004001,relationships,relationships,False,True,False,False
u_004002,school_stress,school,False,False,True,False
u_004003,school_stress,school,False,False,True,False
u_004004,school_stress,school,False,False,True,False
u_004005,relationships,relationships,False,True,False,False
u_004006,relationships,relationships,False,True,False,False
u_004007,school_stress,school,False,False,True,False
u_004008,relationships,relationships,False,True,False,False
u_004009,general_checkin,reflection,False,False,False,False
u_004010,career,career,False,False,False,False
u_004011,school_stress,school,False,False,True,False
u_004012,sleep,wellness,False,False,False,False
u_004013,school_stress,school,False,False,True,False
u_004014,family,relationships,False,True,False,False
u_004015,school_stress,school,False,False,True,False
u_004016,motivation,self_improvement,False,False,False,False
u_004017,general_checkin,reflection,False,False,False,False
u_004018,school_stress,school,False,False,True,False
u_004019,career,career,False,False,False,False
u_004020,sleep,wellness,False,False,False,False
u_004021,school_stress,school,False,False,True,False
u_004022,relationships,relationships,False,True,False,False
u_004023,loneliness,emotional_support,False,False,False,True
u_004024,school_stress,school,False,False,True,False
u_004025,relationships,relationships,False,True,False,False
u_004026,career,career,False,False,False,False
u_004027,school_stress,school,False,False,True,False
u_004028,relationships,relationships,False,True,False,False
u_004029,career,career,False,False,False,False
u_004030,general_checkin,reflection,False,False,False,False
u_004031,loneliness,emotional_support,True,False,False,True
u_004032,motivation,self_improvement,False,False,False,False
u_004033,loneliness,emotional_support,False,False,False,True
u_004034,school_stress,school,False,False,True,False
u_004035,loneliness,emotional_support,False,False,False,True
u_004036,motivation,self_improvement,False,False,False,False
u_004037,school_stress,school,False,False,True,False
u_004038,sleep,wellness,False,False,False,False
u_004039,career,career,False,False,False,False
u_004040,motivation,self_improvement,False,False,False,False
u_004041,relationships,relationships,False,True,False,False
u_004042,career,career,False,False,False,False
u_004043,career,career,False,False,False,False
u_004044,relationships,relationships,False,True,False,False
u_004045,general_checkin,reflection,False,False,False,False
u_004046,motivation,self_improvement,False,False,False,False
u_004047,school_stress,school,False,False,True,False
u_004048,relationships,relationships,False,True,False,False
u_004049,loneliness,emotional_support,False,False,False,True
u_004050,school_stress,school,False,False,True,False
u_004051,motivation,self_improvement,False,False,False,False
u_004052,school_stress,school,False,False,True,False
u_004053,career,career,False,False,False,False
u_004054,school_stress,school,False,False,True,False
u_004055,sleep,wellness,False,False,False,False
u_004056,school_stress,school,False,False,True,False
u_004057,family,relationships,False,True,False,False
u_004058,school_stress,school,False,False,True,False
u_004059,sleep,wellness,False,False,False,False
u_004060,school_stress,school,False,False,True,False
u_004061,relationships,relationships,False,True,False,False
u_004062,motivation,self_improvement,False,False,False,False
u_004063,school_stress,school,False,False,True,False
u_004064,school_stress,school,False,False,True,False
u_004065,school_stress,school,False,False,True,False
u_004066,school_stress,school,False,False,True,False
u_004067,school_stress,school,False,False,True,False
u_004068,relationships,relationships,False,True,False,False
u_004069,school_stress,school,False,False,True,False
u_004070,relationships,relationships,False,True,False,False
u_004071,relationships,relationships,False,True,False,False
u_004072,general_checkin,reflection,False,False,False,False
u_004073,school_stress,school,False,False,True,False
u_004074,school_stress,school,False,False,True,False
u_004075,relationships,relationships,False,True,False,False
u_004076,relationships,relationships,False,True,False,False
u_004077,motivation,self_improvement,False,False,False,False
u_004078,career,career,False,False,False,False
u_004079,sleep,wellness,False,False,False,False
u_004080,school_stress,school,False,False,True,False
u_004081,school_stress,school,False,False,True,False
u_004082,relationships,relationships,False,True,False,False
u_004083,career,career,False,False,False,False
u_004084,school_stress,school,False,False,True,False
u_004085,career,career,False,False,False,False
u_004086,family,relationships,False,True,False,False
u_004087,career,career,False,False,False,False
u_004088,motivation,self_improvement,False,False,False,False
u_004089,school_stress,school,False,False,True,False
u_004090,loneliness,emotional_support,False,False,False,True
u_004091,school_stress,school,False,False,True,False
u_004092,motivation,self_improvement,False,False,False,False
u_004093,motivation,self_improvement,False,False,False,False
u_004094,motivation,self_improvement,False,False,False,False
u_004095,career,career,False,False,False,False
u_004096,school_stress,school,False,False,True,False
u_004097,school_stress,school,False,False,True,False
u_004098,relationships,relationships,False,True,False,False
u_004099,motivation,self_improvement,False,False,False,False
u_004100,relationships,relationships,False,True,False,False
u_004101,loneliness,emotional_support,False,False,False,True
u_004102,general_checkin,reflection,False,False,False,False
u_004103,motivation,self_improvement,False,False,False,False
u_004104,family,relationships,False,True,False,False
u_004105,career,career,False,False,False,False
u_004106,school_stress,school,False,False,True,False
u_004107,loneliness,emotional_support,False,False,False,True
u_004108,sleep,wellness,False,False,False,False
u_004109,school_stress,school,False,False,True,False
u_004110,school_stress,school,False,False,True,False
u_004111,general_checkin,reflection,False,False,False,False
u_004112,general_checkin,reflection,False,False,False,False
u_004113,career,career,False,False,False,False
u_004114,career,career,False,False,False,False
u_004115,motivation,self_improvement,False,False,False,False
u_004116,loneliness,emotional_support,False,False,False,True
u_004117,career,career,False,False,False,False
u_004118,motivation,self_improvement,False,False,False,False
u_004119,school_stress,school,False,False,True,False
u_004120,relationships,relationships,False,True,False,False
u_004121,relationships,relationships,False,True,False,False
u_004122,general_checkin,reflection,False,False,False,False
u_004123,school_stress,school,False,False,True,False
u_004124,career,career,False,False,False,False
u_004125,school_stress,school,False,False,True,False
u_004126,motivation,self_improvement,False,False,False,False
u_004127,career,career,False,False,False,False
u_004128,sleep,wellness,False,False,False,False
u_004129,family,relationships,False,True,False,False
u_004130,relationships,relationships,False,True,False,False
u_004131,school_stress,school,False,False,True,False
u_004132,relationships,relationships,False,True,False,False
u_004133,relationships,relationships,False,True,False,False
u_004134,career,career,False,False,False,False
u_004135,career,career,False,False,False,False
u_004136,relationships,relationships,False,True,False,False
u_004137,loneliness,emotional_support,False,False,False,True
u_004138,school_stress,school,False,False,True,False
u_004139,school_stress,school,False,False,True,False
u_004140,career,career,False,False,False,False
u_004141,general_checkin,reflection,False,False,False,False
u_004142,motivation,self_improvement,False,False,False,False
u_004143,loneliness,emotional_support,False,False,False,True
u_004144,general_checkin,reflection,False,False,False,False
u_004145,sleep,wellness,False,False,False,False
u_004146,motivation,self_improvement,False,False,False,False
u_004147,motivation,self_improvement,False,False,False,False
u_004148,loneliness,emotional_support,True,False,False,True
u_004149,family,relationships,False,True,False,False
u_004150,sleep,wellness,False,False,False,False
u_004151,family,relationships,False,True,False,False
u_004152,school_stress,school,False,False,True,False
u_004153,relationships,relationships,False,True,False,False
u_004154,loneliness,emotional_support,False,False,False,True
u_004155,school_stress,school,False,False,True,False
u_004156,sleep,wellness,False,False,False,False
u_004157,loneliness,emotional_support,False,False,False,True
u_004158,career,career,False,False,False,False
u_004159,school_stress,school,False,False,True,False
u_004160,general_checkin,reflection,False,False,False,False
u_004161,motivation,self_improvement,False,False,False,False
u_004162,school_stress,school,False,False,True,False
u_004163,relationships,relationships,False,True,False,False
u_004164,sleep,wellness,False,False,False,False
u_004165,career,career,False,False,False,False
u_004166,motivation,self_improvement,False,False,False,False
u_004167,relationships,relationships,False,True,False,False
u_004168,school_stress,school,False,False,True,False
u_004169,sleep,wellness,False,False,False,False
u_004170,family,relationships,False,True,False,False
u_004171,sleep,wellness,False,False,False,False
u_004172,motivation,self_improvement,False,False,False,False
u_004173,loneliness,emotional_support,False,False,False,True
u_004174,general_checkin,reflection,False,False,False,False
u_004175,relationships,relationships,False,True,False,False
u_004176,relationships,relationships,False,True,False,False
u_004177,school_stress,school,False,False,True,False
u_004178,relationships,relationships,False,True,False,False
u_004179,loneliness,emotional_support,False,False,False,True
u_004180,general_checkin,reflection,False,False,False,False
u_004181,motivation,self_improvement,False,False,False,False
u_004182,school_stress,school,False,False,True,False
u_004183,relationships,relationships,False,True,False,False
u_004184,career,career,False,False,False,False
u_004185,relationships,relationships,False,True,False,False
u_004186,school_stress,school,False,False,True,False
u_004187,general_checkin,reflection,False,False,False,False
u_004188,sleep,wellness,False,False,False,False
u_004189,relationships,relationships,False,True,False,False
u_004190,motivation,self_improvement,False,False,False,False
u_004191,sleep,wellness,False,False,False,False
u_004192,career,career,False,False,False,False
u_004193,relationships,relationships,False,True,False,False
u_004194,general_checkin,reflection,False,False,False,False
u_004195,relationships,relationships,False,True,False,False
u_004196,general_checkin,reflection,False,False,False,False
u_004197,sleep,wellness,False,False,False,False
u_004198,school_stress,school,False,False,True,False
u_004199,loneliness,emotional_support,False,False,False,True
u_004200,motivation,self_improvement,False,False,False,False
u_004201,loneliness,emotional_support,False,False,False,True
u_004202,school_stress,school,False,False,True,False
u_004203,loneliness,emotional_support,False,False,False,True
u_004204,school_stress,school,False,False,True,False
u_004205,sleep,wellness,False,False,False,False
u_004206,loneliness,emotional_support,False,False,False,True
u_004207,motivation,self_improvement,False,False,False,False
u_004208,loneliness,emotional_support,False,False,False,True
u_004209,sleep,wellness,False,False,False,False
u_004210,school_stress,school,False,False,True,False
u_004211,sleep,wellness,False,False,False,False
u_004212,sleep,wellness,False,False,False,False
u_004213,relationships,relationships,False,True,False,False
u_004214,loneliness,emotional_support,False,False,False,True
u_004215,motivation,self_improvement,False,False,False,False
u_004216,motivation,self_improvement,False,False,False,False
u_004217,loneliness,emotional_support,False,False,False,True
u_004218,motivation,self_improvement,False,False,False,False
u_004219,sleep,wellness,False,False,False,False
u_004220,general_checkin,reflection,False,False,False,False
u_004221,loneliness,emotional_support,False,False,False,True
u_004222,family,relationships,False,True,False,False
u_004223,career,career,False,False,False,False
u_004224,career,career,False,False,False,False
u_004225,loneliness,emotional_support,False,False,False,True
u_004226,sleep,wellness,False,False,False,False
u_004227,relationships,relationships,False,True,False,False
u_004228,career,career,False,False,False,False
u_004229,general_checkin,reflection,False,False,False,False
u_004230,relationships,relationships,True,True,False,False
u_004231,school_stress,school,False,False,True,False
u_004232,loneliness,emotional_support,False,False,False,True
u_004233,relationships,relationships,False,True,False,False
u_004234,relationships,relationships,False,True,False,False
u_004235,motivation,self_improvement,False,False,False,False
u_004236,school_stress,school,False,False,True,False
u_004237,school_stress,school,False,False,True,False
u_004238,relationships,relationships,False,True,False,False
u_004239,loneliness,emotional_support,False,False,False,True
u_004240,general_checkin,reflection,False,False,False,False
u_004241,motivation,self_improvement,False,False,False,False
u_004242,loneliness,emotional_support,False,False,False,True
u_004243,general_checkin,reflection,False,False,False,False
u_004244,motivation,self_improvement,False,False,False,False
u_004245,school_stress,school,False,False,True,False
u_004246,motivation,self_improvement,False,False,False,False
u_004247,school_stress,school,False,False,True,False
u_004248,sleep,wellness,False,False,False,False
u_004249,general_checkin,reflection,False,False,False,False
u_004250,loneliness,emotional_support,False,False,False,True
u_004251,school_stress,school,False,False,True,False
u_004252,school_stress,school,False,False,True,False
u_004253,relationships,relationships,False,True,False,False
u_004254,loneliness,emotional_support,False,False,False,True
u_004255,general_checkin,reflection,False,False,False,False
u_004256,motivation,self_improvement,False,False,False,False
u_004257,school_stress,school,False,False,True,False
u_004258,career,career,False,False,False,False
u_004259,motivation,self_improvement,False,False,False,False
u_004260,loneliness,emotional_support,False,False,False,True
u_004261,general_checkin,reflection,False,False,False,False
u_004262,general_checkin,reflection,False,False,False,False
u_004263,relationships,relationships,False,True,False,False
u_004264,general_checkin,reflection,False,False,False,False
u_004265,motivation,self_improvement,False,False,False,False
u_004266,family,relationships,False,True,False,False
u_004267,school_stress,school,False,False,True,False
u_004268,loneliness,emotional_support,False,False,False,True
u_004269,motivation,self_improvement,False,False,False,False
u_004270,general_checkin,reflection,False,False,False,False
u_004271,career,career,False,False,False,False
u_004272,school_stress,school,False,False,True,False
u_004273,school_stress,school,False,False,True,False
u_004274,relationships,relationships,False,True,False,False
u_004275,relationships,relationships,False,True,False,False
u_004276,motivation,self_improvement,False,False,False,False
u_004277,relationships,relationships,False,True,False,False
u_004278,sleep,wellness,False,False,False,False
u_004279,motivation,self_improvement,False,False,False,False
u_004280,loneliness,emotional_support,False,False,False,True
u_004281,relationships,relationships,False,True,False,False
u_004282,motivation,self_improvement,False,False,False,False
u_004283,school_stress,school,False,False,True,False
u_004284,school_stress,school,False,False,True,False
u_004285,school_stress,school,False,False,True,False
u_004286,general_checkin,reflection,False,False,False,False
u_004287,family,relationships,False,True,False,False
u_004288,family,relationships,False,True,False,False
u_004289,motivation,self_improvement,False,False,False,False
u_004290,loneliness,emotional_support,False,False,False,True
u_004291,career,career,False,False,False,False
u_004292,relationships,relationships,False,True,False,False
u_004293,relationships,relationships,False,True,False,False
u_004294,school_stress,school,False,False,True,False
u_004295,motivation,self_improvement,False,False,False,False
u_004296,loneliness,emotional_support,False,False,False,True
u_004297,relationships,relationships,False,True,False,False
u_004298,general_checkin,reflection,False,False,False,False
u_004299,school_stress,school,False,False,True,False
u_004300,sleep,wellness,False,False,False,False
u_004301,career,career,False,False,False,False
u_004302,general_checkin,reflection,False,False,False,False
u_004303,school_stress,school,False,False,True,False
u_004304,school_stress,school,False,False,True,False
u_004305,general_checkin,reflection,False,False,False,False
u_004306,career,career,False,False,False,False
u_004307,general_checkin,reflection,False,False,False,False
u_004308,relationships,relationships,False,True,False,False
u_004309,loneliness,emotional_support,False,False,False,True
u_004310,motivation,self_improvement,False,False,False,False
u_004311,school_stress,school,False,False,True,False
u_004312,loneliness,emotional_support,False,False,False,True
u_004313,relationships,relationships,False,True,False,False
u_004314,career,career,False,False,False,False
u_004315,motivation,self_improvement,False,False,False,False
u_004316,relationships,relationships,False,True,False,False
u_004317,relationships,relationships,False,True,False,False
u_004318,school_stress,school,False,False,True,False
u_004319,loneliness,emotional_support,False,False,False,True
u_004320,motivation,self_improvement,False,False,False,False
u_004321,relationships,relationships,False,True,False,False
u_004322,school_stress,school,False,False,True,False
u_004323,relationships,relationships,False,True,False,False
u_004324,loneliness,emotional_support,False,False,False,True
u_004325,school_stress,school,False,False,True,False
u_004326,general_checkin,reflection,False,False,False,False
u_004327,motivation,self_improvement,False,False,False,False
u_004328,motivation,self_improvement,False,False,False,False
u_004329,sleep,wellness,False,False,False,False
u_004330,relationships,relationships,False,True,False,False
u_004331,relationships,relationships,False,True,False,False
u_004332,motivation,self_improvement,False,False,False,False
u_004333,relationships,relationships,False,True,False,False
u_004334,motivation,self_improvement,False,False,False,False
u_004335,loneliness,emotional_support,False,False,False,True
u_004336,relationships,relationships,False,True,False,False
u_004337,loneliness,emotional_support,False,False,False,True
u_004338,career,career,False,False,False,False
u_004339,motivation,self_improvement,False,False,False,False
u_004340,relationships,relationships,False,True,False,False
u_004341,motivation,self_improvement,False,False,False,False
u_004342,relationships,relationships,False,True,False,False
u_004343,school_stress,school,False,False,True,False
u_004344,general_checkin,reflection,False,False,False,False
u_004345,relationships,relationships,False,True,False,False
u_004346,school_stress,school,False,False,True,False
u_004347,relationships,relationships,False,True,False,False
u_004348,sleep,wellness,False,False,False,False
u_004349,loneliness,emotional_support,False,False,False,True
u_004350,relationships,relationships,False,True,False,False
u_004351,loneliness,emotional_support,False,False,False,True
u_004352,sleep,wellness,False,False,False,False
u_004353,motivation,self_improvement,False,False,False,False
u_004354,sleep,wellness,False,False,False,False
u_004355,motivation,self_improvement,False,False,False,False
u_004356,loneliness,emotional_support,False,False,False,True
u_004357,general_checkin,reflection,False,False,False,False
u_004358,general_checkin,reflection,False,False,False,False
u_004359,school_stress,school,False,False,True,False
u_004360,sleep,wellness,False,False,False,False
u_004361,general_checkin,reflection,False,False,False,False
u_004362,general_checkin,reflection,False,False,False,False
u_004363,career,career,False,False,False,False
u_004364,school_stress,school,False,False,True,False
u_004365,school_stress,school,False,False,True,False
u_004366,school_stress,school,False,False,True,False
u_004367,general_checkin,reflection,False,False,False,False
u_004368,relationships,relationships,False,True,False,False
u_004369,relationships,relationships,False,True,False,False
u_004370,motivation,self_improvement,False,False,False,False
u_004371,motivation,self_improvement,False,False,False,False
u_004372,motivation,self_improvement,False,False,False,False
u_004373,motivation,self_improvement,False,False,False,False
u_004374,relationships,relationships,False,True,False,False
u_004375,motivation,self_improvement,False,False,False,False
u_004376,sleep,wellness,False,False,False,False
u_004377,relationships,relationships,False,True,False,False
u_004378,relationships,relationships,False,True,False,False
u_004379,general_checkin,reflection,False,False,False,False
u_004380,motivation,self_improvement,False,False,False,False
u_004381,loneliness,emotional_support,False,False,False,True
u_004382,general_checkin,reflection,False,False,False,False
u_004383,career,career,False,False,False,False
u_004384,relationships,relationships,False,True,False,False
u_004385,sleep,wellness,False,False,False,False
u_004386,loneliness,emotional_support,False,False,False,True
u_004387,career,career,False,False,False,False
u_004388,general_checkin,reflection,False,False,False,False
u_004389,motivation,self_improvement,False,False,False,False
u_004390,relationships,relationships,False,True,False,False
u_004391,loneliness,emotional_support,False,False,False,True
u_004392,relationships,relationships,False,True,False,False
u_004393,relationships,relationships,False,True,False,False
u_004394,relationships,relationships,False,True,False,False
u_004395,motivation,self_improvement,False,False,False,False
u_004396,general_checkin,reflection,False,False,False,False
u_004397,career,career,False,False,False,False
u_004398,loneliness,emotional_support,False,False,False,True
u_004399,motivation,self_improvement,False,False,False,False
u_004400,school_stress,school,False,False,True,False
u_004401,family,relationships,False,True,False,False
u_004402,sleep,wellness,False,False,False,False
u_004403,motivation,self_improvement,False,False,False,False
u_004404,relationships,relationships,False,True,False,False
u_004405,loneliness,emotional_support,False,False,False,True
u_004406,general_checkin,reflection,False,False,False,False
u_004407,relationships,relationships,False,True,False,False
u_004408,career,career,False,False,False,False
u_004409,school_stress,school,False,False,True,False
u_004410,school_stress,school,False,False,True,False
u_004411,relationships,relationships,False,True,False,False
u_004412,relationships,relationships,False,True,False,False
u_004413,school_stress,school,False,False,True,False
u_004414,general_checkin,reflection,False,False,False,False
u_004415,career,career,False,False,False,False
u_004416,career,career,False,False,False,False
u_004417,school_stress,school,False,False,True,False
u_004418,general_checkin,reflection,False,False,False,False
u_004419,school_stress,school,False,False,True,False
u_004420,school_stress,school,False,False,True,False
u_004421,relationships,relationships,False,True,False,False
u_004422,motivation,self_improvement,False,False,False,False
u_004423,career,career,False,False,False,False
u_004424,motivation,self_improvement,False,False,False,False
u_004425,motivation,self_improvement,False,False,False,False
u_004426,school_stress,school,False,False,True,False
u_004427,loneliness,emotional_support,False,False,False,True
u_004428,motivation,self_improvement,False,False,False,False
u_004429,career,career,False,False,False,False
u_004430,motivation,self_improvement,False,False,False,False
u_004431,relationships,relationships,False,True,False,False
u_004432,sleep,wellness,False,False,False,False
u_004433,motivation,self_improvement,False,False,False,False
u_004434,relationships,relationships,False,True,False,False
u_004435,career,career,False,False,False,False
u_004436,school_stress,school,False,False,True,False
u_004437,motivation,self_improvement,False,False,False,False
u_004438,career,career,False,False,False,False
u_004439,relationships,relationships,False,True,False,False
u_004440,loneliness,emotional_support,False,False,False,True
u_004441,loneliness,emotional_support,False,False,False,True
u_004442,relationships,relationships,False,True,False,False
u_004443,school_stress,school,False,False,True,False
u_004444,school_stress,school,False,False,True,False
u_004445,career,career,False,False,False,False
u_004446,school_stress,school,False,False,True,False
u_004447,school_stress,school,False,False,True,False
u_004448,career,career,False,False,False,False
u_004449,career,career,False,False,False,False
u_004450,sleep,wellness,False,False,False,False
u_004451,relationships,relationships,False,True,False,False
u_004452,motivation,self_improvement,False,False,False,False
u_004453,sleep,wellness,False,False,False,False
u_004454,career,career,False,False,False,False
u_004455,relationships,relationships,False,True,False,False
u_004456,relationships,relationships,False,True,False,False
u_004457,motivation,self_improvement,False,False,False,False
u_004458,loneliness,emotional_support,False,False,False,True
u_004459,school_stress,school,False,False,True,False
u_004460,motivation,self_improvement,False,False,False,False
u_004461,relationships,relationships,False,True,False,False
u_004462,school_stress,school,False,False,True,False
u_004463,sleep,wellness,False,False,False,False
u_004464,sleep,wellness,False,False,False,False
u_004465,school_stress,school,False,False,True,False
u_004466,career,career,False,False,False,False
u_004467,sleep,wellness,False,False,False,False
u_004468,school_stress,school,False,False,True,False
u_004469,motivation,self_improvement,False,False,False,False
u_004470,school_stress,school,False,False,True,False
u_004471,motivation,self_improvement,False,False,False,False
u_004472,motivation,self_improvement,False,False,False,False
u_004473,general_checkin,reflection,False,False,False,False
u_004474,sleep,wellness,False,False,False,False
u_004475,relationships,relationships,False,True,False,False
u_004476,general_checkin,reflection,False,False,False,False
u_004477,motivation,self_improvement,False,False,False,False
u_004478,general_checkin,reflection,False,False,False,False
u_004479,relationships,relationships,False,True,False,False
u_004480,motivation,self_improvement,False,False,False,False
u_004481,career,career,False,False,False,False
u_004482,school_stress,school,False,False,True,False
u_004483,general_checkin,reflection,False,False,False,False
u_004484,motivation,self_improvement,False,False,False,False
u_004485,motivation,self_improvement,False,False,False,False
u_004486,relationships,relationships,False,True,False,False
u_004487,career,career,False,False,False,False
u_004488,school_stress,school,False,False,True,False
u_004489,relationships,relationships,False,True,False,False
u_004490,school_stress,school,False,False,True,False
u_004491,family,relationships,False,True,False,False
u_004492,general_checkin,reflection,False,False,False,False
u_004493,school_stress,school,False,False,True,False
u_004494,school_stress,school,False,False,True,False
u_004495,career,career,False,False,False,False
u_004496,relationships,relationships,False,True,False,False
u_004497,motivation,self_improvement,False,False,False,False
u_004498,motivation,self_improvement,False,False,False,False
u_004499,loneliness,emotional_support,False,False,False,True
u_004500,relationships,relationships,False,True,False,False
u_004501,career,career,False,False,False,False
u_004502,motivation,self_improvement,False,False,False,False
u_004503,family,relationships,False,True,False,False
u_004504,career,career,False,False,False,False
u_004505,career,career,False,False,False,False
u_004506,school_stress,school,False,False,True,False
u_004507,relationships,relationships,False,True,False,False
u_004508,relationships,relationships,False,True,False,False
u_004509,relationships,relationships,False,True,False,False
u_004510,general_checkin,reflection,False,False,False,False
u_004511,relationships,relationships,False,True,False,False
u_004512,school_stress,school,False,False,True,False
u_004513,relationships,relationships,False,True,False,False
u_004514,relationships,relationships,False,True,False,False
u_004515,career,career,False,False,False,False
u_004516,family,relationships,False,True,False,False
u_004517,relationships,relationships,False,True,False,False
u_004518,motivation,self_improvement,False,False,False,False
u_004519,career,career,False,False,False,False
u_004520,motivation,self_improvement,False,False,False,False
u_004521,sleep,wellness,False,False,False,False
u_004522,loneliness,emotional_support,False,False,False,True
u_004523,loneliness,emotional_support,False,False,False,True
u_004524,career,career,False,False,False,False
u_004525,sleep,wellness,False,False,False,False
u_004526,school_stress,school,False,False,True,False
u_004527,school_stress,school,False,False,True,False
u_004528,sleep,wellness,False,False,False,False
u_004529,school_stress,school,False,False,True,False
u_004530,relationships,relationships,False,True,False,False
u_004531,sleep,wellness,False,False,False,False
u_004532,motivation,self_improvement,False,False,False,False
u_004533,family,relationships,False,True,False,False
u_004534,family,relationships,False,True,False,False
u_004535,career,career,False,False,False,False
u_004536,school_stress,school,False,False,True,False
u_004537,relationships,relationships,False,True,False,False
u_004538,sleep,wellness,False,False,False,False
u_004539,school_stress,school,False,False,True,False
u_004540,general_checkin,reflection,False,False,False,False
u_004541,general_checkin,reflection,False,False,False,False
u_004542,motivation,self_improvement,False,False,False,False
u_004543,sleep,wellness,False,False,False,False
u_004544,school_stress,school,False,False,True,False
u_004545,school_stress,school,False,False,True,False
u_004546,school_stress,school,False,False,True,False
u_004547,school_stress,school,False,False,True,False
u_004548,school_stress,school,False,False,True,False
u_004549,loneliness,emotional_support,True,False,False,True
u_004550,career,career,False,False,False,False
u_004551,loneliness,emotional_support,False,False,False,True
u_004552,school_stress,school,False,False,True,False
u_004553,motivation,self_improvement,False,False,False,False
u_004554,school_stress,school,False,False,True,False
u_004555,relationships,relationships,False,True,False,False
u_004556,relationships,relationships,False,True,False,False
u_004557,relationships,relationships,False,True,False,False
u_004558,relationships,relationships,False,True,False,False
u_004559,motivation,self_improvement,False,False,False,False
u_004560,motivation,self_improvement,False,False,False,False
u_004561,relationships,relationships,False,True,False,False
u_004562,motivation,self_improvement,False,False,False,False
u_004563,sleep,wellness,False,False,False,False
u_004564,school_stress,school,False,False,True,False
u_004565,loneliness,emotional_support,False,False,False,True
u_004566,sleep,wellness,False,False,False,False
u_004567,motivation,self_improvement,False,False,False,False
u_004568,family,relationships,False,True,False,False
u_004569,school_stress,school,False,False,True,False
u_004570,relationships,relationships,False,True,False,False
u_004571,sleep,wellness,False,False,False,False
u_004572,school_stress,school,False,False,True,False
u_004573,school_stress,school,False,False,True,False
u_004574,general_checkin,reflection,False,False,False,False
u_004575,school_stress,school,False,False,True,False
u_004576,loneliness,emotional_support,False,False,False,True
u_004577,school_stress,school,False,False,True,False
u_004578,loneliness,emotional_support,False,False,False,True
u_004579,sleep,wellness,False,False,False,False
u_004580,motivation,self_improvement,False,False,False,False
u_004581,general_checkin,reflection,False,False,False,False
u_004582,career,career,False,False,False,False
u_004583,school_stress,school,False,False,True,False
u_004584,loneliness,emotional_support,False,False,False,True
u_004585,general_checkin,reflection,False,False,False,False
u_004586,motivation,self_improvement,False,False,False,False
u_004587,motivation,self_improvement,False,False,False,False
u_004588,career,career,False,False,False,False
u_004589,family,relationships,False,True,False,False
u_004590,career,career,False,False,False,False
u_004591,sleep,wellness,False,False,False,False
u_004592,school_stress,school,False,False,True,False
u_004593,loneliness,emotional_support,False,False,False,True
u_004594,motivation,self_improvement,False,False,False,False
u_004595,school_stress,school,False,False,True,False
u_004596,career,career,False,False,False,False
u_004597,relationships,relationships,False,True,False,False
u_004598,sleep,wellness,False,False,False,False
u_004599,relationships,relationships,False,True,False,False
u_004600,general_checkin,reflection,False,False,False,False
u_004601,sleep,wellness,False,False,False,False
u_004602,school_stress,school,False,False,True,False
u_004603,career,career,False,False,False,False
u_004604,motivation,self_improvement,False,False,False,False
u_004605,career,career,False,False,False,False
u_004606,career,career,False,False,False,False
u_004607,relationships,relationships,False,True,False,False
u_004608,school_stress,school,False,False,True,False
u_004609,relationships,relationships,False,True,False,False
u_004610,relationships,relationships,False,True,False,False
u_004611,motivation,self_improvement,False,False,False,False
u_004612,family,relationships,False,True,False,False
u_004613,sleep,wellness,False,False,False,False
u_004614,family,relationships,False,True,False,False
u_004615,loneliness,emotional_support,False,False,False,True
u_004616,family,relationships,False,True,False,False
u_004617,sleep,wellness,False,False,False,False
u_004618,motivation,self_improvement,False,False,False,False
u_004619,school_stress,school,False,False,True,False
u_004620,loneliness,emotional_support,True,False,False,True
u_004621,school_stress,school,False,False,True,False
u_004622,sleep,wellness,False,False,False,False
u_004623,relationships,relationships,False,True,False,False
u_004624,relationships,relationships,False,True,False,False
u_004625,motivation,self_improvement,False,False,False,False
u_004626,loneliness,emotional_support,False,False,False,True
u_004627,family,relationships,False,True,False,False
u_004628,motivation,self_improvement,False,False,False,False
u_004629,relationships,relationships,False,True,False,False
u_004630,sleep,wellness,False,False,False,False
u_004631,relationships,relationships,False,True,False,False
u_004632,school_stress,school,False,False,True,False
u_004633,sleep,wellness,False,False,False,False
u_004634,sleep,wellness,False,False,False,False
u_004635,career,career,False,False,False,False
u_004636,general_checkin,reflection,False,False,False,False
u_004637,relationships,relationships,False,True,False,False
u_004638,motivation,self_improvement,False,False,False,False
u_004639,career,career,False,False,False,False
u_004640,motivation,self_improvement,False,False,False,False
u_004641,loneliness,emotional_support,False,False,False,True
u_004642,school_stress,school,False,False,True,False
u_004643,relationships,relationships,False,True,False,False
u_004644,relationships,relationships,False,True,False,False
u_004645,general_checkin,reflection,False,False,False,False
u_004646,relationships,relationships,False,True,False,False
u_004647,sleep,wellness,False,False,False,False
u_004648,general_checkin,reflection,False,False,False,False
u_004649,school_stress,school,False,False,True,False
u_004650,school_stress,school,False,False,True,False
u_004651,school_stress,school,False,False,True,False
u_004652,relationships,relationships,False,True,False,False
u_004653,loneliness,emotional_support,False,False,False,True
u_004654,motivation,self_improvement,False,False,False,False
u_004655,motivation,self_improvement,True,False,False,False
u_004656,school_stress,school,False,False,True,False
u_004657,loneliness,emotional_support,False,False,False,True
u_004658,school_stress,school,False,False,True,False
u_004659,relationships,relationships,False,True,False,False
u_004660,sleep,wellness,False,False,False,False
u_004661,relationships,relationships,False,True,False,False
u_004662,relationships,relationships,False,True,False,False
u_004663,general_checkin,reflection,False,False,False,False
u_004664,school_stress,school,False,False,True,False
u_004665,relationships,relationships,False,True,False,False
u_004666,school_stress,school,False,False,True,False
u_004667,motivation,self_improvement,False,False,False,False
u_004668,school_stress,school,False,False,True,False
u_004669,general_checkin,reflection,False,False,False,False
u_004670,general_checkin,reflection,False,False,False,False
u_004671,school_stress,school,False,False,True,False
u_004672,loneliness,emotional_support,False,False,False,True
u_004673,school_stress,school,False,False,True,False
u_004674,school_stress,school,False,False,True,False
u_004675,loneliness,emotional_support,False,False,False,True
u_004676,relationships,relationships,False,True,False,False
u_004677,relationships,relationships,True,True,False,False
u_004678,loneliness,emotional_support,False,False,False,True
u_004679,relationships,relationships,False,True,False,False
u_004680,school_stress,school,False,False,True,False
u_004681,school_stress,school,False,False,True,False
u_004682,sleep,wellness,False,False,False,False
u_004683,family,relationships,False,True,False,False
u_004684,general_checkin,reflection,False,False,False,False
u_004685,career,career,False,False,False,False
u_004686,loneliness,emotional_support,False,False,False,True
u_004687,relationships,relationships,False,True,False,False
u_004688,relationships,relationships,False,True,False,False
u_004689,family,relationships,False,True,False,False
u_004690,career,career,False,False,False,False
u_004691,career,career,False,False,False,False
u_004692,motivation,self_improvement,False,False,False,False
u_004693,general_checkin,reflection,False,False,False,False
u_004694,school_stress,school,False,False,True,False
u_004695,general_checkin,reflection,False,False,False,False
u_004696,motivation,self_improvement,False,False,False,False
u_004697,loneliness,emotional_support,False,False,False,True
u_004698,family,relationships,False,True,False,False
u_004699,loneliness,emotional_support,False,False,False,True
u_004700,relationships,relationships,False,True,False,False
u_004701,school_stress,school,False,False,True,False
u_004702,school_stress,school,False,False,True,False
u_004703,motivation,self_improvement,False,False,False,False
u_004704,school_stress,school,False,False,True,False
u_004705,school_stress,school,False,False,True,False
u_004706,career,career,False,False,False,False
u_004707,school_stress,school,False,False,True,False
u_004708,school_stress,school,False,False,True,False
u_004709,relationships,relationships,False,True,False,False
u_004710,motivation,self_improvement,False,False,False,False
u_004711,relationships,relationships,True,True,False,False
u_004712,relationships,relationships,False,True,False,False
u_004713,school_stress,school,False,False,True,False
u_004714,family,relationships,False,True,False,False
u_004715,general_checkin,reflection,False,False,False,False
u_004716,career,career,False,False,False,False
u_004717,motivation,self_improvement,False,False,False,False
u_004718,relationships,relationships,False,True,False,False
u_004719,relationships,relationships,False,True,False,False
u_004720,school_stress,school,False,False,True,False
u_004721,school_stress,school,False,False,True,False
u_004722,family,relationships,False,True,False,False
u_004723,school_stress,school,False,False,True,False
u_004724,career,career,False,False,False,False
u_004725,school_stress,school,False,False,True,False
u_004726,career,career,False,False,False,False
u_004727,family,relationships,False,True,False,False
u_004728,family,relationships,False,True,False,False
u_004729,school_stress,school,False,False,True,False
u_004730,school_stress,school,False,False,True,False
u_004731,general_checkin,reflection,False,False,False,False
u_004732,motivation,self_improvement,False,False,False,False
u_004733,general_checkin,reflection,False,False,False,False
u_004734,loneliness,emotional_support,False,False,False,True
u_004735,general_checkin,reflection,False,False,False,False
u_004736,motivation,self_improvement,False,False,False,False
u_004737,school_stress,school,False,False,True,False
u_004738,relationships,relationships,False,True,False,False
u_004739,sleep,wellness,False,False,False,False
u_004740,relationships,relationships,False,True,False,False
u_004741,motivation,self_improvement,False,False,False,False
u_004742,career,career,False,False,False,False
u_004743,relationships,relationships,False,True,False,False
u_004744,loneliness,emotional_support,False,False,False,True
u_004745,school_stress,school,False,False,True,False
u_004746,motivation,self_improvement,False,False,False,False
u_004747,relationships,relationships,False,True,False,False
u_004748,sleep,wellness,False,False,False,False
u_004749,career,career,False,False,False,False
u_004750,loneliness,emotional_support,False,False,False,True
u_004751,school_stress,school,False,False,True,False
u_004752,motivation,self_improvement,False,False,False,False
u_004753,motivation,self_improvement,False,False,False,False
u_004754,career,career,False,False,False,False
u_004755,relationships,relationships,False,True,False,False
u_004756,sleep,wellness,False,False,False,False
u_004757,general_checkin,reflection,False,False,False,False
u_004758,sleep,wellness,False,False,False,False
u_004759,school_stress,school,False,False,True,False
u_004760,relationships,relationships,False,True,False,False
u_004761,school_stress,school,False,False,True,False
u_004762,general_checkin,reflection,False,False,False,False
u_004763,career,career,False,False,False,False
u_004764,general_checkin,reflection,False,False,False,False
u_004765,school_stress,school,False,False,True,False
u_004766,school_stress,school,False,False,True,False
u_004767,school_stress,school,False,False,True,False
u_004768,loneliness,emotional_support,True,False,False,True
u_004769,relationships,relationships,False,True,False,False
u_004770,sleep,wellness,False,False,False,False
u_004771,family,relationships,False,True,False,False
u_004772,sleep,wellness,False,False,False,False
u_004773,school_stress,school,False,False,True,False
u_004774,loneliness,emotional_support,False,False,False,True
u_004775,sleep,wellness,False,False,False,False
u_004776,relationships,relationships,False,True,False,False
u_004777,relationships,relationships,False,True,False,False
u_004778,sleep,wellness,False,False,False,False
u_004779,general_checkin,reflection,False,False,False,False
u_004780,school_stress,school,False,False,True,False
u_004781,relationships,relationships,False,True,False,False
u_004782,sleep,wellness,False,False,False,False
u_004783,relationships,relationships,False,True,False,False
u_004784,school_stress,school,False,False,True,False
u_004785,career,career,False,False,False,False
u_004786,motivation,self_improvement,False,False,False,False
u_004787,school_stress,school,False,False,True,False
u_004788,family,relationships,False,True,False,False
u_004789,general_checkin,reflection,False,False,False,False
u_004790,school_stress,school,False,False,True,False
u_004791,general_checkin,reflection,False,False,False,False
u_004792,relationships,relationships,False,True,False,False
u_004793,relationships,relationships,False,True,False,False
u_004794,general_checkin,reflection,False,False,False,False
u_004795,motivation,self_improvement,False,False,False,False
u_004796,loneliness,emotional_support,False,False,False,True
u_004797,motivation,self_improvement,False,False,False,False
u_004798,relationships,relationships,False,True,False,False
u_004799,relationships,relationships,False,True,False,False
u_004800,school_stress,school,False,False,True,False
u_004801,career,career,False,False,False,False
u_004802,general_checkin,reflection,False,False,False,False
u_004803,general_checkin,reflection,False,False,False,False
u_004804,school_stress,school,False,False,True,False
u_004805,loneliness,emotional_support,False,False,False,True
u_004806,relationships,relationships,False,True,False,False
u_004807,school_stress,school,False,False,True,False
u_004808,school_stress,school,False,False,True,False
u_004809,career,career,False,False,False,False
u_004810,school_stress,school,False,False,True,False
u_004811,sleep,wellness,False,False,False,False
u_004812,family,relationships,False,True,False,False
u_004813,school_stress,school,False,False,True,False
u_004814,career,career,False,False,False,False
u_004815,school_stress,school,False,False,True,False
u_004816,career,career,False,False,False,False
u_004817,motivation,self_improvement,False,False,False,False
u_004818,sleep,wellness,False,False,False,False
u_004819,school_stress,school,False,False,True,False
u_004820,school_stress,school,False,False,True,False
u_004821,motivation,self_improvement,False,False,False,False
u_004822,motivation,self_improvement,False,False,False,False
u_004823,career,career,False,False,False,False
u_004824,loneliness,emotional_support,True,False,False,True
u_004825,general_checkin,reflection,False,False,False,False
u_004826,school_stress,school,False,False,True,False
u_004827,school_stress,school,False,False,True,False
u_004828,relationships,relationships,False,True,False,False
u_004829,school_stress,school,False,False,True,False
u_004830,school_stress,school,False,False,True,False
u_004831,school_stress,school,False,False,True,False
u_004832,loneliness,emotional_support,False,False,False,True
u_004833,school_stress,school,False,False,True,False
u_004834,general_checkin,reflection,False,False,False,False
u_004835,loneliness,emotional_support,False,False,False,True
u_004836,general_checkin,reflection,False,False,False,False
u_004837,motivation,self_improvement,False,False,False,False
u_004838,sleep,wellness,False,False,False,False
u_004839,relationships,relationships,False,True,False,False
u_004840,motivation,self_improvement,False,False,False,False
u_004841,relationships,relationships,False,True,False,False
u_004842,general_checkin,reflection,False,False,False,False
u_004843,loneliness,emotional_support,False,False,False,True
u_004844,loneliness,emotional_support,False,False,False,True
u_004845,relationships,relationships,False,True,False,False
u_004846,loneliness,emotional_support,True,False,False,True
u_004847,school_stress,school,False,False,True,False
u_004848,career,career,False,False,False,False
u_004849,sleep,wellness,False,False,False,False
u_004850,motivation,self_improvement,False,False,False,False
u_004851,school_stress,school,True,False,True,False
u_004852,motivation,self_improvement,False,False,False,False
u_004853,motivation,self_improvement,False,False,False,False
u_004854,general_checkin,reflection,False,False,False,False
u_004855,sleep,wellness,False,False,False,False
u_004856,school_stress,school,False,False,True,False
u_004857,school_stress,school,False,False,True,False
u_004858,loneliness,emotional_support,False,False,False,True
u_004859,general_checkin,reflection,False,False,False,False
u_004860,family,relationships,False,True,False,False
u_004861,motivation,self_improvement,False,False,False,False
u_004862,career,career,False,False,False,False
u_004863,relationships,relationships,False,True,False,False
u_004864,career,career,False,False,False,False
u_004865,relationships,relationships,False,True,False,False
u_004866,school_stress,school,False,False,True,False
u_004867,relationships,relationships,False,True,False,False
u_004868,relationships,relationships,False,True,False,False
u_004869,career,career,False,False,False,False
u_004870,career,career,False,False,False,False
u_004871,school_stress,school,False,False,True,False
u_004872,school_stress,school,False,False,True,False
u_004873,general_checkin,reflection,False,False,False,False
u_004874,general_checkin,reflection,False,False,False,False
u_004875,loneliness,emotional_support,False,False,False,True
u_004876,relationships,relationships,True,True,False,False
u_004877,relationships,relationships,False,True,False,False
u_004878,career,career,False,False,False,False
u_004879,school_stress,school,False,False,True,False
u_004880,general_checkin,reflection,False,False,False,False
u_004881,general_checkin,reflection,False,False,False,False
u_004882,school_stress,school,False,False,True,False
u_004883,loneliness,emotional_support,False,False,False,True
u_004884,general_checkin,reflection,False,False,False,False
u_004885,motivation,self_improvement,False,False,False,False
u_004886,general_checkin,reflection,False,False,False,False
u_004887,general_checkin,reflection,False,False,False,False
u_004888,general_checkin,reflection,False,False,False,False
u_004889,school_stress,school,False,False,True,False
u_004890,school_stress,school,False,False,True,False
u_004891,career,career,False,False,False,False
u_004892,loneliness,emotional_support,False,False,False,True
u_004893,sleep,wellness,False,False,False,False
u_004894,career,career,False,False,False,False
u_004895,relationships,relationships,False,True,False,False
u_004896,career,career,False,False,False,False
u_004897,family,relationships,False,True,False,False
u_004898,career,career,False,False,False,False
u_004899,school_stress,school,False,False,True,False
u_004900,sleep,wellness,False,False,False,False
u_004901,career,career,False,False,False,False
u_004902,loneliness,emotional_support,False,False,False,True
u_004903,sleep,wellness,False,False,False,False
u_004904,school_stress,school,False,False,True,False
u_004905,motivation,self_improvement,False,False,False,False
u_004906,motivation,self_improvement,False,False,False,False
u_004907,relationships,relationships,False,True,False,False
u_004908,relationships,relationships,False,True,False,False
u_004909,loneliness,emotional_support,False,False,False,True
u_004910,loneliness,emotional_support,False,False,False,True
u_004911,relationships,relationships,False,True,False,False
u_004912,school_stress,school,False,False,True,False
u_004913,relationships,relationships,False,True,False,False
u_004914,school_stress,school,False,False,True,False
u_004915,motivation,self_improvement,False,False,False,False
u_004916,family,relationships,False,True,False,False
u_004917,sleep,wellness,False,False,False,False
u_004918,motivation,self_improvement,False,False,False,False
u_004919,career,career,False,False,False,False
u_004920,motivation,self_improvement,False,False,False,False
u_004921,career,career,False,False,False,False
u_004922,relationships,relationships,False,True,False,False
u_004923,career,career,False,False,False,False
u_004924,motivation,self_improvement,False,False,False,False
u_004925,loneliness,emotional_support,False,False,False,True
u_004926,family,relationships,False,True,False,False
u_004927,sleep,wellness,False,False,False,False
u_004928,school_stress,school,False,False,True,False
u_004929,loneliness,emotional_support,False,False,False,True
u_004930,career,career,False,False,False,False
u_004931,loneliness,emotional_support,False,False,False,True
u_004932,relationships,relationships,False,True,False,False
u_004933,relationships,relationships,False,True,False,False
u_004934,motivation,self_improvement,False,False,False,False
u_004935,motivation,self_improvement,False,False,False,False
u_004936,school_stress,school,False,False,True,False
u_004937,motivation,self_improvement,False,False,False,False
u_004938,motivation,self_improvement,False,False,False,False
u_004939,sleep,wellness,False,False,False,False
u_004940,career,career,False,False,False,False
u_004941,general_checkin,reflection,False,False,False,False
u_004942,school_stress,school,False,False,True,False
u_004943,general_checkin,reflection,False,False,False,False
u_004944,sleep,wellness,False,False,False,False
u_004945,motivation,self_improvement,False,False,False,False
u_004946,loneliness,emotional_support,False,False,False,True
u_004947,relationships,relationships,False,True,False,False
u_004948,motivation,self_improvement,False,False,False,False
u_004949,motivation,self_improvement,False,False,False,False
u_004950,family,relationships,False,True,False,False
u_004951,loneliness,emotional_support,False,False,False,True
u_004952,loneliness,emotional_support,False,False,False,True
u_004953,family,relationships,False,True,False,False
u_004954,sleep,wellness,False,False,False,False
u_004955,school_stress,school,False,False,True,False
u_004956,motivation,self_improvement,False,False,False,False
u_004957,school_stress,school,False,False,True,False
u_004958,motivation,self_improvement,False,False,False,False
u_004959,loneliness,emotional_support,False,False,False,True
u_004960,sleep,wellness,False,False,False,False
u_004961,sleep,wellness,False,False,False,False
u_004962,motivation,self_improvement,False,False,False,False
u_004963,school_stress,school,False,False,True,False
u_004964,relationships,relationships,False,True,False,False
u_004965,school_stress,school,False,False,True,False
u_004966,loneliness,emotional_support,False,False,False,True
u_004967,motivation,self_improvement,False,False,False,False
u_004968,school_stress,school,False,False,True,False
u_004969,career,career,False,False,False,False
u_004970,motivation,self_improvement,False,False,False,False
u_004971,school_stress,school,False,False,True,False
u_004972,general_checkin,reflection,False,False,False,False
u_004973,loneliness,emotional_support,False,False,False,True
u_004974,general_checkin,reflection,False,False,False,False
u_004975,school_stress,school,False,False,True,False
u_004976,school_stress,school,False,False,True,False
u_004977,school_stress,school,False,False,True,False
u_004978,school_stress,school,False,False,True,False
u_004979,relationships,relationships,False,True,False,False
u_004980,career,career,False,False,False,False
u_004981,relationships,relationships,False,True,False,False
u_004982,sleep,wellness,False,False,False,False
u_004983,motivation,self_improvement,False,False,False,False
u_004984,motivation,self_improvement,False,False,False,False
u_004985,relationships,relationships,False,True,False,False
u_004986,general_checkin,reflection,False,False,False,False
u_004987,relationships,relationships,False,True,False,False
u_004988,motivation,self_improvement,False,False,False,False
u_004989,family,relationships,False,True,False,False
u_004990,loneliness,emotional_support,False,False,False,True
u_004991,school_stress,school,False,False,True,False
u_004992,relationships,relationships,True,True,False,False
u_004993,general_checkin,reflection,False,False,False,False
u_004994,motivation,self_improvement,False,False,False,False
u_004995,loneliness,emotional_support,False,False,False,True
u_004996,relationships,relationships,False,True,False,False
u_004997,school_stress,school,False,False,True,False
u_004998,general_checkin,reflection,False,False,False,False
u_004999,general_checkin,reflection,False,False,False,False
u_005000,motivation,self_improvement,False,False,False,False
u_005001,motivation,self_improvement,False,False,False,False
u_005002,relationships,relationships,False,True,False,False
u_005003,motivation,self_improvement,False,False,False,False
u_005004,sleep,wellness,False,False,False,False
u_005005,motivation,self_improvement,False,False,False,False
u_005006,relationships,relationships,False,True,False,False
u_005007,career,career,False,False,False,False
u_005008,loneliness,emotional_support,False,False,False,True
u_005009,school_stress,school,False,False,True,False
u_005010,sleep,wellness,False,False,False,False
u_005011,motivation,self_improvement,False,False,False,False
u_005012,loneliness,emotional_support,False,False,False,True
u_005013,loneliness,emotional_support,False,False,False,True
u_005014,relationships,relationships,False,True,False,False
u_005015,school_stress,school,False,False,True,False
u_005016,school_stress,school,False,False,True,False
u_005017,career,career,False,False,False,False
u_005018,school_stress,school,False,False,True,False
u_005019,sleep,wellness,False,False,False,False
u_005020,relationships,relationships,False,True,False,False
u_005021,general_checkin,reflection,False,False,False,False
u_005022,sleep,wellness,False,False,False,False
u_005023,career,career,False,False,False,False
u_005024,loneliness,emotional_support,False,False,False,True
u_005025,school_stress,school,False,False,True,False
u_005026,sleep,wellness,False,False,False,False
u_005027,motivation,self_improvement,False,False,False,False
u_005028,school_stress,school,False,False,True,False
u_005029,relationships,relationships,False,True,False,False
u_005030,career,career,False,False,False,False
u_005031,motivation,self_improvement,False,False,False,False
u_005032,relationships,relationships,False,True,False,False
u_005033,motivation,self_improvement,False,False,False,False
u_005034,general_checkin,reflection,False,False,False,False
u_005035,general_checkin,reflection,False,False,False,False
u_005036,school_stress,school,False,False,True,False
u_005037,motivation,self_improvement,False,False,False,False
u_005038,motivation,self_improvement,False,False,False,False
u_005039,school_stress,school,False,False,True,False
u_005040,sleep,wellness,False,False,False,False
u_005041,relationships,relationships,False,True,False,False
u_005042,family,relationships,False,True,False,False
u_005043,relationships,relationships,False,True,False,False
u_005044,sleep,wellness,False,False,False,False
u_005045,general_checkin,reflection,False,False,False,False
u_005046,sleep,wellness,False,False,False,False
u_005047,career,career,False,False,False,False
u_005048,relationships,relationships,False,True,False,False
u_005049,general_checkin,reflection,False,False,False,False
u_005050,motivation,self_improvement,False,False,False,False
u_005051,loneliness,emotional_support,False,False,False,True
u_005052,school_stress,school,False,False,True,False
u_005053,career,career,False,False,False,False
u_005054,loneliness,emotional_support,False,False,False,True
u_005055,school_stress,school,False,False,True,False
u_005056,school_stress,school,False,False,True,False
u_005057,motivation,self_improvement,False,False,False,False
u_005058,relationships,relationships,False,True,False,False
u_005059,school_stress,school,False,False,True,False
u_005060,relationships,relationships,False,True,False,False
u_005061,relationships,relationships,False,True,False,False
u_005062,motivation,self_improvement,False,False,False,False
u_005063,school_stress,school,False,False,True,False
u_005064,motivation,self_improvement,False,False,False,False
u_005065,school_stress,school,False,False,True,False
u_005066,relationships,relationships,False,True,False,False
u_005067,career,career,False,False,False,False
u_005068,relationships,relationships,False,True,False,False
u_005069,loneliness,emotional_support,False,False,False,True
u_005070,general_checkin,reflection,False,False,False,False
u_005071,loneliness,emotional_support,False,False,False,True
u_005072,motivation,self_improvement,False,False,False,False
u_005073,relationships,relationships,False,True,False,False
u_005074,motivation,self_improvement,False,False,False,False
u_005075,general_checkin,reflection,False,False,False,False
u_005076,general_checkin,reflection,False,False,False,False
u_005077,relationships,relationships,False,True,False,False
u_005078,career,career,False,False,False,False
u_005079,school_stress,school,False,False,True,False
u_005080,relationships,relationships,False,True,False,False
u_005081,school_stress,school,False,False,True,False
u_005082,motivation,self_improvement,False,False,False,False
u_005083,motivation,self_improvement,False,False,False,False
u_005084,school_stress,school,False,False,True,False
u_005085,relationships,relationships,False,True,False,False
u_005086,motivation,self_improvement,False,False,False,False
u_005087,general_checkin,reflection,False,False,False,False
u_005088,general_checkin,reflection,False,False,False,False
u_005089,relationships,relationships,False,True,False,False
u_005090,motivation,self_improvement,False,False,False,False
u_005091,relationships,relationships,False,True,False,False
u_005092,relationships,relationships,False,True,False,False
u_005093,relationships,relationships,False,True,False,False
u_005094,sleep,wellness,False,False,False,False
u_005095,school_stress,school,False,False,True,False
u_005096,sleep,wellness,False,False,False,False
u_005097,loneliness,emotional_support,False,False,False,True
u_005098,general_checkin,reflection,False,False,False,False
u_005099,school_stress,school,False,False,True,False
u_005100,relationships,relationships,False,True,False,False
u_005101,motivation,self_improvement,False,False,False,False
u_005102,general_checkin,reflection,False,False,False,False
u_005103,motivation,self_improvement,False,False,False,False
u_005104,loneliness,emotional_support,False,False,False,True
u_005105,motivation,self_improvement,False,False,False,False
u_005106,general_checkin,reflection,False,False,False,False
u_005107,career,career,False,False,False,False
u_005108,loneliness,emotional_support,False,False,False,True
u_005109,sleep,wellness,False,False,False,False
u_005110,motivation,self_improvement,False,False,False,False
u_005111,loneliness,emotional_support,False,False,False,True
u_005112,general_checkin,reflection,False,False,False,False
u_005113,school_stress,school,False,False,True,False
u_005114,motivation,self_improvement,False,False,False,False
u_005115,relationships,relationships,False,True,False,False
u_005116,relationships,relationships,False,True,False,False
u_005117,school_stress,school,False,False,True,False
u_005118,family,relationships,False,True,False,False
u_005119,motivation,self_improvement,False,False,False,False
u_005120,motivation,self_improvement,False,False,False,False
u_005121,general_checkin,reflection,False,False,False,False
u_005122,school_stress,school,False,False,True,False
u_005123,motivation,self_improvement,False,False,False,False
u_005124,sleep,wellness,False,False,False,False
u_005125,career,career,False,False,False,False
u_005126,motivation,self_improvement,False,False,False,False
u_005127,school_stress,school,False,False,True,False
u_005128,sleep,wellness,False,False,False,False
u_005129,relationships,relationships,False,True,False,False
u_005130,loneliness,emotional_support,False,False,False,True
u_005131,loneliness,emotional_support,False,False,False,True
u_005132,career,career,False,False,False,False
u_005133,school_stress,school,False,False,True,False
u_005134,school_stress,school,False,False,True,False
u_005135,motivation,self_improvement,False,False,False,False
u_005136,relationships,relationships,False,True,False,False
u_005137,career,career,False,False,False,False
u_005138,general_checkin,reflection,False,False,False,False
u_005139,loneliness,emotional_support,False,False,False,True
u_005140,school_stress,school,False,False,True,False
u_005141,loneliness,emotional_support,False,False,False,True
u_005142,loneliness,emotional_support,False,False,False,True
u_005143,school_stress,school,False,False,True,False
u_005144,sleep,wellness,False,False,False,False
u_005145,school_stress,school,False,False,True,False
u_005146,career,career,False,False,False,False
u_005147,relationships,relationships,False,True,False,False
u_005148,sleep,wellness,False,False,False,False
u_005149,school_stress,school,False,False,True,False
u_005150,school_stress,school,False,False,True,False
u_005151,relationships,relationships,False,True,False,False
u_005152,motivation,self_improvement,False,False,False,False
u_005153,school_stress,school,False,False,True,False
u_005154,relationships,relationships,False,True,False,False
u_005155,school_stress,school,False,False,True,False
u_005156,loneliness,emotional_support,False,False,False,True
u_005157,school_stress,school,False,False,True,False
u_005158,school_stress,school,False,False,True,False
u_005159,school_stress,school,False,False,True,False
u_005160,general_checkin,reflection,False,False,False,False
u_005161,loneliness,emotional_support,False,False,False,True
u_005162,sleep,wellness,False,False,False,False
u_005163,career,career,False,False,False,False
u_005164,relationships,relationships,False,True,False,False
u_005165,motivation,self_improvement,False,False,False,False
u_005166,school_stress,school,False,False,True,False
u_005167,school_stress,school,False,False,True,False
u_005168,general_checkin,reflection,False,False,False,False
u_005169,school_stress,school,False,False,True,False
u_005170,family,relationships,False,True,False,False
u_005171,school_stress,school,False,False,True,False
u_005172,relationships,relationships,False,True,False,False
u_005173,school_stress,school,False,False,True,False
u_005174,school_stress,school,False,False,True,False
u_005175,career,career,False,False,False,False
u_005176,sleep,wellness,False,False,False,False
u_005177,career,career,False,False,False,False
u_005178,school_stress,school,False,False,True,False
u_005179,loneliness,emotional_support,False,False,False,True
u_005180,relationships,relationships,False,True,False,False
u_005181,relationships,relationships,False,True,False,False
u_005182,relationships,relationships,False,True,False,False
u_005183,relationships,relationships,False,True,False,False
u_005184,sleep,wellness,False,False,False,False
u_005185,school_stress,school,False,False,True,False
u_005186,family,relationships,False,True,False,False
u_005187,sleep,wellness,False,False,False,False
u_005188,loneliness,emotional_support,False,False,False,True
u_005189,school_stress,school,False,False,True,False
u_005190,relationships,relationships,False,True,False,False
u_005191,loneliness,emotional_support,False,False,False,True
u_005192,general_checkin,reflection,False,False,False,False
u_005193,sleep,wellness,False,False,False,False
u_005194,sleep,wellness,False,False,False,False
u_005195,general_checkin,reflection,False,False,False,False
u_005196,general_checkin,reflection,False,False,False,False
u_005197,relationships,relationships,False,True,False,False
u_005198,relationships,relationships,False,True,False,False
u_005199,relationships,relationships,False,True,False,False
u_005200,motivation,self_improvement,False,False,False,False
u_005201,motivation,self_improvement,False,False,False,False
u_005202,motivation,self_improvement,False,False,False,False
u_005203,school_stress,school,False,False,True,False
u_005204,school_stress,school,False,False,True,False
u_005205,general_checkin,reflection,False,False,False,False
u_005206,school_stress,school,False,False,True,False
u_005207,loneliness,emotional_support,False,False,False,True
u_005208,sleep,wellness,False,False,False,False
u_005209,loneliness,emotional_support,False,False,False,True
u_005210,sleep,wellness,False,False,False,False
u_005211,career,career,False,False,False,False
u_005212,motivation,self_improvement,False,False,False,False
u_005213,loneliness,emotional_support,False,False,False,True
u_005214,relationships,relationships,False,True,False,False
u_005215,loneliness,emotional_support,False,False,False,True
u_005216,sleep,wellness,False,False,False,False
u_005217,sleep,wellness,False,False,False,False
u_005218,sleep,wellness,False,False,False,False
u_005219,career,career,False,False,False,False
u_005220,career,career,False,False,False,False
u_005221,motivation,self_improvement,False,False,False,False
u_005222,motivation,self_improvement,False,False,False,False
u_005223,general_checkin,reflection,False,False,False,False
u_005224,career,career,False,False,False,False
u_005225,general_checkin,reflection,False,False,False,False
u_005226,motivation,self_improvement,False,False,False,False
u_005227,motivation,self_improvement,False,False,False,False
u_005228,school_stress,school,False,False,True,False
u_005229,school_stress,school,False,False,True,False
u_005230,relationships,relationships,False,True,False,False
u_005231,loneliness,emotional_support,True,False,False,True
u_005232,sleep,wellness,False,False,False,False
u_005233,relationships,relationships,False,True,False,False
u_005234,career,career,False,False,False,False
u_005235,motivation,self_improvement,False,False,False,False
u_005236,school_stress,school,False,False,True,False
u_005237,career,career,False,False,False,False
u_005238,loneliness,emotional_support,False,False,False,True
u_005239,sleep,wellness,False,False,False,False
u_005240,loneliness,emotional_support,False,False,False,True
u_005241,loneliness,emotional_support,False,False,False,True
u_005242,motivation,self_improvement,False,False,False,False
u_005243,relationships,relationships,False,True,False,False
u_005244,general_checkin,reflection,False,False,False,False
u_005245,relationships,relationships,False,True,False,False
u_005246,school_stress,school,False,False,True,False
u_005247,sleep,wellness,False,False,False,False
u_005248,family,relationships,False,True,False,False
u_005249,relationships,relationships,False,True,False,False
u_005250,motivation,self_improvement,False,False,False,False
u_005251,career,career,False,False,False,False
u_005252,school_stress,school,False,False,True,False
u_005253,general_checkin,reflection,False,False,False,False
u_005254,career,career,False,False,False,False
u_005255,career,career,False,False,False,False
u_005256,school_stress,school,False,False,True,False
u_005257,motivation,self_improvement,False,False,False,False
u_005258,relationships,relationships,False,True,False,False
u_005259,relationships,relationships,False,True,False,False
u_005260,motivation,self_improvement,False,False,False,False
u_005261,career,career,False,False,False,False
u_005262,relationships,relationships,False,True,False,False
u_005263,school_stress,school,False,False,True,False
u_005264,relationships,relationships,False,True,False,False
u_005265,career,career,False,False,False,False
u_005266,loneliness,emotional_support,False,False,False,True
u_005267,motivation,self_improvement,False,False,False,False
u_005268,loneliness,emotional_support,False,False,False,True
u_005269,school_stress,school,False,False,True,False
u_005270,motivation,self_improvement,False,False,False,False
u_005271,relationships,relationships,False,True,False,False
u_005272,relationships,relationships,False,True,False,False
u_005273,school_stress,school,False,False,True,False
u_005274,school_stress,school,False,False,True,False
u_005275,relationships,relationships,False,True,False,False
u_005276,general_checkin,reflection,False,False,False,False
u_005277,loneliness,emotional_support,False,False,False,True
u_005278,school_stress,school,False,False,True,False
u_005279,motivation,self_improvement,False,False,False,False
u_005280,school_stress,school,False,False,True,False
u_005281,general_checkin,reflection,False,False,False,False
u_005282,family,relationships,False,True,False,False
u_005283,career,career,False,False,False,False
u_005284,sleep,wellness,False,False,False,False
u_005285,general_checkin,reflection,False,False,False,False
u_005286,relationships,relationships,False,True,False,False
u_005287,career,career,False,False,False,False
u_005288,school_stress,school,False,False,True,False
u_005289,career,career,False,False,False,False
u_005290,relationships,relationships,False,True,False,False
u_005291,motivation,self_improvement,False,False,False,False
u_005292,motivation,self_improvement,False,False,False,False
u_005293,general_checkin,reflection,False,False,False,False
u_005294,sleep,wellness,False,False,False,False
u_005295,relationships,relationships,False,True,False,False
u_005296,family,relationships,False,True,False,False
u_005297,career,career,False,False,False,False
u_005298,school_stress,school,False,False,True,False
u_005299,motivation,self_improvement,False,False,False,False
u_005300,motivation,self_improvement,False,False,False,False
u_005301,sleep,wellness,False,False,False,False
u_005302,general_checkin,reflection,False,False,False,False
u_005303,career,career,False,False,False,False
u_005304,loneliness,emotional_support,False,False,False,True
u_005305,sleep,wellness,False,False,False,False
u_005306,motivation,self_improvement,False,False,False,False
u_005307,family,relationships,False,True,False,False
u_005308,school_stress,school,False,False,True,False
u_005309,school_stress,school,False,False,True,False
u_005310,school_stress,school,False,False,True,False
u_005311,relationships,relationships,False,True,False,False
u_005312,sleep,wellness,False,False,False,False
u_005313,sleep,wellness,False,False,False,False
u_005314,relationships,relationships,False,True,False,False
u_005315,motivation,self_improvement,False,False,False,False
u_005316,motivation,self_improvement,False,False,False,False
u_005317,career,career,False,False,False,False
u_005318,career,career,False,False,False,False
u_005319,motivation,self_improvement,False,False,False,False
u_005320,motivation,self_improvement,False,False,False,False
u_005321,motivation,self_improvement,False,False,False,False
u_005322,general_checkin,reflection,False,False,False,False
u_005323,relationships,relationships,False,True,False,False
u_005324,relationships,relationships,False,True,False,False
u_005325,school_stress,school,False,False,True,False
u_005326,relationships,relationships,False,True,False,False
u_005327,relationships,relationships,False,True,False,False
u_005328,school_stress,school,False,False,True,False
u_005329,relationships,relationships,False,True,False,False
u_005330,loneliness,emotional_support,False,False,False,True
u_005331,career,career,False,False,False,False
u_005332,sleep,wellness,False,False,False,False
u_005333,relationships,relationships,False,True,False,False
u_005334,school_stress,school,False,False,True,False
u_005335,school_stress,school,False,False,True,False
u_005336,general_checkin,reflection,False,False,False,False
u_005337,relationships,relationships,False,True,False,False
u_005338,relationships,relationships,False,True,False,False
u_005339,school_stress,school,False,False,True,False
u_005340,loneliness,emotional_support,False,False,False,True
u_005341,loneliness,emotional_support,False,False,False,True
u_005342,loneliness,emotional_support,False,False,False,True
u_005343,sleep,wellness,False,False,False,False
u_005344,general_checkin,reflection,False,False,False,False
u_005345,general_checkin,reflection,False,False,False,False
u_005346,motivation,self_improvement,False,False,False,False
u_005347,loneliness,emotional_support,False,False,False,True
u_005348,school_stress,school,False,False,True,False
u_005349,school_stress,school,False,False,True,False
u_005350,sleep,wellness,False,False,False,False
u_005351,school_stress,school,False,False,True,False
u_005352,school_stress,school,False,False,True,False
u_005353,school_stress,school,False,False,True,False
u_005354,school_stress,school,False,False,True,False
u_005355,loneliness,emotional_support,False,False,False,True
u_005356,school_stress,school,False,False,True,False
u_005357,school_stress,school,False,False,True,False
u_005358,school_stress,school,False,False,True,False
u_005359,relationships,relationships,False,True,False,False
u_005360,relationships,relationships,False,True,False,False
u_005361,relationships,relationships,False,True,False,False
u_005362,family,relationships,False,True,False,False
u_005363,motivation,self_improvement,False,False,False,False
u_005364,career,career,False,False,False,False
u_005365,school_stress,school,False,False,True,False
u_005366,general_checkin,reflection,False,False,False,False
u_005367,school_stress,school,False,False,True,False
u_005368,relationships,relationships,False,True,False,False
u_005369,general_checkin,reflection,False,False,False,False
u_005370,school_stress,school,False,False,True,False
u_005371,sleep,wellness,False,False,False,False
u_005372,loneliness,emotional_support,False,False,False,True
u_005373,school_stress,school,False,False,True,False
u_005374,career,career,False,False,False,False
u_005375,motivation,self_improvement,False,False,False,False
u_005376,general_checkin,reflection,False,False,False,False
u_005377,relationships,relationships,False,True,False,False
u_005378,career,career,False,False,False,False
u_005379,career,career,False,False,False,False
u_005380,school_stress,school,False,False,True,False
u_005381,sleep,wellness,False,False,False,False
u_005382,relationships,relationships,False,True,False,False
u_005383,motivation,self_improvement,False,False,False,False
u_005384,general_checkin,reflection,False,False,False,False
u_005385,career,career,False,False,False,False
u_005386,sleep,wellness,False,False,False,False
u_005387,general_checkin,reflection,False,False,False,False
u_005388,career,career,False,False,False,False
u_005389,motivation,self_improvement,False,False,False,False
u_005390,loneliness,emotional_support,False,False,False,True
u_005391,school_stress,school,False,False,True,False
u_005392,relationships,relationships,False,True,False,False
u_005393,loneliness,emotional_support,False,False,False,True
u_005394,career,career,False,False,False,False
u_005395,loneliness,emotional_support,False,False,False,True
u_005396,relationships,relationships,False,True,False,False
u_005397,general_checkin,reflection,False,False,False,False
u_005398,general_checkin,reflection,False,False,False,False
u_005399,motivation,self_improvement,False,False,False,False
u_005400,general_checkin,reflection,False,False,False,False
u_005401,sleep,wellness,False,False,False,False
u_005402,school_stress,school,False,False,True,False
u_005403,sleep,wellness,False,False,False,False
u_005404,career,career,False,False,False,False
u_005405,motivation,self_improvement,False,False,False,False
u_005406,school_stress,school,False,False,True,False
u_005407,sleep,wellness,False,False,False,False
u_005408,career,career,False,False,False,False
u_005409,loneliness,emotional_support,True,False,False,True
u_005410,loneliness,emotional_support,False,False,False,True
u_005411,relationships,relationships,False,True,False,False
u_005412,school_stress,school,False,False,True,False
u_005413,motivation,self_improvement,False,False,False,False
u_005414,sleep,wellness,False,False,False,False
u_005415,school_stress,school,False,False,True,False
u_005416,family,relationships,False,True,False,False
u_005417,sleep,wellness,False,False,False,False
u_005418,career,career,False,False,False,False
u_005419,motivation,self_improvement,False,False,False,False
u_005420,career,career,False,False,False,False
u_005421,sleep,wellness,False,False,False,False
u_005422,motivation,self_improvement,False,False,False,False
u_005423,motivation,self_improvement,False,False,False,False
u_005424,loneliness,emotional_support,False,False,False,True
u_005425,school_stress,school,False,False,True,False
u_005426,relationships,relationships,False,True,False,False
u_005427,relationships,relationships,False,True,False,False
u_005428,loneliness,emotional_support,True,False,False,True
u_005429,motivation,self_improvement,False,False,False,False
u_005430,school_stress,school,False,False,True,False
u_005431,school_stress,school,False,False,True,False
u_005432,motivation,self_improvement,False,False,False,False
u_005433,school_stress,school,False,False,True,False
u_005434,relationships,relationships,False,True,False,False
u_005435,sleep,wellness,False,False,False,False
u_005436,loneliness,emotional_support,False,False,False,True
u_005437,motivation,self_improvement,False,False,False,False
u_005438,career,career,False,False,False,False
u_005439,sleep,wellness,False,False,False,False
u_005440,school_stress,school,False,False,True,False
u_005441,relationships,relationships,False,True,False,False
u_005442,school_stress,school,False,False,True,False
u_005443,family,relationships,False,True,False,False
u_005444,motivation,self_improvement,False,False,False,False
u_005445,relationships,relationships,False,True,False,False
u_005446,general_checkin,reflection,False,False,False,False
u_005447,general_checkin,reflection,False,False,False,False
u_005448,motivation,self_improvement,False,False,False,False
u_005449,relationships,relationships,False,True,False,False
u_005450,sleep,wellness,False,False,False,False
u_005451,loneliness,emotional_support,False,False,False,True
u_005452,school_stress,school,False,False,True,False
u_005453,relationships,relationships,False,True,False,False
u_005454,school_stress,school,False,False,True,False
u_005455,loneliness,emotional_support,False,False,False,True
u_005456,general_checkin,reflection,False,False,False,False
u_005457,motivation,self_improvement,False,False,False,False
u_005458,school_stress,school,False,False,True,False
u_005459,motivation,self_improvement,False,False,False,False
u_005460,career,career,False,False,False,False
u_005461,loneliness,emotional_support,True,False,False,True
u_005462,school_stress,school,False,False,True,False
u_005463,motivation,self_improvement,False,False,False,False
u_005464,school_stress,school,False,False,True,False
u_005465,school_stress,school,False,False,True,False
u_005466,general_checkin,reflection,False,False,False,False
u_005467,school_stress,school,False,False,True,False
u_005468,motivation,self_improvement,False,False,False,False
u_005469,school_stress,school,False,False,True,False
u_005470,school_stress,school,False,False,True,False
u_005471,career,career,False,False,False,False
u_005472,relationships,relationships,False,True,False,False
u_005473,relationships,relationships,False,True,False,False
u_005474,loneliness,emotional_support,False,False,False,True
u_005475,motivation,self_improvement,False,False,False,False
u_005476,career,career,False,False,False,False
u_005477,school_stress,school,False,False,True,False
u_005478,school_stress,school,False,False,True,False
u_005479,general_checkin,reflection,False,False,False,False
u_005480,relationships,relationships,False,True,False,False
u_005481,relationships,relationships,False,True,False,False
u_005482,school_stress,school,False,False,True,False
u_005483,sleep,wellness,False,False,False,False
u_005484,sleep,wellness,False,False,False,False
u_005485,sleep,wellness,False,False,False,False
u_005486,family,relationships,False,True,False,False
u_005487,loneliness,emotional_support,False,False,False,True
u_005488,career,career,False,False,False,False
u_005489,school_stress,school,False,False,True,False
u_005490,loneliness,emotional_support,True,False,False,True
u_005491,motivation,self_improvement,False,False,False,False
u_005492,relationships,relationships,False,True,False,False
u_005493,family,relationships,False,True,False,False
u_005494,motivation,self_improvement,False,False,False,False
u_005495,loneliness,emotional_support,False,False,False,True
u_005496,sleep,wellness,False,False,False,False
u_005497,sleep,wellness,False,False,False,False
u_005498,relationships,relationships,False,True,False,False
u_005499,relationships,relationships,False,True,False,False
u_005500,relationships,relationships,False,True,False,False
u_005501,motivation,self_improvement,False,False,False,False
u_005502,motivation,self_improvement,False,False,False,False
u_005503,motivation,self_improvement,False,False,False,False
u_005504,general_checkin,reflection,False,False,False,False
u_005505,sleep,wellness,False,False,False,False
u_005506,relationships,relationships,False,True,False,False
u_005507,loneliness,emotional_support,False,False,False,True
u_005508,school_stress,school,False,False,True,False
u_005509,school_stress,school,False,False,True,False
u_005510,career,career,False,False,False,False
u_005511,motivation,self_improvement,False,False,False,False
u_005512,sleep,wellness,False,False,False,False
u_005513,school_stress,school,False,False,True,False
u_005514,career,career,False,False,False,False
u_005515,career,career,False,False,False,False
u_005516,general_checkin,reflection,False,False,False,False
u_005517,motivation,self_improvement,False,False,False,False
u_005518,general_checkin,reflection,False,False,False,False
u_005519,career,career,False,False,False,False
u_005520,career,career,False,False,False,False
u_005521,school_stress,school,False,False,True,False
u_005522,career,career,False,False,False,False
u_005523,school_stress,school,False,False,True,False
u_005524,relationships,relationships,False,True,False,False
u_005525,school_stress,school,False,False,True,False
u_005526,career,career,False,False,False,False
u_005527,motivation,self_improvement,False,False,False,False
u_005528,motivation,self_improvement,False,False,False,False
u_005529,school_stress,school,False,False,True,False
u_005530,relationships,relationships,False,True,False,False
u_005531,school_stress,school,False,False,True,False
u_005532,family,relationships,False,True,False,False
u_005533,school_stress,school,False,False,True,False
u_005534,sleep,wellness,False,False,False,False
u_005535,general_checkin,reflection,False,False,False,False
u_005536,school_stress,school,False,False,True,False
u_005537,relationships,relationships,False,True,False,False
u_005538,loneliness,emotional_support,False,False,False,True
u_005539,relationships,relationships,False,True,False,False
u_005540,sleep,wellness,False,False,False,False
u_005541,career,career,False,False,False,False
u_005542,family,relationships,False,True,False,False
u_005543,school_stress,school,False,False,True,False
u_005544,motivation,self_improvement,False,False,False,False
u_005545,sleep,wellness,False,False,False,False
u_005546,motivation,self_improvement,False,False,False,False
u_005547,general_checkin,reflection,False,False,False,False
u_005548,career,career,False,False,False,False
u_005549,relationships,relationships,False,True,False,False
u_005550,loneliness,emotional_support,False,False,False,True
u_005551,motivation,self_improvement,False,False,False,False
u_005552,motivation,self_improvement,False,False,False,False
u_005553,motivation,self_improvement,False,False,False,False
u_005554,general_checkin,reflection,False,False,False,False
u_005555,school_stress,school,False,False,True,False
u_005556,relationships,relationships,False,True,False,False
u_005557,school_stress,school,False,False,True,False
u_005558,loneliness,emotional_support,False,False,False,True
u_005559,motivation,self_improvement,False,False,False,False
u_005560,career,career,False,False,False,False
u_005561,sleep,wellness,False,False,False,False
u_005562,career,career,False,False,False,False
u_005563,family,relationships,False,True,False,False
u_005564,motivation,self_improvement,False,False,False,False
u_005565,sleep,wellness,False,False,False,False
u_005566,school_stress,school,False,False,True,False
u_005567,career,career,False,False,False,False
u_005568,career,career,False,False,False,False
u_005569,career,career,False,False,False,False
u_005570,loneliness,emotional_support,False,False,False,True
u_005571,family,relationships,False,True,False,False
u_005572,career,career,False,False,False,False
u_005573,school_stress,school,False,False,True,False
u_005574,motivation,self_improvement,False,False,False,False
u_005575,relationships,relationships,False,True,False,False
u_005576,career,career,False,False,False,False
u_005577,relationships,relationships,False,True,False,False
u_005578,school_stress,school,False,False,True,False
u_005579,career,career,False,False,False,False
u_005580,school_stress,school,False,False,True,False
u_005581,relationships,relationships,False,True,False,False
u_005582,school_stress,school,False,False,True,False
u_005583,career,career,False,False,False,False
u_005584,motivation,self_improvement,False,False,False,False
u_005585,career,career,False,False,False,False
u_005586,school_stress,school,False,False,True,False
u_005587,relationships,relationships,False,True,False,False
u_005588,school_stress,school,False,False,True,False
u_005589,sleep,wellness,False,False,False,False
u_005590,school_stress,school,False,False,True,False
u_005591,career,career,False,False,False,False
u_005592,school_stress,school,False,False,True,False
u_005593,relationships,relationships,False,True,False,False
u_005594,sleep,wellness,False,False,False,False
u_005595,relationships,relationships,False,True,False,False
u_005596,family,relationships,False,True,False,False
u_005597,career,career,False,False,False,False
u_005598,relationships,relationships,False,True,False,False
u_005599,family,relationships,False,True,False,False
u_005600,loneliness,emotional_support,False,False,False,True
u_005601,school_stress,school,False,False,True,False
u_005602,loneliness,emotional_support,True,False,False,True
u_005603,career,career,False,False,False,False
u_005604,career,career,False,False,False,False
u_005605,school_stress,school,False,False,True,False
u_005606,relationships,relationships,False,True,False,False
u_005607,relationships,relationships,False,True,False,False
u_005608,family,relationships,False,True,False,False
u_005609,relationships,relationships,False,True,False,False
u_005610,loneliness,emotional_support,True,False,False,True
u_005611,career,career,False,False,False,False
u_005612,motivation,self_improvement,False,False,False,False
u_005613,school_stress,school,False,False,True,False
u_005614,school_stress,school,False,False,True,False
u_005615,general_checkin,reflection,False,False,False,False
u_005616,motivation,self_improvement,False,False,False,False
u_005617,school_stress,school,False,False,True,False
u_005618,general_checkin,reflection,False,False,False,False
u_005619,school_stress,school,False,False,True,False
u_005620,motivation,self_improvement,False,False,False,False
u_005621,school_stress,school,False,False,True,False
u_005622,sleep,wellness,False,False,False,False
u_005623,loneliness,emotional_support,True,False,False,True
u_005624,motivation,self_improvement,False,False,False,False
u_005625,school_stress,school,False,False,True,False
u_005626,career,career,False,False,False,False
u_005627,school_stress,school,False,False,True,False
u_005628,relationships,relationships,False,True,False,False
u_005629,career,career,False,False,False,False
u_005630,relationships,relationships,False,True,False,False
u_005631,loneliness,emotional_support,False,False,False,True
u_005632,motivation,self_improvement,False,False,False,False
u_005633,relationships,relationships,False,True,False,False
u_005634,school_stress,school,False,False,True,False
u_005635,relationships,relationships,False,True,False,False
u_005636,relationships,relationships,False,True,False,False
u_005637,motivation,self_improvement,False,False,False,False
u_005638,sleep,wellness,False,False,False,False
u_005639,career,career,False,False,False,False
u_005640,loneliness,emotional_support,False,False,False,True
u_005641,relationships,relationships,False,True,False,False
u_005642,sleep,wellness,False,False,False,False
u_005643,motivation,self_improvement,False,False,False,False
u_005644,school_stress,school,False,False,True,False
u_005645,school_stress,school,False,False,True,False
u_005646,loneliness,emotional_support,False,False,False,True
u_005647,relationships,relationships,False,True,False,False
u_005648,motivation,self_improvement,False,False,False,False
u_005649,motivation,self_improvement,False,False,False,False
u_005650,career,career,False,False,False,False
u_005651,school_stress,school,False,False,True,False
u_005652,career,career,False,False,False,False
u_005653,family,relationships,False,True,False,False
u_005654,school_stress,school,False,False,True,False
u_005655,relationships,relationships,False,True,False,False
u_005656,loneliness,emotional_support,False,False,False,True
u_005657,motivation,self_improvement,False,False,False,False
u_005658,general_checkin,reflection,False,False,False,False
u_005659,school_stress,school,False,False,True,False
u_005660,school_stress,school,False,False,True,False
u_005661,loneliness,emotional_support,False,False,False,True
u_005662,school_stress,school,False,False,True,False
u_005663,school_stress,school,False,False,True,False
u_005664,motivation,self_improvement,False,False,False,False
u_005665,motivation,self_improvement,False,False,False,False
u_005666,motivation,self_improvement,False,False,False,False
u_005667,loneliness,emotional_support,False,False,False,True
u_005668,sleep,wellness,False,False,False,False
u_005669,school_stress,school,False,False,True,False
u_005670,career,career,False,False,False,False
u_005671,motivation,self_improvement,False,False,False,False
u_005672,loneliness,emotional_support,False,False,False,True
u_005673,career,career,False,False,False,False
u_005674,career,career,False,False,False,False
u_005675,school_stress,school,False,False,True,False
u_005676,relationships,relationships,False,True,False,False
u_005677,sleep,wellness,False,False,False,False
u_005678,motivation,self_improvement,False,False,False,False
u_005679,motivation,self_improvement,False,False,False,False
u_005680,loneliness,emotional_support,False,False,False,True
u_005681,relationships,relationships,False,True,False,False
u_005682,family,relationships,False,True,False,False
u_005683,motivation,self_improvement,False,False,False,False
u_005684,relationships,relationships,False,True,False,False
u_005685,career,career,False,False,False,False
u_005686,motivation,self_improvement,False,False,False,False
u_005687,general_checkin,reflection,False,False,False,False
u_005688,relationships,relationships,False,True,False,False
u_005689,career,career,True,False,False,False
u_005690,school_stress,school,False,False,True,False
u_005691,school_stress,school,False,False,True,False
u_005692,loneliness,emotional_support,False,False,False,True
u_005693,sleep,wellness,False,False,False,False
u_005694,motivation,self_improvement,False,False,False,False
u_005695,family,relationships,False,True,False,False
u_005696,school_stress,school,False,False,True,False
u_005697,school_stress,school,False,False,True,False
u_005698,loneliness,emotional_support,False,False,False,True
u_005699,career,career,False,False,False,False
u_005700,relationships,relationships,False,True,False,False
u_005701,loneliness,emotional_support,False,False,False,True
u_005702,family,relationships,False,True,False,False
u_005703,loneliness,emotional_support,False,False,False,True
u_005704,general_checkin,reflection,False,False,False,False
u_005705,sleep,wellness,False,False,False,False
u_005706,school_stress,school,False,False,True,False
u_005707,school_stress,school,False,False,True,False
u_005708,sleep,wellness,False,False,False,False
u_005709,family,relationships,False,True,False,False
u_005710,loneliness,emotional_support,False,False,False,True
u_005711,loneliness,emotional_support,False,False,False,True
u_005712,general_checkin,reflection,False,False,False,False
u_005713,school_stress,school,False,False,True,False
u_005714,school_stress,school,False,False,True,False
u_005715,relationships,relationships,False,True,False,False
u_005716,general_checkin,reflection,False,False,False,False
u_005717,loneliness,emotional_support,False,False,False,True
u_005718,career,career,False,False,False,False
u_005719,sleep,wellness,False,False,False,False
u_005720,motivation,self_improvement,False,False,False,False
u_005721,sleep,wellness,False,False,False,False
u_005722,loneliness,emotional_support,False,False,False,True
u_005723,motivation,self_improvement,False,False,False,False
u_005724,loneliness,emotional_support,False,False,False,True
u_005725,school_stress,school,False,False,True,False
u_005726,loneliness,emotional_support,False,False,False,True
u_005727,loneliness,emotional_support,False,False,False,True
u_005728,motivation,self_improvement,False,False,False,False
u_005729,motivation,self_improvement,False,False,False,False
u_005730,motivation,self_improvement,False,False,False,False
u_005731,school_stress,school,False,False,True,False
u_005732,loneliness,emotional_support,False,False,False,True
u_005733,relationships,relationships,False,True,False,False
u_005734,school_stress,school,False,False,True,False
u_005735,career,career,False,False,False,False
u_005736,school_stress,school,False,False,True,False
u_005737,relationships,relationships,False,True,False,False
u_005738,sleep,wellness,False,False,False,False
u_005739,family,relationships,False,True,False,False
u_005740,general_checkin,reflection,False,False,False,False
u_005741,motivation,self_improvement,False,False,False,False
u_005742,sleep,wellness,False,False,False,False
u_005743,school_stress,school,False,False,True,False
u_005744,school_stress,school,False,False,True,False
u_005745,career,career,False,False,False,False
u_005746,loneliness,emotional_support,False,False,False,True
u_005747,relationships,relationships,False,True,False,False
u_005748,family,relationships,False,True,False,False
u_005749,motivation,self_improvement,False,False,False,False
u_005750,loneliness,emotional_support,False,False,False,True
u_005751,school_stress,school,False,False,True,False
u_005752,sleep,wellness,False,False,False,False
u_005753,relationships,relationships,False,True,False,False
u_005754,motivation,self_improvement,False,False,False,False
u_005755,relationships,relationships,False,True,False,False
u_005756,relationships,relationships,False,True,False,False
u_005757,relationships,relationships,False,True,False,False
u_005758,career,career,False,False,False,False
u_005759,school_stress,school,False,False,True,False
u_005760,general_checkin,reflection,False,False,False,False
u_005761,school_stress,school,False,False,True,False
u_005762,sleep,wellness,False,False,False,False
u_005763,school_stress,school,False,False,True,False
u_005764,school_stress,school,False,False,True,False
u_005765,relationships,relationships,False,True,False,False
u_005766,loneliness,emotional_support,False,False,False,True
u_005767,motivation,self_improvement,False,False,False,False
u_005768,career,career,False,False,False,False
u_005769,loneliness,emotional_support,False,False,False,True
u_005770,school_stress,school,False,False,True,False
u_005771,general_checkin,reflection,False,False,False,False
u_005772,school_stress,school,False,False,True,False
u_005773,school_stress,school,False,False,True,False
u_005774,general_checkin,reflection,False,False,False,False
u_005775,relationships,relationships,False,True,False,False
u_005776,motivation,self_improvement,False,False,False,False
u_005777,school_stress,school,False,False,True,False
u_005778,school_stress,school,False,False,True,False
u_005779,motivation,self_improvement,False,False,False,False
u_005780,motivation,self_improvement,False,False,False,False
u_005781,relationships,relationships,False,True,False,False
u_005782,school_stress,school,False,False,True,False
u_005783,relationships,relationships,True,True,False,False
u_005784,school_stress,school,False,False,True,False
u_005785,motivation,self_improvement,False,False,False,False
u_005786,relationships,relationships,False,True,False,False
u_005787,family,relationships,False,True,False,False
u_005788,relationships,relationships,False,True,False,False
u_005789,relationships,relationships,False,True,False,False
u_005790,motivation,self_improvement,False,False,False,False
u_005791,sleep,wellness,False,False,False,False
u_005792,career,career,False,False,False,False
u_005793,motivation,self_improvement,False,False,False,False
u_005794,general_checkin,reflection,False,False,False,False
u_005795,motivation,self_improvement,False,False,False,False
u_005796,relationships,relationships,False,True,False,False
u_005797,general_checkin,reflection,False,False,False,False
u_005798,family,relationships,False,True,False,False
u_005799,loneliness,emotional_support,False,False,False,True
u_005800,career,career,False,False,False,False
u_005801,career,career,False,False,False,False
u_005802,sleep,wellness,False,False,False,False
u_005803,loneliness,emotional_support,False,False,False,True
u_005804,motivation,self_improvement,False,False,False,False
u_005805,school_stress,school,False,False,True,False
u_005806,general_checkin,reflection,False,False,False,False
u_005807,school_stress,school,False,False,True,False
u_005808,motivation,self_improvement,False,False,False,False
u_005809,loneliness,emotional_support,False,False,False,True
u_005810,motivation,self_improvement,False,False,False,False
u_005811,motivation,self_improvement,False,False,False,False
u_005812,general_checkin,reflection,False,False,False,False
u_005813,relationships,relationships,False,True,False,False
u_005814,school_stress,school,False,False,True,False
u_005815,relationships,relationships,False,True,False,False
u_005816,motivation,self_improvement,False,False,False,False
u_005817,general_checkin,reflection,False,False,False,False
u_005818,motivation,self_improvement,False,False,False,False
u_005819,career,career,False,False,False,False
u_005820,relationships,relationships,False,True,False,False
u_005821,general_checkin,reflection,False,False,False,False
u_005822,school_stress,school,False,False,True,False
u_005823,relationships,relationships,False,True,False,False
u_005824,career,career,False,False,False,False
u_005825,motivation,self_improvement,False,False,False,False
u_005826,loneliness,emotional_support,False,False,False,True
u_005827,motivation,self_improvement,False,False,False,False
u_005828,motivation,self_improvement,False,False,False,False
u_005829,relationships,relationships,False,True,False,False
u_005830,motivation,self_improvement,False,False,False,False
u_005831,relationships,relationships,False,True,False,False
u_005832,motivation,self_improvement,False,False,False,False
u_005833,relationships,relationships,False,True,False,False
u_005834,career,career,False,False,False,False
u_005835,career,career,False,False,False,False
u_005836,sleep,wellness,False,False,False,False
u_005837,motivation,self_improvement,False,False,False,False
u_005838,loneliness,emotional_support,False,False,False,True
u_005839,sleep,wellness,False,False,False,False
u_005840,career,career,False,False,False,False
u_005841,relationships,relationships,False,True,False,False
u_005842,school_stress,school,False,False,True,False
u_005843,general_checkin,reflection,False,False,False,False
u_005844,relationships,relationships,False,True,False,False
u_005845,motivation,self_improvement,False,False,False,False
u_005846,school_stress,school,False,False,True,False
u_005847,loneliness,emotional_support,False,False,False,True
u_005848,career,career,False,False,False,False
u_005849,relationships,relationships,False,True,False,False
u_005850,motivation,self_improvement,False,False,False,False
u_005851,motivation,self_improvement,False,False,False,False
u_005852,sleep,wellness,False,False,False,False
u_005853,relationships,relationships,False,True,False,False
u_005854,relationships,relationships,False,True,False,False
u_005855,sleep,wellness,False,False,False,False
u_005856,career,career,False,False,False,False
u_005857,relationships,relationships,False,True,False,False
u_005858,loneliness,emotional_support,True,False,False,True
u_005859,career,career,False,False,False,False
u_005860,sleep,wellness,False,False,False,False
u_005861,motivation,self_improvement,False,False,False,False
u_005862,career,career,False,False,False,False
u_005863,sleep,wellness,False,False,False,False
u_005864,career,career,False,False,False,False
u_005865,motivation,self_improvement,False,False,False,False
u_005866,sleep,wellness,False,False,False,False
u_005867,school_stress,school,False,False,True,False
u_005868,loneliness,emotional_support,False,False,False,True
u_005869,school_stress,school,True,False,True,False
u_005870,family,relationships,False,True,False,False
u_005871,family,relationships,False,True,False,False
u_005872,motivation,self_improvement,False,False,False,False
u_005873,career,career,True,False,False,False
u_005874,relationships,relationships,False,True,False,False
u_005875,career,career,False,False,False,False
u_005876,loneliness,emotional_support,False,False,False,True
u_005877,relationships,relationships,False,True,False,False
u_005878,school_stress,school,False,False,True,False
u_005879,relationships,relationships,False,True,False,False
u_005880,school_stress,school,False,False,True,False
u_005881,school_stress,school,False,False,True,False
u_005882,school_stress,school,False,False,True,False
u_005883,career,career,False,False,False,False
u_005884,career,career,False,False,False,False
u_005885,loneliness,emotional_support,False,False,False,True
u_005886,general_checkin,reflection,False,False,False,False
u_005887,motivation,self_improvement,True,False,False,False
u_005888,general_checkin,reflection,False,False,False,False
u_005889,motivation,self_improvement,False,False,False,False
u_005890,school_stress,school,False,False,True,False
u_005891,motivation,self_improvement,False,False,False,False
u_005892,relationships,relationships,False,True,False,False
u_005893,school_stress,school,False,False,True,False
u_005894,sleep,wellness,False,False,False,False
u_005895,sleep,wellness,False,False,False,False
u_005896,motivation,self_improvement,False,False,False,False
u_005897,motivation,self_improvement,False,False,False,False
u_005898,sleep,wellness,False,False,False,False
u_005899,school_stress,school,False,False,True,False
u_005900,relationships,relationships,False,True,False,False
u_005901,relationships,relationships,False,True,False,False
u_005902,school_stress,school,False,False,True,False
u_005903,motivation,self_improvement,False,False,False,False
u_005904,school_stress,school,False,False,True,False
u_005905,relationships,relationships,False,True,False,False
u_005906,sleep,wellness,False,False,False,False
u_005907,motivation,self_improvement,False,False,False,False
u_005908,relationships,relationships,False,True,False,False
u_005909,sleep,wellness,False,False,False,False
u_005910,career,career,False,False,False,False
u_005911,loneliness,emotional_support,False,False,False,True
u_005912,relationships,relationships,False,True,False,False
u_005913,loneliness,emotional_support,False,False,False,True
u_005914,motivation,self_improvement,False,False,False,False
u_005915,loneliness,emotional_support,False,False,False,True
u_005916,relationships,relationships,False,True,False,False
u_005917,school_stress,school,False,False,True,False
u_005918,motivation,self_improvement,False,False,False,False
u_005919,school_stress,school,False,False,True,False
u_005920,relationships,relationships,False,True,False,False
u_005921,school_stress,school,False,False,True,False
u_005922,loneliness,emotional_support,False,False,False,True
u_005923,school_stress,school,False,False,True,False
u_005924,sleep,wellness,False,False,False,False
u_005925,general_checkin,reflection,False,False,False,False
u_005926,relationships,relationships,False,True,False,False
u_005927,school_stress,school,False,False,True,False
u_005928,motivation,self_improvement,False,False,False,False
u_005929,motivation,self_improvement,False,False,False,False
u_005930,school_stress,school,False,False,True,False
u_005931,loneliness,emotional_support,False,False,False,True
u_005932,sleep,wellness,False,False,False,False
u_005933,sleep,wellness,False,False,False,False
u_005934,general_checkin,reflection,False,False,False,False
u_005935,school_stress,school,False,False,True,False
u_005936,relationships,relationships,False,True,False,False
u_005937,school_stress,school,False,False,True,False
u_005938,career,career,False,False,False,False
u_005939,school_stress,school,False,False,True,False
u_005940,motivation,self_improvement,False,False,False,False
u_005941,motivation,self_improvement,False,False,False,False
u_005942,school_stress,school,False,False,True,False
u_005943,loneliness,emotional_support,False,False,False,True
u_005944,motivation,self_improvement,False,False,False,False
u_005945,relationships,relationships,False,True,False,False
u_005946,loneliness,emotional_support,False,False,False,True
u_005947,motivation,self_improvement,False,False,False,False
u_005948,relationships,relationships,False,True,False,False
u_005949,relationships,relationships,False,True,False,False
u_005950,general_checkin,reflection,False,False,False,False
u_005951,motivation,self_improvement,False,False,False,False
u_005952,relationships,relationships,False,True,False,False
u_005953,general_checkin,reflection,False,False,False,False
u_005954,career,career,False,False,False,False
u_005955,relationships,relationships,False,True,False,False
u_005956,school_stress,school,False,False,True,False
u_005957,relationships,relationships,False,True,False,False
u_005958,relationships,relationships,False,True,False,False
u_005959,career,career,False,False,False,False
u_005960,school_stress,school,False,False,True,False
u_005961,school_stress,school,False,False,True,False
u_005962,career,career,False,False,False,False
u_005963,motivation,self_improvement,False,False,False,False
u_005964,relationships,relationships,False,True,False,False
u_005965,school_stress,school,False,False,True,False
u_005966,general_checkin,reflection,False,False,False,False
u_005967,school_stress,school,False,False,True,False
u_005968,career,career,False,False,False,False
u_005969,relationships,relationships,False,True,False,False
u_005970,loneliness,emotional_support,False,False,False,True
u_005971,relationships,relationships,False,True,False,False
u_005972,motivation,self_improvement,False,False,False,False
u_005973,loneliness,emotional_support,False,False,False,True
u_005974,general_checkin,reflection,False,False,False,False
u_005975,school_stress,school,False,False,True,False
u_005976,relationships,relationships,False,True,False,False
u_005977,motivation,self_improvement,False,False,False,False
u_005978,career,career,False,False,False,False
u_005979,loneliness,emotional_support,False,False,False,True
u_005980,loneliness,emotional_support,False,False,False,True
u_005981,career,career,False,False,False,False
u_005982,loneliness,emotional_support,False,False,False,True
u_005983,career,career,False,False,False,False
u_005984,career,career,False,False,False,False
u_005985,sleep,wellness,False,False,False,False
u_005986,loneliness,emotional_support,False,False,False,True
u_005987,general_checkin,reflection,False,False,False,False
u_005988,relationships,relationships,False,True,False,False
u_005989,school_stress,school,False,False,True,False
u_005990,relationships,relationships,False,True,False,False
u_005991,motivation,self_improvement,False,False,False,False
u_005992,loneliness,emotional_support,False,False,False,True
u_005993,general_checkin,reflection,False,False,False,False
u_005994,general_checkin,reflection,False,False,False,False
u_005995,motivation,self_improvement,False,False,False,False
u_005996,relationships,relationships,False,True,False,False
u_005997,sleep,wellness,False,False,False,False
u_005998,loneliness,emotional_support,False,False,False,True
u_005999,school_stress,school,False,False,True,False
u_006000,general_checkin,reflection,False,False,False,False
u_006001,relationships,relationships,False,True,False,False
u_006002,sleep,wellness,False,False,False,False
u_006003,relationships,relationships,False,True,False,False
u_006004,relationships,relationships,False,True,False,False
u_006005,school_stress,school,False,False,True,False
u_006006,school_stress,school,False,False,True,False
u_006007,sleep,wellness,False,False,False,False
u_006008,relationships,relationships,False,True,False,False
u_006009,general_checkin,reflection,False,False,False,False
u_006010,loneliness,emotional_support,False,False,False,True
u_006011,loneliness,emotional_support,False,False,False,True
u_006012,general_checkin,reflection,False,False,False,False
u_006013,school_stress,school,False,False,True,False
u_006014,school_stress,school,False,False,True,False
u_006015,career,career,False,False,False,False
u_006016,loneliness,emotional_support,False,False,False,True
u_006017,school_stress,school,False,False,True,False
u_006018,relationships,relationships,False,True,False,False
u_006019,motivation,self_improvement,False,False,False,False
u_006020,relationships,relationships,False,True,False,False
u_006021,school_stress,school,False,False,True,False
u_006022,school_stress,school,False,False,True,False
u_006023,general_checkin,reflection,False,False,False,False
u_006024,school_stress,school,False,False,True,False
u_006025,loneliness,emotional_support,False,False,False,True
u_006026,school_stress,school,False,False,True,False
u_006027,general_checkin,reflection,False,False,False,False
u_006028,motivation,self_improvement,False,False,False,False
u_006029,relationships,relationships,False,True,False,False
u_006030,career,career,False,False,False,False
u_006031,relationships,relationships,False,True,False,False
u_006032,sleep,wellness,False,False,False,False
u_006033,school_stress,school,False,False,True,False
u_006034,career,career,False,False,False,False
u_006035,career,career,False,False,False,False
u_006036,sleep,wellness,False,False,False,False
u_006037,relationships,relationships,False,True,False,False
u_006038,relationships,relationships,False,True,False,False
u_006039,general_checkin,reflection,False,False,False,False
u_006040,general_checkin,reflection,False,False,False,False
u_006041,motivation,self_improvement,False,False,False,False
u_006042,relationships,relationships,False,True,False,False
u_006043,school_stress,school,False,False,True,False
u_006044,loneliness,emotional_support,False,False,False,True
u_006045,general_checkin,reflection,False,False,False,False
u_006046,school_stress,school,False,False,True,False
u_006047,relationships,relationships,False,True,False,False
u_006048,school_stress,school,False,False,True,False
u_006049,family,relationships,False,True,False,False
u_006050,relationships,relationships,False,True,False,False
u_006051,loneliness,emotional_support,False,False,False,True
u_006052,relationships,relationships,False,True,False,False
u_006053,motivation,self_improvement,False,False,False,False
u_006054,school_stress,school,False,False,True,False
u_006055,loneliness,emotional_support,False,False,False,True
u_006056,loneliness,emotional_support,False,False,False,True
u_006057,school_stress,school,False,False,True,False
u_006058,motivation,self_improvement,False,False,False,False
u_006059,family,relationships,False,True,False,False
u_006060,school_stress,school,False,False,True,False
u_006061,general_checkin,reflection,False,False,False,False
u_006062,motivation,self_improvement,False,False,False,False
u_006063,motivation,self_improvement,False,False,False,False
u_006064,school_stress,school,False,False,True,False
u_006065,relationships,relationships,False,True,False,False
u_006066,relationships,relationships,True,True,False,False
u_006067,motivation,self_improvement,False,False,False,False
u_006068,school_stress,school,False,False,True,False
u_006069,relationships,relationships,False,True,False,False
u_006070,family,relationships,False,True,False,False
u_006071,relationships,relationships,False,True,False,False
u_006072,sleep,wellness,False,False,False,False
u_006073,career,career,False,False,False,False
u_006074,relationships,relationships,False,True,False,False
u_006075,sleep,wellness,False,False,False,False
u_006076,loneliness,emotional_support,False,False,False,True
u_006077,school_stress,school,False,False,True,False
u_006078,school_stress,school,False,False,True,False
u_006079,sleep,wellness,False,False,False,False
u_006080,school_stress,school,False,False,True,False
u_006081,career,career,False,False,False,False
u_006082,relationships,relationships,False,True,False,False
u_006083,family,relationships,False,True,False,False
u_006084,family,relationships,False,True,False,False
u_006085,motivation,self_improvement,False,False,False,False
u_006086,family,relationships,False,True,False,False
u_006087,relationships,relationships,False,True,False,False
u_006088,motivation,self_improvement,False,False,False,False
u_006089,family,relationships,False,True,False,False
u_006090,general_checkin,reflection,False,False,False,False
u_006091,sleep,wellness,False,False,False,False
u_006092,career,career,False,False,False,False
u_006093,motivation,self_improvement,False,False,False,False
u_006094,relationships,relationships,False,True,False,False
u_006095,relationships,relationships,True,True,False,False
u_006096,motivation,self_improvement,False,False,False,False
u_006097,school_stress,school,False,False,True,False
u_006098,school_stress,school,False,False,True,False
u_006099,loneliness,emotional_support,False,False,False,True
u_006100,school_stress,school,False,False,True,False
u_006101,sleep,wellness,False,False,False,False
u_006102,relationships,relationships,False,True,False,False
u_006103,relationships,relationships,False,True,False,False
u_006104,relationships,relationships,False,True,False,False
u_006105,career,career,False,False,False,False
u_006106,relationships,relationships,False,True,False,False
u_006107,sleep,wellness,False,False,False,False
u_006108,motivation,self_improvement,False,False,False,False
u_006109,relationships,relationships,False,True,False,False
u_006110,relationships,relationships,False,True,False,False
u_006111,school_stress,school,False,False,True,False
u_006112,school_stress,school,False,False,True,False
u_006113,school_stress,school,False,False,True,False
u_006114,family,relationships,False,True,False,False
u_006115,relationships,relationships,False,True,False,False
u_006116,relationships,relationships,False,True,False,False
u_006117,relationships,relationships,False,True,False,False
u_006118,motivation,self_improvement,False,False,False,False
u_006119,relationships,relationships,False,True,False,False
u_006120,relationships,relationships,False,True,False,False
u_006121,relationships,relationships,False,True,False,False
u_006122,school_stress,school,False,False,True,False
u_006123,career,career,False,False,False,False
u_006124,loneliness,emotional_support,False,False,False,True
u_006125,general_checkin,reflection,False,False,False,False
u_006126,relationships,relationships,False,True,False,False
u_006127,motivation,self_improvement,False,False,False,False
u_006128,school_stress,school,False,False,True,False
u_006129,loneliness,emotional_support,False,False,False,True
u_006130,career,career,False,False,False,False
u_006131,general_checkin,reflection,False,False,False,False
u_006132,loneliness,emotional_support,False,False,False,True
u_006133,general_checkin,reflection,False,False,False,False
u_006134,career,career,False,False,False,False
u_006135,school_stress,school,False,False,True,False
u_006136,motivation,self_improvement,False,False,False,False
u_006137,general_checkin,reflection,False,False,False,False
u_006138,family,relationships,False,True,False,False
u_006139,career,career,False,False,False,False
u_006140,career,career,False,False,False,False
u_006141,career,career,False,False,False,False
u_006142,general_checkin,reflection,False,False,False,False
u_006143,motivation,self_improvement,False,False,False,False
u_006144,sleep,wellness,False,False,False,False
u_006145,motivation,self_improvement,False,False,False,False
u_006146,sleep,wellness,False,False,False,False
u_006147,relationships,relationships,False,True,False,False
u_006148,family,relationships,False,True,False,False
u_006149,motivation,self_improvement,False,False,False,False
u_006150,school_stress,school,False,False,True,False
u_006151,loneliness,emotional_support,False,False,False,True
u_006152,family,relationships,False,True,False,False
u_006153,relationships,relationships,False,True,False,False
u_006154,general_checkin,reflection,False,False,False,False
u_006155,loneliness,emotional_support,False,False,False,True
u_006156,career,career,False,False,False,False
u_006157,career,career,False,False,False,False
u_006158,family,relationships,False,True,False,False
u_006159,motivation,self_improvement,False,False,False,False
u_006160,school_stress,school,False,False,True,False
u_006161,school_stress,school,False,False,True,False
u_006162,school_stress,school,False,False,True,False
u_006163,school_stress,school,False,False,True,False
u_006164,school_stress,school,False,False,True,False
u_006165,relationships,relationships,False,True,False,False
u_006166,career,career,False,False,False,False
u_006167,loneliness,emotional_support,False,False,False,True
u_006168,loneliness,emotional_support,False,False,False,True
u_006169,motivation,self_improvement,False,False,False,False
u_006170,relationships,relationships,False,True,False,False
u_006171,career,career,False,False,False,False
u_006172,general_checkin,reflection,False,False,False,False
u_006173,career,career,False,False,False,False
u_006174,school_stress,school,False,False,True,False
u_006175,motivation,self_improvement,False,False,False,False
u_006176,school_stress,school,False,False,True,False
u_006177,motivation,self_improvement,False,False,False,False
u_006178,career,career,False,False,False,False
u_006179,sleep,wellness,False,False,False,False
u_006180,motivation,self_improvement,False,False,False,False
u_006181,school_stress,school,False,False,True,False
u_006182,motivation,self_improvement,False,False,False,False
u_006183,motivation,self_improvement,False,False,False,False
u_006184,sleep,wellness,False,False,False,False
u_006185,school_stress,school,False,False,True,False
u_006186,sleep,wellness,False,False,False,False
u_006187,motivation,self_improvement,False,False,False,False
u_006188,school_stress,school,False,False,True,False
u_006189,school_stress,school,False,False,True,False
u_006190,family,relationships,False,True,False,False
u_006191,relationships,relationships,False,True,False,False
u_006192,family,relationships,True,True,False,False
u_006193,motivation,self_improvement,False,False,False,False
u_006194,school_stress,school,False,False,True,False
u_006195,motivation,self_improvement,False,False,False,False
u_006196,motivation,self_improvement,False,False,False,False
u_006197,sleep,wellness,False,False,False,False
u_006198,school_stress,school,False,False,True,False
u_006199,general_checkin,reflection,False,False,False,False
u_006200,career,career,False,False,False,False
u_006201,sleep,wellness,False,False,False,False
u_006202,school_stress,school,False,False,True,False
u_006203,motivation,self_improvement,False,False,False,False
u_006204,general_checkin,reflection,False,False,False,False
u_006205,general_checkin,reflection,False,False,False,False
u_006206,relationships,relationships,False,True,False,False
u_006207,relationships,relationships,False,True,False,False
u_006208,career,career,False,False,False,False
u_006209,school_stress,school,False,False,True,False
u_006210,loneliness,emotional_support,False,False,False,True
u_006211,school_stress,school,False,False,True,False
u_006212,loneliness,emotional_support,True,False,False,True
u_006213,motivation,self_improvement,False,False,False,False
u_006214,career,career,False,False,False,False
u_006215,general_checkin,reflection,False,False,False,False
u_006216,school_stress,school,False,False,True,False
u_006217,motivation,self_improvement,False,False,False,False
u_006218,school_stress,school,False,False,True,False
u_006219,relationships,relationships,False,True,False,False
u_006220,general_checkin,reflection,False,False,False,False
u_006221,sleep,wellness,False,False,False,False
u_006222,motivation,self_improvement,False,False,False,False
u_006223,relationships,relationships,False,True,False,False
u_006224,career,career,False,False,False,False
u_006225,school_stress,school,False,False,True,False
u_006226,school_stress,school,False,False,True,False
u_006227,school_stress,school,False,False,True,False
u_006228,motivation,self_improvement,False,False,False,False
u_006229,sleep,wellness,False,False,False,False
u_006230,motivation,self_improvement,False,False,False,False
u_006231,general_checkin,reflection,False,False,False,False
u_006232,sleep,wellness,False,False,False,False
u_006233,general_checkin,reflection,False,False,False,False
u_006234,relationships,relationships,False,True,False,False
u_006235,school_stress,school,False,False,True,False
u_006236,motivation,self_improvement,False,False,False,False
u_006237,career,career,False,False,False,False
u_006238,motivation,self_improvement,False,False,False,False
u_006239,school_stress,school,False,False,True,False
u_006240,school_stress,school,False,False,True,False
u_006241,relationships,relationships,False,True,False,False
u_006242,school_stress,school,False,False,True,False
u_006243,loneliness,emotional_support,False,False,False,True
u_006244,loneliness,emotional_support,False,False,False,True
u_006245,motivation,self_improvement,False,False,False,False
u_006246,school_stress,school,False,False,True,False
u_006247,school_stress,school,False,False,True,False
u_006248,family,relationships,False,True,False,False
u_006249,general_checkin,reflection,False,False,False,False
u_006250,loneliness,emotional_support,False,False,False,True
u_006251,relationships,relationships,False,True,False,False
u_006252,general_checkin,reflection,False,False,False,False
u_006253,general_checkin,reflection,False,False,False,False
u_006254,career,career,False,False,False,False
u_006255,career,career,False,False,False,False
u_006256,loneliness,emotional_support,False,False,False,True
u_006257,career,career,False,False,False,False
u_006258,loneliness,emotional_support,False,False,False,True
u_006259,school_stress,school,False,False,True,False
u_006260,school_stress,school,False,False,True,False
u_006261,loneliness,emotional_support,False,False,False,True
u_006262,sleep,wellness,False,False,False,False
u_006263,school_stress,school,False,False,True,False
u_006264,school_stress,school,False,False,True,False
u_006265,school_stress,school,False,False,True,False
u_006266,family,relationships,False,True,False,False
u_006267,relationships,relationships,False,True,False,False
u_006268,career,career,False,False,False,False
u_006269,motivation,self_improvement,False,False,False,False
u_006270,motivation,self_improvement,False,False,False,False
u_006271,motivation,self_improvement,False,False,False,False
u_006272,career,career,False,False,False,False
u_006273,family,relationships,False,True,False,False
u_006274,school_stress,school,False,False,True,False
u_006275,relationships,relationships,False,True,False,False
u_006276,relationships,relationships,False,True,False,False
u_006277,school_stress,school,False,False,True,False
u_006278,school_stress,school,False,False,True,False
u_006279,career,career,False,False,False,False
u_006280,relationships,relationships,False,True,False,False
u_006281,school_stress,school,False,False,True,False
u_006282,sleep,wellness,False,False,False,False
u_006283,family,relationships,False,True,False,False
u_006284,career,career,False,False,False,False
u_006285,career,career,False,False,False,False
u_006286,family,relationships,False,True,False,False
u_006287,school_stress,school,False,False,True,False
u_006288,family,relationships,False,True,False,False
u_006289,motivation,self_improvement,False,False,False,False
u_006290,sleep,wellness,False,False,False,False
u_006291,loneliness,emotional_support,False,False,False,True
u_006292,sleep,wellness,False,False,False,False
u_006293,school_stress,school,False,False,True,False
u_006294,sleep,wellness,False,False,False,False
u_006295,school_stress,school,False,False,True,False
u_006296,school_stress,school,False,False,True,False
u_006297,loneliness,emotional_support,False,False,False,True
u_006298,loneliness,emotional_support,False,False,False,True
u_006299,loneliness,emotional_support,False,False,False,True
u_006300,relationships,relationships,False,True,False,False
u_006301,career,career,False,False,False,False
u_006302,loneliness,emotional_support,False,False,False,True
u_006303,school_stress,school,False,False,True,False
u_006304,motivation,self_improvement,False,False,False,False
u_006305,relationships,relationships,False,True,False,False
u_006306,school_stress,school,False,False,True,False
u_006307,school_stress,school,False,False,True,False
u_006308,school_stress,school,False,False,True,False
u_006309,general_checkin,reflection,False,False,False,False
u_006310,relationships,relationships,False,True,False,False
u_006311,loneliness,emotional_support,False,False,False,True
u_006312,motivation,self_improvement,False,False,False,False
u_006313,relationships,relationships,False,True,False,False
u_006314,relationships,relationships,False,True,False,False
u_006315,school_stress,school,False,False,True,False
u_006316,sleep,wellness,False,False,False,False
u_006317,motivation,self_improvement,False,False,False,False
u_006318,relationships,relationships,False,True,False,False
u_006319,loneliness,emotional_support,False,False,False,True
u_006320,family,relationships,False,True,False,False
u_006321,sleep,wellness,False,False,False,False
u_006322,career,career,False,False,False,False
u_006323,motivation,self_improvement,False,False,False,False
u_006324,general_checkin,reflection,False,False,False,False
u_006325,sleep,wellness,False,False,False,False
u_006326,school_stress,school,False,False,True,False
u_006327,motivation,self_improvement,False,False,False,False
u_006328,family,relationships,False,True,False,False
u_006329,loneliness,emotional_support,False,False,False,True
u_006330,school_stress,school,False,False,True,False
u_006331,motivation,self_improvement,False,False,False,False
u_006332,general_checkin,reflection,False,False,False,False
u_006333,career,career,False,False,False,False
u_006334,general_checkin,reflection,False,False,False,False
u_006335,school_stress,school,False,False,True,False
u_006336,motivation,self_improvement,False,False,False,False
u_006337,general_checkin,reflection,False,False,False,False
u_006338,career,career,False,False,False,False
u_006339,general_checkin,reflection,False,False,False,False
u_006340,motivation,self_improvement,False,False,False,False
u_006341,motivation,self_improvement,False,False,False,False
u_006342,school_stress,school,False,False,True,False
u_006343,school_stress,school,True,False,True,False
u_006344,motivation,self_improvement,False,False,False,False
u_006345,general_checkin,reflection,False,False,False,False
u_006346,motivation,self_improvement,False,False,False,False
u_006347,school_stress,school,False,False,True,False
u_006348,relationships,relationships,False,True,False,False
u_006349,general_checkin,reflection,False,False,False,False
u_006350,loneliness,emotional_support,False,False,False,True
u_006351,motivation,self_improvement,False,False,False,False
u_006352,loneliness,emotional_support,False,False,False,True
u_006353,school_stress,school,False,False,True,False
u_006354,family,relationships,False,True,False,False
u_006355,school_stress,school,False,False,True,False
u_006356,motivation,self_improvement,False,False,False,False
u_006357,family,relationships,False,True,False,False
u_006358,sleep,wellness,False,False,False,False
u_006359,motivation,self_improvement,False,False,False,False
u_006360,career,career,False,False,False,False
u_006361,relationships,relationships,False,True,False,False
u_006362,relationships,relationships,False,True,False,False
u_006363,family,relationships,False,True,False,False
u_006364,loneliness,emotional_support,False,False,False,True
u_006365,motivation,self_improvement,False,False,False,False
u_006366,school_stress,school,False,False,True,False
u_006367,sleep,wellness,False,False,False,False
u_006368,relationships,relationships,False,True,False,False
u_006369,sleep,wellness,False,False,False,False
u_006370,general_checkin,reflection,False,False,False,False
u_006371,school_stress,school,False,False,True,False
u_006372,general_checkin,reflection,False,False,False,False
u_006373,loneliness,emotional_support,False,False,False,True
u_006374,family,relationships,False,True,False,False
u_006375,school_stress,school,False,False,True,False
u_006376,school_stress,school,False,False,True,False
u_006377,loneliness,emotional_support,False,False,False,True
u_006378,school_stress,school,False,False,True,False
u_006379,relationships,relationships,False,True,False,False
u_006380,career,career,False,False,False,False
u_006381,relationships,relationships,False,True,False,False
u_006382,family,relationships,False,True,False,False
u_006383,career,career,False,False,False,False
u_006384,school_stress,school,False,False,True,False
u_006385,relationships,relationships,False,True,False,False
u_006386,relationships,relationships,False,True,False,False
u_006387,general_checkin,reflection,False,False,False,False
u_006388,motivation,self_improvement,False,False,False,False
u_006389,relationships,relationships,False,True,False,False
u_006390,school_stress,school,False,False,True,False
u_006391,career,career,False,False,False,False
u_006392,career,career,False,False,False,False
u_006393,relationships,relationships,False,True,False,False
u_006394,relationships,relationships,False,True,False,False
u_006395,school_stress,school,False,False,True,False
u_006396,loneliness,emotional_support,False,False,False,True
u_006397,career,career,False,False,False,False
u_006398,school_stress,school,False,False,True,False
u_006399,relationships,relationships,False,True,False,False
u_006400,general_checkin,reflection,True,False,False,False
u_006401,general_checkin,reflection,False,False,False,False
u_006402,career,career,False,False,False,False
u_006403,relationships,relationships,False,True,False,False
u_006404,school_stress,school,False,False,True,False
u_006405,loneliness,emotional_support,False,False,False,True
u_006406,school_stress,school,False,False,True,False
u_006407,sleep,wellness,False,False,False,False
u_006408,motivation,self_improvement,False,False,False,False
u_006409,school_stress,school,False,False,True,False
u_006410,school_stress,school,False,False,True,False
u_006411,motivation,self_improvement,False,False,False,False
u_006412,school_stress,school,False,False,True,False
u_006413,school_stress,school,False,False,True,False
u_006414,relationships,relationships,False,True,False,False
u_006415,family,relationships,False,True,False,False
u_006416,motivation,self_improvement,False,False,False,False
u_006417,relationships,relationships,False,True,False,False
u_006418,school_stress,school,False,False,True,False
u_006419,school_stress,school,False,False,True,False
u_006420,sleep,wellness,False,False,False,False
u_006421,school_stress,school,False,False,True,False
u_006422,relationships,relationships,False,True,False,False
u_006423,relationships,relationships,False,True,False,False
u_006424,school_stress,school,False,False,True,False
u_006425,relationships,relationships,False,True,False,False
u_006426,school_stress,school,False,False,True,False
u_006427,motivation,self_improvement,False,False,False,False
u_006428,loneliness,emotional_support,False,False,False,True
u_006429,school_stress,school,False,False,True,False
u_006430,general_checkin,reflection,False,False,False,False
u_006431,career,career,False,False,False,False
u_006432,sleep,wellness,False,False,False,False
u_006433,relationships,relationships,False,True,False,False
u_006434,loneliness,emotional_support,False,False,False,True
u_006435,loneliness,emotional_support,False,False,False,True
u_006436,school_stress,school,False,False,True,False
u_006437,relationships,relationships,False,True,False,False
u_006438,motivation,self_improvement,False,False,False,False
u_006439,loneliness,emotional_support,False,False,False,True
u_006440,loneliness,emotional_support,False,False,False,True
u_006441,sleep,wellness,False,False,False,False
u_006442,relationships,relationships,False,True,False,False
u_006443,motivation,self_improvement,False,False,False,False
u_006444,school_stress,school,False,False,True,False
u_006445,career,career,False,False,False,False
u_006446,school_stress,school,False,False,True,False
u_006447,motivation,self_improvement,False,False,False,False
u_006448,career,career,False,False,False,False
u_006449,motivation,self_improvement,False,False,False,False
u_006450,school_stress,school,False,False,True,False
u_006451,motivation,self_improvement,False,False,False,False
u_006452,relationships,relationships,False,True,False,False
u_006453,relationships,relationships,False,True,False,False
u_006454,motivation,self_improvement,False,False,False,False
u_006455,relationships,relationships,False,True,False,False
u_006456,loneliness,emotional_support,False,False,False,True
u_006457,school_stress,school,False,False,True,False
u_006458,general_checkin,reflection,False,False,False,False
u_006459,motivation,self_improvement,False,False,False,False
u_006460,motivation,self_improvement,False,False,False,False
u_006461,loneliness,emotional_support,False,False,False,True
u_006462,motivation,self_improvement,False,False,False,False
u_006463,career,career,False,False,False,False
u_006464,career,career,False,False,False,False
u_006465,school_stress,school,False,False,True,False
u_006466,family,relationships,False,True,False,False
u_006467,school_stress,school,False,False,True,False
u_006468,career,career,False,False,False,False
u_006469,relationships,relationships,False,True,False,False
u_006470,sleep,wellness,False,False,False,False
u_006471,career,career,False,False,False,False
u_006472,relationships,relationships,False,True,False,False
u_006473,school_stress,school,False,False,True,False
u_006474,general_checkin,reflection,False,False,False,False
u_006475,sleep,wellness,False,False,False,False
u_006476,school_stress,school,False,False,True,False
u_006477,school_stress,school,False,False,True,False
u_006478,relationships,relationships,False,True,False,False
u_006479,loneliness,emotional_support,False,False,False,True
u_006480,general_checkin,reflection,False,False,False,False
u_006481,relationships,relationships,False,True,False,False
u_006482,sleep,wellness,False,False,False,False
u_006483,relationships,relationships,False,True,False,False
u_006484,relationships,relationships,False,True,False,False
u_006485,general_checkin,reflection,False,False,False,False
u_006486,general_checkin,reflection,False,False,False,False
u_006487,relationships,relationships,False,True,False,False
u_006488,loneliness,emotional_support,False,False,False,True
u_006489,school_stress,school,False,False,True,False
u_006490,relationships,relationships,False,True,False,False
u_006491,relationships,relationships,False,True,False,False
u_006492,relationships,relationships,False,True,False,False
u_006493,relationships,relationships,False,True,False,False
u_006494,family,relationships,False,True,False,False
u_006495,family,relationships,False,True,False,False
u_006496,career,career,False,False,False,False
u_006497,loneliness,emotional_support,False,False,False,True
u_006498,career,career,False,False,False,False
u_006499,relationships,relationships,False,True,False,False
u_006500,relationships,relationships,False,True,False,False
u_006501,family,relationships,False,True,False,False
u_006502,school_stress,school,False,False,True,False
u_006503,motivation,self_improvement,False,False,False,False
u_006504,sleep,wellness,False,False,False,False
u_006505,motivation,self_improvement,False,False,False,False
u_006506,school_stress,school,False,False,True,False
u_006507,school_stress,school,False,False,True,False
u_006508,loneliness,emotional_support,False,False,False,True
u_006509,relationships,relationships,False,True,False,False
u_006510,career,career,False,False,False,False
u_006511,general_checkin,reflection,True,False,False,False
u_006512,school_stress,school,False,False,True,False
u_006513,loneliness,emotional_support,False,False,False,True
u_006514,career,career,False,False,False,False
u_006515,relationships,relationships,False,True,False,False
u_006516,motivation,self_improvement,False,False,False,False
u_006517,school_stress,school,False,False,True,False
u_006518,general_checkin,reflection,False,False,False,False
u_006519,career,career,False,False,False,False
u_006520,relationships,relationships,False,True,False,False
u_006521,motivation,self_improvement,False,False,False,False
u_006522,family,relationships,False,True,False,False
u_006523,school_stress,school,False,False,True,False
u_006524,relationships,relationships,False,True,False,False
u_006525,motivation,self_improvement,False,False,False,False
u_006526,sleep,wellness,False,False,False,False
u_006527,school_stress,school,False,False,True,False
u_006528,school_stress,school,False,False,True,False
u_006529,career,career,False,False,False,False
u_006530,school_stress,school,False,False,True,False
u_006531,general_checkin,reflection,False,False,False,False
u_006532,school_stress,school,False,False,True,False
u_006533,loneliness,emotional_support,False,False,False,True
u_006534,school_stress,school,False,False,True,False
u_006535,relationships,relationships,False,True,False,False
u_006536,loneliness,emotional_support,False,False,False,True
u_006537,career,career,False,False,False,False
u_006538,career,career,False,False,False,False
u_006539,loneliness,emotional_support,False,False,False,True
u_006540,loneliness,emotional_support,True,False,False,True
u_006541,sleep,wellness,False,False,False,False
u_006542,general_checkin,reflection,False,False,False,False
u_006543,relationships,relationships,False,True,False,False
u_006544,general_checkin,reflection,False,False,False,False
u_006545,school_stress,school,False,False,True,False
u_006546,motivation,self_improvement,False,False,False,False
u_006547,career,career,False,False,False,False
u_006548,relationships,relationships,False,True,False,False
u_006549,motivation,self_improvement,False,False,False,False
u_006550,motivation,self_improvement,False,False,False,False
u_006551,motivation,self_improvement,False,False,False,False
u_006552,loneliness,emotional_support,False,False,False,True
u_006553,motivation,self_improvement,False,False,False,False
u_006554,motivation,self_improvement,False,False,False,False
u_006555,sleep,wellness,False,False,False,False
u_006556,loneliness,emotional_support,False,False,False,True
u_006557,motivation,self_improvement,False,False,False,False
u_006558,school_stress,school,False,False,True,False
u_006559,motivation,self_improvement,False,False,False,False
u_006560,school_stress,school,False,False,True,False
u_006561,relationships,relationships,False,True,False,False
u_006562,family,relationships,False,True,False,False
u_006563,motivation,self_improvement,False,False,False,False
u_006564,motivation,self_improvement,False,False,False,False
u_006565,career,career,False,False,False,False
u_006566,relationships,relationships,False,True,False,False
u_006567,relationships,relationships,False,True,False,False
u_006568,school_stress,school,False,False,True,False
u_006569,family,relationships,False,True,False,False
u_006570,general_checkin,reflection,False,False,False,False
u_006571,family,relationships,False,True,False,False
u_006572,school_stress,school,False,False,True,False
u_006573,relationships,relationships,False,True,False,False
u_006574,school_stress,school,False,False,True,False
u_006575,family,relationships,False,True,False,False
u_006576,loneliness,emotional_support,False,False,False,True
u_006577,motivation,self_improvement,False,False,False,False
u_006578,loneliness,emotional_support,False,False,False,True
u_006579,general_checkin,reflection,False,False,False,False
u_006580,loneliness,emotional_support,True,False,False,True
u_006581,career,career,False,False,False,False
u_006582,motivation,self_improvement,True,False,False,False
u_006583,career,career,False,False,False,False
u_006584,motivation,self_improvement,False,False,False,False
u_006585,career,career,False,False,False,False
u_006586,general_checkin,reflection,False,False,False,False
u_006587,motivation,self_improvement,False,False,False,False
u_006588,relationships,relationships,False,True,False,False
u_006589,school_stress,school,False,False,True,False
u_006590,career,career,False,False,False,False
u_006591,relationships,relationships,False,True,False,False
u_006592,school_stress,school,False,False,True,False
u_006593,school_stress,school,False,False,True,False
u_006594,career,career,False,False,False,False
u_006595,sleep,wellness,False,False,False,False
u_006596,relationships,relationships,False,True,False,False
u_006597,relationships,relationships,False,True,False,False
u_006598,family,relationships,False,True,False,False
u_006599,school_stress,school,False,False,True,False
u_006600,career,career,False,False,False,False
u_006601,motivation,self_improvement,False,False,False,False
u_006602,loneliness,emotional_support,False,False,False,True
u_006603,school_stress,school,False,False,True,False
u_006604,sleep,wellness,False,False,False,False
u_006605,relationships,relationships,False,True,False,False
u_006606,school_stress,school,False,False,True,False
u_006607,sleep,wellness,False,False,False,False
u_006608,sleep,wellness,False,False,False,False
u_006609,school_stress,school,False,False,True,False
u_006610,general_checkin,reflection,False,False,False,False
u_006611,relationships,relationships,False,True,False,False
u_006612,loneliness,emotional_support,False,False,False,True
u_006613,career,career,False,False,False,False
u_006614,sleep,wellness,False,False,False,False
u_006615,career,career,False,False,False,False
u_006616,motivation,self_improvement,False,False,False,False
u_006617,career,career,False,False,False,False
u_006618,school_stress,school,False,False,True,False
u_006619,school_stress,school,False,False,True,False
u_006620,loneliness,emotional_support,False,False,False,True
u_006621,school_stress,school,False,False,True,False
u_006622,general_checkin,reflection,False,False,False,False
u_006623,motivation,self_improvement,False,False,False,False
u_006624,school_stress,school,False,False,True,False
u_006625,career,career,False,False,False,False
u_006626,motivation,self_improvement,False,False,False,False
u_006627,career,career,False,False,False,False
u_006628,career,career,False,False,False,False
u_006629,school_stress,school,False,False,True,False
u_006630,relationships,relationships,False,True,False,False
u_006631,loneliness,emotional_support,False,False,False,True
u_006632,relationships,relationships,False,True,False,False
u_006633,relationships,relationships,False,True,False,False
u_006634,career,career,False,False,False,False
u_006635,school_stress,school,False,False,True,False
u_006636,sleep,wellness,False,False,False,False
u_006637,relationships,relationships,False,True,False,False
u_006638,sleep,wellness,False,False,False,False
u_006639,relationships,relationships,False,True,False,False
u_006640,motivation,self_improvement,False,False,False,False
u_006641,loneliness,emotional_support,False,False,False,True
u_006642,loneliness,emotional_support,False,False,False,True
u_006643,relationships,relationships,False,True,False,False
u_006644,general_checkin,reflection,False,False,False,False
u_006645,relationships,relationships,False,True,False,False
u_006646,career,career,False,False,False,False
u_006647,loneliness,emotional_support,False,False,False,True
u_006648,relationships,relationships,False,True,False,False
u_006649,school_stress,school,False,False,True,False
u_006650,motivation,self_improvement,False,False,False,False
u_006651,career,career,False,False,False,False
u_006652,general_checkin,reflection,False,False,False,False
u_006653,motivation,self_improvement,False,False,False,False
u_006654,school_stress,school,False,False,True,False
u_006655,motivation,self_improvement,False,False,False,False
u_006656,motivation,self_improvement,False,False,False,False
u_006657,school_stress,school,False,False,True,False
u_006658,loneliness,emotional_support,False,False,False,True
u_006659,sleep,wellness,False,False,False,False
u_006660,school_stress,school,False,False,True,False
u_006661,school_stress,school,False,False,True,False
u_006662,family,relationships,False,True,False,False
u_006663,career,career,False,False,False,False
u_006664,school_stress,school,False,False,True,False
u_006665,motivation,self_improvement,True,False,False,False
u_006666,relationships,relationships,False,True,False,False
u_006667,relationships,relationships,False,True,False,False
u_006668,general_checkin,reflection,False,False,False,False
u_006669,loneliness,emotional_support,False,False,False,True
u_006670,general_checkin,reflection,False,False,False,False
u_006671,relationships,relationships,False,True,False,False
u_006672,loneliness,emotional_support,False,False,False,True
u_006673,motivation,self_improvement,False,False,False,False
u_006674,general_checkin,reflection,False,False,False,False
u_006675,general_checkin,reflection,False,False,False,False
u_006676,career,career,False,False,False,False
u_006677,general_checkin,reflection,False,False,False,False
u_006678,school_stress,school,False,False,True,False
u_006679,general_checkin,reflection,False,False,False,False
u_006680,career,career,False,False,False,False
u_006681,motivation,self_improvement,False,False,False,False
u_006682,loneliness,emotional_support,False,False,False,True
u_006683,relationships,relationships,False,True,False,False
u_006684,career,career,False,False,False,False
u_006685,motivation,self_improvement,False,False,False,False
u_006686,general_checkin,reflection,False,False,False,False
u_006687,school_stress,school,False,False,True,False
u_006688,general_checkin,reflection,False,False,False,False
u_006689,motivation,self_improvement,False,False,False,False
u_006690,loneliness,emotional_support,True,False,False,True
u_006691,family,relationships,False,True,False,False
u_006692,motivation,self_improvement,False,False,False,False
u_006693,school_stress,school,False,False,True,False
u_006694,sleep,wellness,False,False,False,False
u_006695,motivation,self_improvement,False,False,False,False
u_006696,relationships,relationships,False,True,False,False
u_006697,relationships,relationships,False,True,False,False
u_006698,school_stress,school,False,False,True,False
u_006699,general_checkin,reflection,False,False,False,False
u_006700,career,career,False,False,False,False
u_006701,general_checkin,reflection,True,False,False,False
u_006702,school_stress,school,False,False,True,False
u_006703,career,career,False,False,False,False
u_006704,general_checkin,reflection,False,False,False,False
u_006705,sleep,wellness,False,False,False,False
u_006706,sleep,wellness,False,False,False,False
u_006707,relationships,relationships,False,True,False,False
u_006708,motivation,self_improvement,False,False,False,False
u_006709,relationships,relationships,False,True,False,False
u_006710,school_stress,school,False,False,True,False
u_006711,relationships,relationships,False,True,False,False
u_006712,motivation,self_improvement,False,False,False,False
u_006713,relationships,relationships,False,True,False,False
u_006714,sleep,wellness,False,False,False,False
u_006715,motivation,self_improvement,False,False,False,False
u_006716,motivation,self_improvement,False,False,False,False
u_006717,school_stress,school,False,False,True,False
u_006718,career,career,False,False,False,False
u_006719,sleep,wellness,False,False,False,False
u_006720,school_stress,school,False,False,True,False
u_006721,sleep,wellness,False,False,False,False
u_006722,motivation,self_improvement,False,False,False,False
u_006723,loneliness,emotional_support,False,False,False,True
u_006724,school_stress,school,False,False,True,False
u_006725,sleep,wellness,False,False,False,False
u_006726,school_stress,school,False,False,True,False
u_006727,sleep,wellness,False,False,False,False
u_006728,general_checkin,reflection,False,False,False,False
u_006729,career,career,False,False,False,False
u_006730,family,relationships,False,True,False,False
u_006731,family,relationships,False,True,False,False
u_006732,school_stress,school,False,False,True,False
u_006733,sleep,wellness,False,False,False,False
u_006734,relationships,relationships,False,True,False,False
u_006735,family,relationships,False,True,False,False
u_006736,loneliness,emotional_support,False,False,False,True
u_006737,general_checkin,reflection,False,False,False,False
u_006738,motivation,self_improvement,False,False,False,False
u_006739,sleep,wellness,False,False,False,False
u_006740,motivation,self_improvement,False,False,False,False
u_006741,family,relationships,False,True,False,False
u_006742,career,career,False,False,False,False
u_006743,career,career,False,False,False,False
u_006744,relationships,relationships,False,True,False,False
u_006745,relationships,relationships,False,True,False,False
u_006746,motivation,self_improvement,False,False,False,False
u_006747,career,career,False,False,False,False
u_006748,school_stress,school,False,False,True,False
u_006749,relationships,relationships,False,True,False,False
u_006750,career,career,False,False,False,False
u_006751,motivation,self_improvement,False,False,False,False
u_006752,school_stress,school,False,False,True,False
u_006753,school_stress,school,False,False,True,False
u_006754,relationships,relationships,False,True,False,False
u_006755,motivation,self_improvement,False,False,False,False
u_006756,loneliness,emotional_support,False,False,False,True
u_006757,family,relationships,False,True,False,False
u_006758,family,relationships,False,True,False,False
u_006759,career,career,False,False,False,False
u_006760,sleep,wellness,False,False,False,False
u_006761,school_stress,school,False,False,True,False
u_006762,relationships,relationships,False,True,False,False
u_006763,loneliness,emotional_support,False,False,False,True
u_006764,school_stress,school,False,False,True,False
u_006765,relationships,relationships,False,True,False,False
u_006766,motivation,self_improvement,False,False,False,False
u_006767,motivation,self_improvement,False,False,False,False
u_006768,motivation,self_improvement,False,False,False,False
u_006769,family,relationships,False,True,False,False
u_006770,sleep,wellness,False,False,False,False
u_006771,sleep,wellness,False,False,False,False
u_006772,relationships,relationships,False,True,False,False
u_006773,family,relationships,False,True,False,False
u_006774,school_stress,school,False,False,True,False
u_006775,relationships,relationships,False,True,False,False
u_006776,motivation,self_improvement,False,False,False,False
u_006777,general_checkin,reflection,False,False,False,False
u_006778,relationships,relationships,False,True,False,False
u_006779,motivation,self_improvement,False,False,False,False
u_006780,motivation,self_improvement,False,False,False,False
u_006781,school_stress,school,False,False,True,False
u_006782,relationships,relationships,False,True,False,False
u_006783,motivation,self_improvement,False,False,False,False
u_006784,school_stress,school,False,False,True,False
u_006785,relationships,relationships,False,True,False,False
u_006786,career,career,False,False,False,False
u_006787,loneliness,emotional_support,False,False,False,True
u_006788,relationships,relationships,False,True,False,False
u_006789,school_stress,school,False,False,True,False
u_006790,loneliness,emotional_support,False,False,False,True
u_006791,loneliness,emotional_support,False,False,False,True
u_006792,school_stress,school,False,False,True,False
u_006793,career,career,False,False,False,False
u_006794,career,career,False,False,False,False
u_006795,motivation,self_improvement,False,False,False,False
u_006796,family,relationships,False,True,False,False
u_006797,loneliness,emotional_support,False,False,False,True
u_006798,school_stress,school,False,False,True,False
u_006799,sleep,wellness,False,False,False,False
u_006800,career,career,False,False,False,False
u_006801,relationships,relationships,False,True,False,False
u_006802,school_stress,school,False,False,True,False
u_006803,general_checkin,reflection,False,False,False,False
u_006804,relationships,relationships,False,True,False,False
u_006805,career,career,False,False,False,False
u_006806,motivation,self_improvement,False,False,False,False
u_006807,motivation,self_improvement,False,False,False,False
u_006808,sleep,wellness,False,False,False,False
u_006809,motivation,self_improvement,False,False,False,False
u_006810,relationships,relationships,False,True,False,False
u_006811,motivation,self_improvement,False,False,False,False
u_006812,sleep,wellness,False,False,False,False
u_006813,loneliness,emotional_support,False,False,False,True
u_006814,general_checkin,reflection,False,False,False,False
u_006815,sleep,wellness,False,False,False,False
u_006816,school_stress,school,False,False,True,False
u_006817,family,relationships,False,True,False,False
u_006818,general_checkin,reflection,False,False,False,False
u_006819,motivation,self_improvement,False,False,False,False
u_006820,school_stress,school,False,False,True,False
u_006821,school_stress,school,False,False,True,False
u_006822,school_stress,school,False,False,True,False
u_006823,sleep,wellness,False,False,False,False
u_006824,motivation,self_improvement,False,False,False,False
u_006825,family,relationships,False,True,False,False
u_006826,school_stress,school,False,False,True,False
u_006827,motivation,self_improvement,False,False,False,False
u_006828,loneliness,emotional_support,False,False,False,True
u_006829,school_stress,school,False,False,True,False
u_006830,general_checkin,reflection,False,False,False,False
u_006831,school_stress,school,False,False,True,False
u_006832,motivation,self_improvement,False,False,False,False
u_006833,career,career,False,False,False,False
u_006834,motivation,self_improvement,False,False,False,False
u_006835,school_stress,school,False,False,True,False
u_006836,career,career,False,False,False,False
u_006837,motivation,self_improvement,False,False,False,False
u_006838,sleep,wellness,False,False,False,False
u_006839,sleep,wellness,False,False,False,False
u_006840,loneliness,emotional_support,False,False,False,True
u_006841,general_checkin,reflection,False,False,False,False
u_006842,family,relationships,False,True,False,False
u_006843,career,career,False,False,False,False
u_006844,general_checkin,reflection,False,False,False,False
u_006845,loneliness,emotional_support,False,False,False,True
u_006846,motivation,self_improvement,False,False,False,False
u_006847,family,relationships,False,True,False,False
u_006848,school_stress,school,False,False,True,False
u_006849,motivation,self_improvement,False,False,False,False
u_006850,relationships,relationships,False,True,False,False
u_006851,motivation,self_improvement,False,False,False,False
u_006852,relationships,relationships,False,True,False,False
u_006853,general_checkin,reflection,False,False,False,False
u_006854,sleep,wellness,False,False,False,False
u_006855,motivation,self_improvement,False,False,False,False
u_006856,relationships,relationships,False,True,False,False
u_006857,school_stress,school,False,False,True,False
u_006858,loneliness,emotional_support,False,False,False,True
u_006859,career,career,False,False,False,False
u_006860,motivation,self_improvement,False,False,False,False
u_006861,general_checkin,reflection,False,False,False,False
u_006862,career,career,False,False,False,False
u_006863,motivation,self_improvement,False,False,False,False
u_006864,relationships,relationships,False,True,False,False
u_006865,family,relationships,True,True,False,False
u_006866,general_checkin,reflection,False,False,False,False
u_006867,career,career,False,False,False,False
u_006868,relationships,relationships,False,True,False,False
u_006869,career,career,False,False,False,False
u_006870,motivation,self_improvement,False,False,False,False
u_006871,school_stress,school,False,False,True,False
u_006872,school_stress,school,False,False,True,False
u_006873,loneliness,emotional_support,False,False,False,True
u_006874,sleep,wellness,False,False,False,False
u_006875,relationships,relationships,False,True,False,False
u_006876,motivation,self_improvement,False,False,False,False
u_006877,sleep,wellness,False,False,False,False
u_006878,general_checkin,reflection,False,False,False,False
u_006879,family,relationships,False,True,False,False
u_006880,school_stress,school,False,False,True,False
u_006881,loneliness,emotional_support,False,False,False,True
u_006882,loneliness,emotional_support,False,False,False,True
u_006883,loneliness,emotional_support,False,False,False,True
u_006884,career,career,False,False,False,False
u_006885,general_checkin,reflection,False,False,False,False
u_006886,motivation,self_improvement,False,False,False,False
u_006887,loneliness,emotional_support,False,False,False,True
u_006888,loneliness,emotional_support,False,False,False,True
u_006889,general_checkin,reflection,False,False,False,False
u_006890,school_stress,school,False,False,True,False
u_006891,school_stress,school,False,False,True,False
u_006892,relationships,relationships,False,True,False,False
u_006893,career,career,False,False,False,False
u_006894,school_stress,school,False,False,True,False
u_006895,relationships,relationships,False,True,False,False
u_006896,relationships,relationships,False,True,False,False
u_006897,relationships,relationships,False,True,False,False
u_006898,school_stress,school,False,False,True,False
u_006899,school_stress,school,False,False,True,False
u_006900,career,career,False,False,False,False
u_006901,loneliness,emotional_support,False,False,False,True
u_006902,school_stress,school,False,False,True,False
u_006903,motivation,self_improvement,False,False,False,False
u_006904,relationships,relationships,False,True,False,False
u_006905,relationships,relationships,False,True,False,False
u_006906,loneliness,emotional_support,False,False,False,True
u_006907,school_stress,school,False,False,True,False
u_006908,school_stress,school,False,False,True,False
u_006909,loneliness,emotional_support,False,False,False,True
u_006910,career,career,False,False,False,False
u_006911,sleep,wellness,False,False,False,False
u_006912,career,career,False,False,False,False
u_006913,loneliness,emotional_support,False,False,False,True
u_006914,loneliness,emotional_support,False,False,False,True
u_006915,loneliness,emotional_support,False,False,False,True
u_006916,career,career,False,False,False,False
u_006917,motivation,self_improvement,False,False,False,False
u_006918,general_checkin,reflection,False,False,False,False
u_006919,general_checkin,reflection,False,False,False,False
u_006920,general_checkin,reflection,False,False,False,False
u_006921,relationships,relationships,False,True,False,False
u_006922,school_stress,school,False,False,True,False
u_006923,family,relationships,False,True,False,False
u_006924,sleep,wellness,False,False,False,False
u_006925,motivation,self_improvement,False,False,False,False
u_006926,relationships,relationships,False,True,False,False
u_006927,career,career,False,False,False,False
u_006928,career,career,False,False,False,False
u_006929,general_checkin,reflection,False,False,False,False
u_006930,sleep,wellness,False,False,False,False
u_006931,relationships,relationships,False,True,False,False
u_006932,motivation,self_improvement,False,False,False,False
u_006933,school_stress,school,False,False,True,False
u_006934,motivation,self_improvement,False,False,False,False
u_006935,family,relationships,False,True,False,False
u_006936,relationships,relationships,False,True,False,False
u_006937,sleep,wellness,False,False,False,False
u_006938,relationships,relationships,False,True,False,False
u_006939,motivation,self_improvement,False,False,False,False
u_006940,career,career,False,False,False,False
u_006941,loneliness,emotional_support,False,False,False,True
u_006942,loneliness,emotional_support,False,False,False,True
u_006943,motivation,self_improvement,False,False,False,False
u_006944,career,career,False,False,False,False
u_006945,relationships,relationships,False,True,False,False
u_006946,relationships,relationships,False,True,False,False
u_006947,relationships,relationships,False,True,False,False
u_006948,career,career,False,False,False,False
u_006949,sleep,wellness,False,False,False,False
u_006950,relationships,relationships,False,True,False,False
u_006951,motivation,self_improvement,False,False,False,False
u_006952,relationships,relationships,False,True,False,False
u_006953,relationships,relationships,False,True,False,False
u_006954,relationships,relationships,False,True,False,False
u_006955,career,career,False,False,False,False
u_006956,family,relationships,False,True,False,False
u_006957,family,relationships,False,True,False,False
u_006958,relationships,relationships,False,True,False,False
u_006959,school_stress,school,False,False,True,False
u_006960,general_checkin,reflection,False,False,False,False
u_006961,career,career,False,False,False,False
u_006962,school_stress,school,False,False,True,False
u_006963,loneliness,emotional_support,False,False,False,True
u_006964,motivation,self_improvement,False,False,False,False
u_006965,career,career,False,False,False,False
u_006966,relationships,relationships,False,True,False,False
u_006967,career,career,False,False,False,False
u_006968,general_checkin,reflection,False,False,False,False
u_006969,sleep,wellness,False,False,False,False
u_006970,career,career,False,False,False,False
u_006971,motivation,self_improvement,False,False,False,False
u_006972,school_stress,school,False,False,True,False
u_006973,loneliness,emotional_support,False,False,False,True
u_006974,relationships,relationships,False,True,False,False
u_006975,school_stress,school,False,False,True,False
u_006976,career,career,False,False,False,False
u_006977,school_stress,school,False,False,True,False
u_006978,career,career,False,False,False,False
u_006979,relationships,relationships,False,True,False,False
u_006980,career,career,False,False,False,False
u_006981,general_checkin,reflection,False,False,False,False
u_006982,career,career,False,False,False,False
u_006983,school_stress,school,False,False,True,False
u_006984,relationships,relationships,False,True,False,False
u_006985,loneliness,emotional_support,False,False,False,True
u_006986,school_stress,school,False,False,True,False
u_006987,family,relationships,False,True,False,False
u_006988,school_stress,school,False,False,True,False
u_006989,sleep,wellness,False,False,False,False
u_006990,general_checkin,reflection,False,False,False,False
u_006991,school_stress,school,False,False,True,False
u_006992,career,career,False,False,False,False
u_006993,relationships,relationships,False,True,False,False
u_006994,loneliness,emotional_support,False,False,False,True
u_006995,career,career,False,False,False,False
u_006996,sleep,wellness,False,False,False,False
u_006997,family,relationships,False,True,False,False
u_006998,career,career,False,False,False,False
u_006999,school_stress,school,False,False,True,False
u_007000,loneliness,emotional_support,False,False,False,True
u_007001,school_stress,school,False,False,True,False
u_007002,school_stress,school,False,False,True,False
u_007003,motivation,self_improvement,False,False,False,False
u_007004,motivation,self_improvement,False,False,False,False
u_007005,general_checkin,reflection,False,False,False,False
u_007006,career,career,False,False,False,False
u_007007,loneliness,emotional_support,False,False,False,True
u_007008,sleep,wellness,False,False,False,False
u_007009,relationships,relationships,False,True,False,False
u_007010,school_stress,school,False,False,True,False
u_007011,relationships,relationships,True,True,False,False
u_007012,relationships,relationships,False,True,False,False
u_007013,general_checkin,reflection,False,False,False,False
u_007014,motivation,self_improvement,False,False,False,False
u_007015,relationships,relationships,False,True,False,False
u_007016,relationships,relationships,False,True,False,False
u_007017,sleep,wellness,False,False,False,False
u_007018,school_stress,school,False,False,True,False
u_007019,career,career,False,False,False,False
u_007020,school_stress,school,False,False,True,False
u_007021,career,career,False,False,False,False
u_007022,career,career,False,False,False,False
u_007023,motivation,self_improvement,False,False,False,False
u_007024,family,relationships,False,True,False,False
u_007025,loneliness,emotional_support,False,False,False,True
u_007026,general_checkin,reflection,False,False,False,False
u_007027,sleep,wellness,False,False,False,False
u_007028,motivation,self_improvement,False,False,False,False
u_007029,relationships,relationships,False,True,False,False
u_007030,general_checkin,reflection,False,False,False,False
u_007031,sleep,wellness,False,False,False,False
u_007032,relationships,relationships,False,True,False,False
u_007033,general_checkin,reflection,False,False,False,False
u_007034,school_stress,school,False,False,True,False
u_007035,school_stress,school,False,False,True,False
u_007036,motivation,self_improvement,False,False,False,False
u_007037,sleep,wellness,False,False,False,False
u_007038,family,relationships,False,True,False,False
u_007039,sleep,wellness,False,False,False,False
u_007040,school_stress,school,False,False,True,False
u_007041,motivation,self_improvement,False,False,False,False
u_007042,motivation,self_improvement,False,False,False,False
u_007043,relationships,relationships,False,True,False,False
u_007044,relationships,relationships,False,True,False,False
u_007045,sleep,wellness,False,False,False,False
u_007046,general_checkin,reflection,False,False,False,False
u_007047,relationships,relationships,False,True,False,False
u_007048,school_stress,school,False,False,True,False
u_007049,relationships,relationships,False,True,False,False
u_007050,loneliness,emotional_support,False,False,False,True
u_007051,school_stress,school,False,False,True,False
u_007052,sleep,wellness,False,False,False,False
u_007053,motivation,self_improvement,False,False,False,False
u_007054,general_checkin,reflection,False,False,False,False
u_007055,relationships,relationships,False,True,False,False
u_007056,general_checkin,reflection,False,False,False,False
u_007057,loneliness,emotional_support,False,False,False,True
u_007058,sleep,wellness,False,False,False,False
u_007059,relationships,relationships,False,True,False,False
u_007060,relationships,relationships,False,True,False,False
u_007061,sleep,wellness,False,False,False,False
u_007062,school_stress,school,False,False,True,False
u_007063,career,career,False,False,False,False
u_007064,motivation,self_improvement,False,False,False,False
u_007065,motivation,self_improvement,False,False,False,False
u_007066,relationships,relationships,False,True,False,False
u_007067,loneliness,emotional_support,False,False,False,True
u_007068,school_stress,school,False,False,True,False
u_007069,relationships,relationships,True,True,False,False
u_007070,general_checkin,reflection,False,False,False,False
u_007071,family,relationships,False,True,False,False
u_007072,school_stress,school,False,False,True,False
u_007073,loneliness,emotional_support,False,False,False,True
u_007074,career,career,False,False,False,False
u_007075,loneliness,emotional_support,False,False,False,True
u_007076,motivation,self_improvement,False,False,False,False
u_007077,school_stress,school,False,False,True,False
u_007078,relationships,relationships,False,True,False,False
u_007079,motivation,self_improvement,False,False,False,False
u_007080,relationships,relationships,False,True,False,False
u_007081,relationships,relationships,False,True,False,False
u_007082,sleep,wellness,False,False,False,False
u_007083,school_stress,school,False,False,True,False
u_007084,motivation,self_improvement,False,False,False,False
u_007085,school_stress,school,False,False,True,False
u_007086,relationships,relationships,False,True,False,False
u_007087,school_stress,school,False,False,True,False
u_007088,relationships,relationships,False,True,False,False
u_007089,general_checkin,reflection,False,False,False,False
u_007090,school_stress,school,False,False,True,False
u_007091,school_stress,school,False,False,True,False
u_007092,motivation,self_improvement,False,False,False,False
u_007093,general_checkin,reflection,False,False,False,False
u_007094,general_checkin,reflection,False,False,False,False
u_007095,career,career,False,False,False,False
u_007096,motivation,self_improvement,False,False,False,False
u_007097,general_checkin,reflection,False,False,False,False
u_007098,school_stress,school,False,False,True,False
u_007099,career,career,False,False,False,False
u_007100,relationships,relationships,False,True,False,False
u_007101,motivation,self_improvement,False,False,False,False
u_007102,motivation,self_improvement,False,False,False,False
u_007103,relationships,relationships,False,True,False,False
u_007104,school_stress,school,False,False,True,False
u_007105,motivation,self_improvement,False,False,False,False
u_007106,relationships,relationships,False,True,False,False
u_007107,career,career,False,False,False,False
u_007108,general_checkin,reflection,False,False,False,False
u_007109,school_stress,school,False,False,True,False
u_007110,relationships,relationships,False,True,False,False
u_007111,school_stress,school,False,False,True,False
u_007112,loneliness,emotional_support,False,False,False,True
u_007113,school_stress,school,False,False,True,False
u_007114,motivation,self_improvement,False,False,False,False
u_007115,career,career,False,False,False,False
u_007116,relationships,relationships,False,True,False,False
u_007117,career,career,False,False,False,False
u_007118,relationships,relationships,False,True,False,False
u_007119,relationships,relationships,False,True,False,False
u_007120,relationships,relationships,False,True,False,False
u_007121,career,career,False,False,False,False
u_007122,relationships,relationships,False,True,False,False
u_007123,motivation,self_improvement,False,False,False,False
u_007124,school_stress,school,False,False,True,False
u_007125,career,career,False,False,False,False
u_007126,general_checkin,reflection,False,False,False,False
u_007127,relationships,relationships,False,True,False,False
u_007128,career,career,False,False,False,False
u_007129,motivation,self_improvement,False,False,False,False
u_007130,school_stress,school,False,False,True,False
u_007131,general_checkin,reflection,False,False,False,False
u_007132,relationships,relationships,False,True,False,False
u_007133,relationships,relationships,False,True,False,False
u_007134,motivation,self_improvement,False,False,False,False
u_007135,relationships,relationships,False,True,False,False
u_007136,school_stress,school,False,False,True,False
u_007137,school_stress,school,False,False,True,False
u_007138,relationships,relationships,False,True,False,False
u_007139,school_stress,school,False,False,True,False
u_007140,motivation,self_improvement,False,False,False,False
u_007141,general_checkin,reflection,False,False,False,False
u_007142,school_stress,school,False,False,True,False
u_007143,relationships,relationships,False,True,False,False
u_007144,relationships,relationships,False,True,False,False
u_007145,relationships,relationships,False,True,False,False
u_007146,career,career,False,False,False,False
u_007147,career,career,False,False,False,False
u_007148,school_stress,school,False,False,True,False
u_007149,sleep,wellness,False,False,False,False
u_007150,sleep,wellness,False,False,False,False
u_007151,relationships,relationships,False,True,False,False
u_007152,relationships,relationships,False,True,False,False
u_007153,career,career,False,False,False,False
u_007154,career,career,False,False,False,False
u_007155,career,career,False,False,False,False
u_007156,motivation,self_improvement,False,False,False,False
u_007157,family,relationships,False,True,False,False
u_007158,school_stress,school,False,False,True,False
u_007159,school_stress,school,False,False,True,False
u_007160,general_checkin,reflection,False,False,False,False
u_007161,relationships,relationships,False,True,False,False
u_007162,loneliness,emotional_support,False,False,False,True
u_007163,school_stress,school,True,False,True,False
u_007164,sleep,wellness,False,False,False,False
u_007165,motivation,self_improvement,False,False,False,False
u_007166,school_stress,school,False,False,True,False
u_007167,general_checkin,reflection,False,False,False,False
u_007168,general_checkin,reflection,False,False,False,False
u_007169,school_stress,school,False,False,True,False
u_007170,motivation,self_improvement,False,False,False,False
u_007171,motivation,self_improvement,True,False,False,False
u_007172,school_stress,school,False,False,True,False
u_007173,loneliness,emotional_support,False,False,False,True
u_007174,motivation,self_improvement,False,False,False,False
u_007175,career,career,False,False,False,False
u_007176,relationships,relationships,False,True,False,False
u_007177,loneliness,emotional_support,False,False,False,True
u_007178,relationships,relationships,False,True,False,False
u_007179,school_stress,school,False,False,True,False
u_007180,family,relationships,False,True,False,False
u_007181,loneliness,emotional_support,False,False,False,True
u_007182,loneliness,emotional_support,False,False,False,True
u_007183,school_stress,school,False,False,True,False
u_007184,motivation,self_improvement,False,False,False,False
u_007185,relationships,relationships,False,True,False,False
u_007186,school_stress,school,False,False,True,False
u_007187,school_stress,school,False,False,True,False
u_007188,general_checkin,reflection,False,False,False,False
u_007189,school_stress,school,False,False,True,False
u_007190,motivation,self_improvement,False,False,False,False
u_007191,school_stress,school,False,False,True,False
u_007192,motivation,self_improvement,False,False,False,False
u_007193,school_stress,school,False,False,True,False
u_007194,motivation,self_improvement,False,False,False,False
u_007195,sleep,wellness,False,False,False,False
u_007196,loneliness,emotional_support,False,False,False,True
u_007197,school_stress,school,False,False,True,False
u_007198,relationships,relationships,False,True,False,False
u_007199,motivation,self_improvement,False,False,False,False
u_007200,school_stress,school,False,False,True,False
u_007201,loneliness,emotional_support,False,False,False,True
u_007202,school_stress,school,True,False,True,False
u_007203,motivation,self_improvement,False,False,False,False
u_007204,relationships,relationships,False,True,False,False
u_007205,motivation,self_improvement,False,False,False,False
u_007206,relationships,relationships,False,True,False,False
u_007207,motivation,self_improvement,False,False,False,False
u_007208,motivation,self_improvement,False,False,False,False
u_007209,motivation,self_improvement,False,False,False,False
u_007210,loneliness,emotional_support,False,False,False,True
u_007211,relationships,relationships,False,True,False,False
u_007212,relationships,relationships,False,True,False,False
u_007213,motivation,self_improvement,False,False,False,False
u_007214,school_stress,school,False,False,True,False
u_007215,motivation,self_improvement,False,False,False,False
u_007216,sleep,wellness,False,False,False,False
u_007217,motivation,self_improvement,False,False,False,False
u_007218,relationships,relationships,False,True,False,False
u_007219,loneliness,emotional_support,False,False,False,True
u_007220,relationships,relationships,False,True,False,False
u_007221,loneliness,emotional_support,False,False,False,True
u_007222,career,career,False,False,False,False
u_007223,general_checkin,reflection,False,False,False,False
u_007224,loneliness,emotional_support,False,False,False,True
u_007225,loneliness,emotional_support,False,False,False,True
u_007226,sleep,wellness,False,False,False,False
u_007227,relationships,relationships,False,True,False,False
u_007228,general_checkin,reflection,False,False,False,False
u_007229,sleep,wellness,False,False,False,False
u_007230,loneliness,emotional_support,False,False,False,True
u_007231,sleep,wellness,False,False,False,False
u_007232,school_stress,school,False,False,True,False
u_007233,career,career,False,False,False,False
u_007234,relationships,relationships,False,True,False,False
u_007235,relationships,relationships,False,True,False,False
u_007236,school_stress,school,False,False,True,False
u_007237,general_checkin,reflection,False,False,False,False
u_007238,loneliness,emotional_support,False,False,False,True
u_007239,sleep,wellness,False,False,False,False
u_007240,relationships,relationships,False,True,False,False
u_007241,career,career,False,False,False,False
u_007242,school_stress,school,False,False,True,False
u_007243,relationships,relationships,False,True,False,False
u_007244,loneliness,emotional_support,False,False,False,True
u_007245,sleep,wellness,False,False,False,False
u_007246,sleep,wellness,False,False,False,False
u_007247,relationships,relationships,False,True,False,False
u_007248,career,career,False,False,False,False
u_007249,relationships,relationships,False,True,False,False
u_007250,general_checkin,reflection,False,False,False,False
u_007251,loneliness,emotional_support,False,False,False,True
u_007252,school_stress,school,False,False,True,False
u_007253,relationships,relationships,False,True,False,False
u_007254,school_stress,school,False,False,True,False
u_007255,school_stress,school,False,False,True,False
u_007256,career,career,False,False,False,False
u_007257,career,career,False,False,False,False
u_007258,general_checkin,reflection,False,False,False,False
u_007259,loneliness,emotional_support,False,False,False,True
u_007260,motivation,self_improvement,False,False,False,False
u_007261,school_stress,school,False,False,True,False
u_007262,school_stress,school,False,False,True,False
u_007263,career,career,False,False,False,False
u_007264,family,relationships,False,True,False,False
u_007265,relationships,relationships,False,True,False,False
u_007266,relationships,relationships,False,True,False,False
u_007267,loneliness,emotional_support,False,False,False,True
u_007268,general_checkin,reflection,False,False,False,False
u_007269,motivation,self_improvement,False,False,False,False
u_007270,motivation,self_improvement,False,False,False,False
u_007271,motivation,self_improvement,False,False,False,False
u_007272,motivation,self_improvement,False,False,False,False
u_007273,career,career,False,False,False,False
u_007274,loneliness,emotional_support,False,False,False,True
u_007275,sleep,wellness,False,False,False,False
u_007276,school_stress,school,False,False,True,False
u_007277,career,career,False,False,False,False
u_007278,motivation,self_improvement,False,False,False,False
u_007279,relationships,relationships,False,True,False,False
u_007280,school_stress,school,False,False,True,False
u_007281,general_checkin,reflection,False,False,False,False
u_007282,motivation,self_improvement,False,False,False,False
u_007283,motivation,self_improvement,False,False,False,False
u_007284,family,relationships,False,True,False,False
u_007285,motivation,self_improvement,False,False,False,False
u_007286,general_checkin,reflection,False,False,False,False
u_007287,school_stress,school,False,False,True,False
u_007288,loneliness,emotional_support,True,False,False,True
u_007289,school_stress,school,False,False,True,False
u_007290,school_stress,school,False,False,True,False
u_007291,school_stress,school,False,False,True,False
u_007292,motivation,self_improvement,False,False,False,False
u_007293,family,relationships,False,True,False,False
u_007294,school_stress,school,False,False,True,False
u_007295,loneliness,emotional_support,False,False,False,True
u_007296,relationships,relationships,False,True,False,False
u_007297,sleep,wellness,False,False,False,False
u_007298,school_stress,school,False,False,True,False
u_007299,relationships,relationships,False,True,False,False
u_007300,motivation,self_improvement,False,False,False,False
u_007301,sleep,wellness,False,False,False,False
u_007302,career,career,False,False,False,False
u_007303,relationships,relationships,False,True,False,False
u_007304,family,relationships,False,True,False,False
u_007305,school_stress,school,False,False,True,False
u_007306,loneliness,emotional_support,False,False,False,True
u_007307,general_checkin,reflection,False,False,False,False
u_007308,family,relationships,False,True,False,False
u_007309,general_checkin,reflection,False,False,False,False
u_007310,school_stress,school,False,False,True,False
u_007311,school_stress,school,False,False,True,False
u_007312,motivation,self_improvement,False,False,False,False
u_007313,general_checkin,reflection,False,False,False,False
u_007314,relationships,relationships,False,True,False,False
u_007315,relationships,relationships,False,True,False,False
u_007316,sleep,wellness,False,False,False,False
u_007317,career,career,False,False,False,False
u_007318,career,career,False,False,False,False
u_007319,sleep,wellness,False,False,False,False
u_007320,motivation,self_improvement,False,False,False,False
u_007321,general_checkin,reflection,False,False,False,False
u_007322,career,career,False,False,False,False
u_007323,loneliness,emotional_support,True,False,False,True
u_007324,general_checkin,reflection,False,False,False,False
u_007325,family,relationships,False,True,False,False
u_007326,relationships,relationships,False,True,False,False
u_007327,sleep,wellness,False,False,False,False
u_007328,school_stress,school,False,False,True,False
u_007329,career,career,False,False,False,False
u_007330,loneliness,emotional_support,False,False,False,True
u_007331,relationships,relationships,False,True,False,False
u_007332,relationships,relationships,False,True,False,False
u_007333,career,career,False,False,False,False
u_007334,motivation,self_improvement,False,False,False,False
u_007335,relationships,relationships,False,True,False,False
u_007336,relationships,relationships,False,True,False,False
u_007337,career,career,False,False,False,False
u_007338,motivation,self_improvement,False,False,False,False
u_007339,sleep,wellness,False,False,False,False
u_007340,school_stress,school,False,False,True,False
u_007341,school_stress,school,False,False,True,False
u_007342,loneliness,emotional_support,False,False,False,True
u_007343,general_checkin,reflection,False,False,False,False
u_007344,loneliness,emotional_support,False,False,False,True
u_007345,school_stress,school,False,False,True,False
u_007346,career,career,False,False,False,False
u_007347,motivation,self_improvement,False,False,False,False
u_007348,motivation,self_improvement,False,False,False,False
u_007349,school_stress,school,False,False,True,False
u_007350,relationships,relationships,False,True,False,False
u_007351,motivation,self_improvement,False,False,False,False
u_007352,career,career,False,False,False,False
u_007353,relationships,relationships,False,True,False,False
u_007354,relationships,relationships,False,True,False,False
u_007355,motivation,self_improvement,False,False,False,False
u_007356,loneliness,emotional_support,False,False,False,True
u_007357,sleep,wellness,False,False,False,False
u_007358,school_stress,school,False,False,True,False
u_007359,relationships,relationships,False,True,False,False
u_007360,motivation,self_improvement,False,False,False,False
u_007361,school_stress,school,False,False,True,False
u_007362,school_stress,school,False,False,True,False
u_007363,school_stress,school,False,False,True,False
u_007364,school_stress,school,False,False,True,False
u_007365,relationships,relationships,False,True,False,False
u_007366,motivation,self_improvement,False,False,False,False
u_007367,family,relationships,False,True,False,False
u_007368,loneliness,emotional_support,False,False,False,True
u_007369,school_stress,school,False,False,True,False
u_007370,school_stress,school,False,False,True,False
u_007371,school_stress,school,False,False,True,False
u_007372,school_stress,school,False,False,True,False
u_007373,school_stress,school,False,False,True,False
u_007374,general_checkin,reflection,False,False,False,False
u_007375,general_checkin,reflection,False,False,False,False
u_007376,general_checkin,reflection,False,False,False,False
u_007377,sleep,wellness,False,False,False,False
u_007378,relationships,relationships,False,True,False,False
u_007379,family,relationships,False,True,False,False
u_007380,relationships,relationships,False,True,False,False
u_007381,relationships,relationships,False,True,False,False
u_007382,relationships,relationships,False,True,False,False
u_007383,loneliness,emotional_support,False,False,False,True
u_007384,general_checkin,reflection,False,False,False,False
u_007385,school_stress,school,False,False,True,False
u_007386,relationships,relationships,False,True,False,False
u_007387,general_checkin,reflection,False,False,False,False
u_007388,sleep,wellness,False,False,False,False
u_007389,school_stress,school,False,False,True,False
u_007390,career,career,False,False,False,False
u_007391,school_stress,school,False,False,True,False
u_007392,school_stress,school,False,False,True,False
u_007393,motivation,self_improvement,False,False,False,False
u_007394,motivation,self_improvement,False,False,False,False
u_007395,school_stress,school,False,False,True,False
u_007396,sleep,wellness,False,False,False,False
u_007397,career,career,False,False,False,False
u_007398,career,career,False,False,False,False
u_007399,family,relationships,False,True,False,False
u_007400,motivation,self_improvement,False,False,False,False
u_007401,general_checkin,reflection,False,False,False,False
u_007402,loneliness,emotional_support,False,False,False,True
u_007403,relationships,relationships,False,True,False,False
u_007404,sleep,wellness,False,False,False,False
u_007405,school_stress,school,False,False,True,False
u_007406,motivation,self_improvement,False,False,False,False
u_007407,relationships,relationships,False,True,False,False
u_007408,relationships,relationships,False,True,False,False
u_007409,relationships,relationships,False,True,False,False
u_007410,loneliness,emotional_support,False,False,False,True
u_007411,relationships,relationships,False,True,False,False
u_007412,general_checkin,reflection,False,False,False,False
u_007413,school_stress,school,False,False,True,False
u_007414,school_stress,school,False,False,True,False
u_007415,relationships,relationships,False,True,False,False
u_007416,motivation,self_improvement,False,False,False,False
u_007417,career,career,False,False,False,False
u_007418,general_checkin,reflection,False,False,False,False
u_007419,school_stress,school,False,False,True,False
u_007420,general_checkin,reflection,False,False,False,False
u_007421,loneliness,emotional_support,False,False,False,True
u_007422,school_stress,school,False,False,True,False
u_007423,school_stress,school,False,False,True,False
u_007424,career,career,False,False,False,False
u_007425,career,career,False,False,False,False
u_007426,school_stress,school,False,False,True,False
u_007427,school_stress,school,False,False,True,False
u_007428,relationships,relationships,False,True,False,False
u_007429,motivation,self_improvement,False,False,False,False
u_007430,school_stress,school,False,False,True,False
u_007431,school_stress,school,False,False,True,False
u_007432,motivation,self_improvement,False,False,False,False
u_007433,sleep,wellness,False,False,False,False
u_007434,general_checkin,reflection,False,False,False,False
u_007435,motivation,self_improvement,False,False,False,False
u_007436,school_stress,school,False,False,True,False
u_007437,loneliness,emotional_support,False,False,False,True
u_007438,sleep,wellness,False,False,False,False
u_007439,relationships,relationships,False,True,False,False
u_007440,sleep,wellness,False,False,False,False
u_007441,motivation,self_improvement,False,False,False,False
u_007442,school_stress,school,False,False,True,False
u_007443,career,career,False,False,False,False
u_007444,loneliness,emotional_support,False,False,False,True
u_007445,motivation,self_improvement,False,False,False,False
u_007446,general_checkin,reflection,False,False,False,False
u_007447,school_stress,school,False,False,True,False
u_007448,motivation,self_improvement,False,False,False,False
u_007449,school_stress,school,False,False,True,False
u_007450,motivation,self_improvement,False,False,False,False
u_007451,relationships,relationships,False,True,False,False
u_007452,school_stress,school,False,False,True,False
u_007453,school_stress,school,False,False,True,False
u_007454,career,career,False,False,False,False
u_007455,general_checkin,reflection,False,False,False,False
u_007456,loneliness,emotional_support,False,False,False,True
u_007457,school_stress,school,False,False,True,False
u_007458,sleep,wellness,False,False,False,False
u_007459,school_stress,school,False,False,True,False
u_007460,career,career,False,False,False,False
u_007461,relationships,relationships,False,True,False,False
u_007462,relationships,relationships,False,True,False,False
u_007463,loneliness,emotional_support,False,False,False,True
u_007464,relationships,relationships,False,True,False,False
u_007465,school_stress,school,False,False,True,False
u_007466,school_stress,school,False,False,True,False
u_007467,relationships,relationships,False,True,False,False
u_007468,career,career,False,False,False,False
u_007469,school_stress,school,False,False,True,False
u_007470,sleep,wellness,False,False,False,False
u_007471,relationships,relationships,False,True,False,False
u_007472,relationships,relationships,False,True,False,False
u_007473,motivation,self_improvement,False,False,False,False
u_007474,general_checkin,reflection,False,False,False,False
u_007475,relationships,relationships,False,True,False,False
u_007476,relationships,relationships,False,True,False,False
u_007477,sleep,wellness,False,False,False,False
u_007478,general_checkin,reflection,False,False,False,False
u_007479,relationships,relationships,False,True,False,False
u_007480,relationships,relationships,False,True,False,False
u_007481,school_stress,school,True,False,True,False
u_007482,relationships,relationships,False,True,False,False
u_007483,relationships,relationships,False,True,False,False
u_007484,relationships,relationships,False,True,False,False
u_007485,family,relationships,False,True,False,False
u_007486,school_stress,school,False,False,True,False
u_007487,career,career,False,False,False,False
u_007488,motivation,self_improvement,False,False,False,False
u_007489,career,career,False,False,False,False
u_007490,relationships,relationships,False,True,False,False
u_007491,motivation,self_improvement,False,False,False,False
u_007492,school_stress,school,False,False,True,False
u_007493,family,relationships,False,True,False,False
u_007494,relationships,relationships,False,True,False,False
u_007495,school_stress,school,False,False,True,False
u_007496,loneliness,emotional_support,False,False,False,True
u_007497,career,career,False,False,False,False
u_007498,relationships,relationships,False,True,False,False
u_007499,motivation,self_improvement,False,False,False,False
u_007500,general_checkin,reflection,False,False,False,False
