user_id,signup_date,acquisition_channel,age_bucket,country,used_voice_first_day,used_text_first_day,returned_day_1,returned_day_7,converted_paid
u_000001,2026-04-16,organic,35-44,US,1,0,1,0,0
u_000002,2026-04-05,campus,35-44,US,1,0,1,1,0
u_000003,2026-04-26,instagram,18-24,US,0,1,0,0,0
u_000004,2026-04-23,instagram,18-24,US,0,1,1,1,0
u_000005,2026-04-04,organic,18-24,UK,0,1,0,1,0
u_000006,2026-04-20,tiktok,18-24,UK,0,1,1,1,0
u_000007,2026-04-24,search,18-24,Canada,0,1,1,0,0
u_000008,2026-04-08,instagram,25-34,US,1,0,0,0,0
u_000009,2026-04-29,creator,18-24,US,1,0,1,0,0
u_000010,2026-04-26,organic,25-34,UK,1,0,0,1,1
u_000011,2026-04-15,creator,35-44,Australia,0,1,0,0,0
u_000012,2026-04-24,campus,18-24,US,1,0,1,1,0
u_000013,2026-04-09,search,25-34,UK,1,0,1,0,0
u_000014,2026-04-26,instagram,25-34,US,0,1,0,0,0
u_000015,2026-04-15,organic,18-24,US,0,1,0,1,0
u_000016,2026-04-11,referral,25-34,US,1,0,1,1,0
u_000017,2026-04-27,instagram,25-34,US,0,1,0,0,0
u_000018,2026-04-09,tiktok,45+,Canada,0,1,0,0,0
u_000019,2026-04-08,tiktok,25-34,US,1,1,1,0,0
u_000020,2026-04-07,tiktok,25-34,US,0,1,1,0,0
u_000021,2026-04-05,organic,18-24,US,0,1,1,0,0
u_000022,2026-04-17,creator,25-34,Australia,1,0,0,0,0
u_000023,2026-04-08,instagram,18-24,US,1,0,0,0,0
u_000024,2026-04-13,tiktok,25-34,US,1,0,0,1,1
u_000025,2026-04-01,organic,25-34,US,1,1,1,0,0
u_000026,2026-04-12,referral,18-24,US,1,0,0,1,0
u_000027,2026-04-24,creator,35-44,US,0,1,0,0,0
u_000028,2026-04-27,tiktok,25-34,US,1,1,0,0,1
u_000029,2026-04-07,organic,18-24,US,0,1,1,0,0
u_000030,2026-04-20,organic,18-24,US,1,1,1,1,0
u_000031,2026-04-29,search,18-24,Other,0,1,0,0,0
u_000032,2026-04-13,search,25-34,US,1,1,0,1,0
u_000033,2026-04-06,instagram,18-24,US,0,1,0,1,0
u_000034,2026-04-25,organic,18-24,UK,0,1,1,1,0
u_000035,2026-04-25,instagram,18-24,Canada,1,1,1,0,0
u_000036,2026-04-24,organic,25-34,Australia,0,1,0,0,0
u_000037,2026-04-22,referral,18-24,US,0,1,0,0,0
u_000038,2026-04-17,search,18-24,US,1,0,1,1,0
u_000039,2026-04-28,organic,18-24,US,1,1,0,1,0
u_000040,2026-04-30,creator,35-44,US,1,1,0,0,0
u_000041,2026-04-01,tiktok,25-34,US,0,1,1,0,0
u_000042,2026-04-03,instagram,18-24,US,0,1,1,0,0
u_000043,2026-04-25,tiktok,25-34,US,1,0,0,1,0
u_000044,2026-04-10,referral,25-34,US,0,1,0,0,0
u_000045,2026-04-15,referral,25-34,US,1,1,0,0,0
u_000046,2026-04-07,referral,35-44,Canada,1,1,0,1,0
u_000047,2026-04-05,search,18-24,Other,0,1,0,0,0
u_000048,2026-04-15,instagram,18-24,UK,1,1,1,1,1
u_000049,2026-04-10,referral,18-24,US,0,1,1,0,0
u_000050,2026-04-24,organic,25-34,US,0,1,0,1,0
u_000051,2026-04-04,campus,25-34,Other,1,0,0,0,0
u_000052,2026-04-04,tiktok,18-24,US,1,0,1,0,0
u_000053,2026-04-09,organic,25-34,US,0,1,0,0,0
u_000054,2026-04-20,creator,35-44,UK,1,0,0,1,1
u_000055,2026-04-17,search,18-24,US,0,1,1,0,0
u_000056,2026-04-02,creator,35-44,UK,1,0,0,0,0
u_000057,2026-04-01,tiktok,18-24,US,1,0,1,1,0
u_000058,2026-04-17,organic,25-34,US,0,1,0,0,0
u_000059,2026-04-23,tiktok,25-34,US,1,0,1,1,0
u_000060,2026-04-30,creator,35-44,Other,1,0,0,0,0
u_000061,2026-04-13,referral,18-24,US,1,1,0,0,0
u_000062,2026-04-29,creator,18-24,US,0,1,1,1,0
u_000063,2026-04-29,creator,25-34,US,1,1,1,1,1
u_000064,2026-04-08,campus,18-24,US,1,0,1,0,0
u_000065,2026-04-24,creator,25-34,US,0,1,0,1,0
u_000066,2026-04-11,campus,25-34,US,1,1,0,1,0
u_000067,2026-04-10,search,25-34,US,1,1,1,1,0
u_000068,2026-04-04,instagram,45+,Other,1,0,1,0,0
u_000069,2026-04-01,campus,25-34,US,1,0,0,1,0
u_000070,2026-04-30,organic,18-24,US,1,0,1,1,0
u_000071,2026-04-08,creator,25-34,Other,0,1,1,1,0
u_000072,2026-04-24,search,18-24,UK,1,0,1,1,1
u_000073,2026-04-29,instagram,18-24,US,1,0,0,1,0
u_000074,2026-04-24,instagram,25-34,US,0,1,0,1,1
u_000075,2026-04-01,creator,25-34,UK,0,1,0,0,0
u_000076,2026-04-22,campus,18-24,US,1,0,1,1,0
u_000077,2026-04-05,creator,18-24,Australia,0,1,0,0,0
u_000078,2026-04-04,creator,18-24,US,1,1,1,1,0
u_000079,2026-04-02,organic,35-44,Other,1,0,1,0,0
u_000080,2026-04-04,search,35-44,Canada,1,1,0,1,1
u_000081,2026-04-28,instagram,25-34,Canada,1,1,1,1,0
u_000082,2026-04-28,organic,18-24,US,0,1,0,0,0
u_000083,2026-04-02,search,18-24,US,1,0,0,0,0
u_000084,2026-04-20,instagram,18-24,Other,0,1,1,1,0
u_000085,2026-04-28,referral,18-24,US,0,1,0,0,0
u_000086,2026-04-05,organic,25-34,US,1,0,1,0,0
u_000087,2026-04-20,instagram,45+,Canada,0,1,0,0,1
u_000088,2026-04-02,creator,18-24,US,1,1,0,0,0
u_000089,2026-04-28,organic,18-24,US,1,1,1,0,1
u_000090,2026-05-01,organic,18-24,UK,1,0,1,1,0
u_000091,2026-04-26,tiktok,35-44,US,1,0,0,0,0
u_000092,2026-04-06,creator,18-24,US,0,1,1,0,0
u_000093,2026-04-10,creator,18-24,US,1,1,1,0,0
u_000094,2026-04-30,campus,18-24,US,0,1,1,1,0
u_000095,2026-04-18,campus,25-34,US,1,1,1,1,0
u_000096,2026-04-03,tiktok,18-24,US,0,1,0,0,0
u_000097,2026-04-20,organic,18-24,Other,1,0,0,1,0
u_000098,2026-04-19,instagram,25-34,US,0,1,1,1,0
u_000099,2026-04-19,organic,18-24,UK,1,1,1,1,1
u_000100,2026-04-22,instagram,18-24,US,0,1,0,0,0
u_000101,2026-04-24,search,45+,US,0,1,0,1,0
u_000102,2026-04-04,tiktok,18-24,US,1,0,0,0,0
u_000103,2026-04-12,creator,18-24,US,1,1,0,0,0
u_000104,2026-04-27,tiktok,18-24,UK,1,1,0,0,0
u_000105,2026-04-16,organic,18-24,US,0,1,0,0,0
u_000106,2026-04-17,tiktok,18-24,US,1,1,1,1,0
u_000107,2026-04-13,tiktok,18-24,US,0,1,0,0,0
u_000108,2026-04-30,referral,18-24,US,0,1,0,0,0
u_000109,2026-04-12,search,25-34,US,0,1,0,1,1
u_000110,2026-04-10,referral,25-34,US,0,1,0,0,1
u_000111,2026-04-10,search,45+,US,1,0,1,1,0
u_000112,2026-04-13,campus,18-24,Australia,0,1,0,0,1
u_000113,2026-04-04,creator,25-34,Australia,1,0,1,1,0
u_000114,2026-04-15,tiktok,35-44,Canada,1,0,0,1,0
u_000115,2026-04-15,search,18-24,Other,0,1,0,0,1
u_000116,2026-04-29,organic,18-24,US,0,1,0,0,0
u_000117,2026-04-21,tiktok,25-34,US,0,1,0,1,0
u_000118,2026-04-22,organic,45+,Other,0,1,0,0,0
u_000119,2026-04-29,referral,25-34,US,1,1,1,1,0
u_000120,2026-04-16,organic,18-24,Other,1,1,1,0,0
u_000121,2026-04-28,organic,45+,US,0,1,1,0,0
u_000122,2026-04-04,organic,18-24,Other,1,1,0,0,0
u_000123,2026-04-17,organic,18-24,US,0,1,0,0,1
u_000124,2026-04-05,tiktok,18-24,US,1,1,1,0,0
u_000125,2026-04-12,search,18-24,Australia,0,1,0,1,0
u_000126,2026-04-09,instagram,18-24,US,1,0,1,1,0
u_000127,2026-04-27,referral,18-24,US,1,1,1,1,0
u_000128,2026-04-27,instagram,18-24,US,1,0,0,0,0
u_000129,2026-04-23,referral,25-34,US,0,1,0,1,0
u_000130,2026-04-12,organic,25-34,US,0,1,1,0,0
u_000131,2026-04-16,search,18-24,US,1,0,1,1,0
u_000132,2026-04-24,organic,25-34,US,1,1,0,0,0
u_000133,2026-04-14,instagram,25-34,US,1,1,1,0,0
u_000134,2026-04-19,search,25-34,Australia,0,1,1,1,0
u_000135,2026-04-08,referral,18-24,US,1,0,1,1,1
u_000136,2026-04-04,instagram,18-24,US,0,1,0,0,0
u_000137,2026-04-30,referral,18-24,US,1,1,0,0,0
u_000138,2026-04-13,campus,18-24,US,1,0,1,1,1
u_000139,2026-04-13,tiktok,25-34,Other,0,1,0,0,0
u_000140,2026-04-16,referral,18-24,UK,1,0,0,0,0
u_000141,2026-04-30,search,35-44,Canada,1,1,1,1,0
u_000142,2026-04-09,creator,18-24,UK,1,0,1,1,0
u_000143,2026-04-23,instagram,18-24,US,0,1,0,0,0
u_000144,2026-04-07,organic,18-24,US,1,0,1,1,0
u_000145,2026-04-22,organic,25-34,US,1,0,1,1,0
u_000146,2026-04-07,organic,35-44,US,1,0,1,1,0
u_000147,2026-04-22,tiktok,35-44,Canada,1,0,1,1,0
u_000148,2026-04-13,tiktok,18-24,UK,1,0,0,0,0
u_000149,2026-04-28,instagram,35-44,US,1,0,1,1,0
u_000150,2026-04-08,search,45+,US,0,1,0,0,0
u_000151,2026-04-18,organic,35-44,US,0,1,0,1,0
u_000152,2026-04-11,tiktok,18-24,US,1,1,0,1,0
u_000153,2026-04-16,campus,18-24,US,1,1,0,1,1
u_000154,2026-04-06,instagram,18-24,US,1,1,0,0,0
u_000155,2026-04-05,instagram,18-24,US,1,0,1,1,1
u_000156,2026-04-21,organic,18-24,UK,0,1,0,1,0
u_000157,2026-04-10,tiktok,18-24,US,1,0,0,1,0
u_000158,2026-04-10,instagram,25-34,US,1,1,0,1,1
u_000159,2026-04-30,tiktok,18-24,US,1,1,1,1,0
u_000160,2026-04-27,instagram,25-34,US,0,1,0,0,0
u_000161,2026-04-01,organic,25-34,US,1,1,0,0,0
u_000162,2026-04-29,referral,35-44,US,0,1,0,0,0
u_000163,2026-05-01,referral,18-24,US,1,0,1,0,0
u_000164,2026-04-23,search,18-24,US,1,0,1,1,0
u_000165,2026-04-03,tiktok,25-34,Other,1,0,0,0,0
u_000166,2026-04-13,search,18-24,US,1,0,1,1,0
u_000167,2026-04-07,organic,25-34,US,1,0,0,0,0
u_000168,2026-04-09,referral,25-34,US,0,1,1,0,0
u_000169,2026-04-03,search,35-44,US,1,0,1,0,1
u_000170,2026-04-28,creator,18-24,US,1,0,0,0,0
u_000171,2026-04-11,campus,35-44,US,0,1,0,1,0
u_000172,2026-04-15,referral,18-24,US,1,0,1,1,0
u_000173,2026-04-21,referral,25-34,US,0,1,0,0,0
u_000174,2026-04-18,search,18-24,US,0,1,1,1,0
u_000175,2026-04-30,referral,18-24,UK,0,1,1,0,0
u_000176,2026-04-07,creator,35-44,US,1,0,1,0,0
u_000177,2026-04-11,tiktok,18-24,US,1,0,0,0,0
u_000178,2026-04-18,search,18-24,US,0,1,1,0,0
u_000179,2026-04-06,tiktok,25-34,US,1,0,0,1,0
u_000180,2026-04-16,organic,45+,US,0,1,1,1,0
u_000181,2026-04-18,campus,18-24,Australia,0,1,0,0,0
u_000182,2026-04-23,creator,18-24,US,1,0,1,1,1
u_000183,2026-04-13,campus,25-34,US,0,1,0,0,0
u_000184,2026-04-10,instagram,18-24,Other,1,0,1,1,1
u_000185,2026-04-09,organic,18-24,US,0,1,0,0,0
u_000186,2026-04-29,tiktok,25-34,US,0,1,1,0,0
u_000187,2026-04-23,instagram,25-34,US,1,0,1,1,0
u_000188,2026-04-16,creator,18-24,Australia,0,1,0,0,1
u_000189,2026-04-06,search,25-34,Australia,1,1,1,0,0
u_000190,2026-04-10,organic,18-24,Canada,0,1,0,0,0
u_000191,2026-04-24,referral,25-34,US,1,0,1,1,0
u_000192,2026-04-22,search,18-24,US,0,1,1,1,0
u_000193,2026-04-05,creator,18-24,US,0,1,0,0,0
u_000194,2026-04-28,organic,25-34,US,1,0,0,0,0
u_000195,2026-04-13,instagram,45+,US,1,1,0,0,0
u_000196,2026-04-10,campus,18-24,Other,0,1,0,0,0
u_000197,2026-04-12,tiktok,18-24,US,0,1,0,0,0
u_000198,2026-04-07,tiktok,18-24,US,1,0,0,1,1
u_000199,2026-04-25,organic,35-44,US,1,0,1,1,0
u_000200,2026-04-02,referral,25-34,US,1,0,0,0,0
u_000201,2026-04-22,referral,25-34,US,1,1,0,1,0
u_000202,2026-04-22,tiktok,18-24,US,0,1,1,0,0
u_000203,2026-05-01,organic,25-34,US,1,1,1,1,0
u_000204,2026-04-12,tiktok,18-24,Other,1,0,1,1,1
u_000205,2026-04-29,organic,18-24,US,0,1,0,0,0
u_000206,2026-04-25,instagram,18-24,US,1,1,1,1,0
u_000207,2026-04-20,tiktok,18-24,Australia,1,0,1,1,0
u_000208,2026-04-24,instagram,25-34,US,1,0,1,1,0
u_000209,2026-04-24,instagram,18-24,US,0,1,0,0,0
u_000210,2026-04-26,organic,18-24,US,1,1,0,1,0
u_000211,2026-04-13,organic,45+,US,1,1,0,0,0
u_000212,2026-04-13,referral,25-34,US,1,0,1,1,0
u_000213,2026-04-14,search,18-24,Australia,1,0,1,1,1
u_000214,2026-04-05,organic,18-24,Other,1,1,0,0,0
u_000215,2026-04-08,search,35-44,US,1,0,0,1,0
u_000216,2026-04-22,campus,25-34,US,0,1,0,0,1
u_000217,2026-04-27,organic,35-44,US,1,1,0,1,1
u_000218,2026-04-10,search,35-44,Other,0,1,0,0,0
u_000219,2026-04-07,tiktok,18-24,Canada,0,1,0,0,0
u_000220,2026-04-16,search,25-34,US,1,1,1,1,0
u_000221,2026-04-12,tiktok,18-24,US,0,1,1,0,0
u_000222,2026-04-28,instagram,18-24,US,0,1,1,0,0
u_000223,2026-04-19,search,18-24,UK,0,1,1,0,0
u_000224,2026-04-29,instagram,35-44,US,1,0,0,1,0
u_000225,2026-04-17,organic,35-44,US,1,0,0,0,0
u_000226,2026-04-06,instagram,25-34,US,0,1,0,0,0
u_000227,2026-04-04,referral,18-24,US,1,1,1,0,0
u_000228,2026-04-14,organic,25-34,Canada,0,1,0,0,0
u_000229,2026-04-01,campus,18-24,US,1,0,1,1,1
u_000230,2026-04-22,referral,18-24,US,0,1,0,1,1
u_000231,2026-04-24,search,25-34,US,0,1,0,0,0
u_000232,2026-04-02,tiktok,25-34,US,1,0,0,1,0
u_000233,2026-04-14,referral,35-44,Australia,1,0,0,0,0
u_000234,2026-04-09,referral,35-44,US,1,0,1,1,0
u_000235,2026-04-21,instagram,18-24,Other,1,1,0,1,1
u_000236,2026-04-28,organic,18-24,UK,0,1,0,0,0
u_000237,2026-04-15,search,18-24,US,0,1,0,0,0
u_000238,2026-04-14,tiktok,18-24,US,1,1,1,0,0
u_000239,2026-04-10,search,18-24,Canada,1,1,0,0,0
u_000240,2026-04-11,organic,25-34,US,1,1,0,0,0
u_000241,2026-04-01,organic,35-44,US,0,1,0,0,0
u_000242,2026-04-03,referral,18-24,US,1,0,0,1,1
u_000243,2026-04-17,organic,18-24,US,1,0,0,0,0
u_000244,2026-04-24,creator,35-44,US,1,1,1,1,0
u_000245,2026-04-07,instagram,35-44,Canada,0,1,0,0,0
u_000246,2026-04-19,search,18-24,Other,1,1,1,1,0
u_000247,2026-04-10,tiktok,45+,Other,1,0,1,0,0
u_000248,2026-04-10,search,18-24,US,0,1,1,0,0
u_000249,2026-04-14,organic,25-34,Australia,1,1,1,1,0
u_000250,2026-04-22,creator,35-44,US,0,1,1,1,0
u_000251,2026-04-12,organic,18-24,US,1,1,1,1,1
u_000252,2026-04-02,tiktok,18-24,US,1,0,0,0,0
u_000253,2026-04-15,organic,18-24,US,1,1,1,0,0
u_000254,2026-04-17,instagram,18-24,US,0,1,0,0,0
u_000255,2026-04-17,organic,18-24,US,1,0,0,0,0
u_000256,2026-04-26,instagram,18-24,US,1,0,0,1,0
u_000257,2026-04-18,search,25-34,US,0,1,0,0,1
u_000258,2026-04-15,instagram,18-24,US,1,1,1,0,0
u_000259,2026-04-02,campus,18-24,Canada,1,0,1,1,0
u_000260,2026-04-22,organic,18-24,UK,1,1,0,0,0
u_000261,2026-04-20,organic,25-34,US,1,1,1,1,0
u_000262,2026-04-19,campus,18-24,US,1,1,1,0,0
u_000263,2026-04-01,instagram,18-24,Other,1,1,0,1,0
u_000264,2026-04-14,search,18-24,US,0,1,0,0,0
u_000265,2026-04-27,creator,25-34,US,1,0,0,0,0
u_000266,2026-04-11,campus,25-34,US,1,1,1,1,0
u_000267,2026-05-01,search,18-24,US,1,1,0,1,1
u_000268,2026-04-21,instagram,18-24,Canada,1,0,1,1,1
u_000269,2026-04-27,referral,18-24,US,0,1,1,0,0
u_000270,2026-04-28,organic,25-34,UK,0,1,1,0,0
u_000271,2026-04-29,search,25-34,US,0,1,0,0,0
u_000272,2026-04-09,referral,18-24,US,1,0,1,0,0
u_000273,2026-04-24,organic,25-34,UK,0,1,0,0,0
u_000274,2026-04-02,instagram,25-34,US,1,1,0,0,0
u_000275,2026-04-05,search,35-44,US,1,0,0,1,0
u_000276,2026-04-26,tiktok,35-44,US,0,1,1,1,0
u_000277,2026-04-13,campus,35-44,Canada,1,1,1,1,0
u_000278,2026-05-01,instagram,35-44,US,0,1,1,0,0
u_000279,2026-04-20,search,35-44,US,1,0,1,1,0
u_000280,2026-04-23,organic,18-24,US,0,1,1,0,0
u_000281,2026-04-11,organic,18-24,Canada,0,1,0,1,0
u_000282,2026-04-29,tiktok,25-34,US,1,0,1,1,0
u_000283,2026-04-08,tiktok,25-34,Canada,0,1,1,0,0
u_000284,2026-04-18,tiktok,18-24,Other,1,0,1,1,0
u_000285,2026-04-16,instagram,25-34,Other,0,1,0,0,0
u_000286,2026-04-01,creator,18-24,US,0,1,0,1,0
u_000287,2026-04-19,tiktok,18-24,US,0,1,0,1,0
u_000288,2026-04-08,organic,35-44,US,0,1,1,0,0
u_000289,2026-04-13,instagram,18-24,US,1,1,1,1,1
u_000290,2026-04-17,instagram,18-24,US,1,1,1,0,1
u_000291,2026-04-01,tiktok,18-24,US,1,1,1,0,1
u_000292,2026-04-13,instagram,18-24,US,0,1,0,0,0
u_000293,2026-04-10,tiktok,25-34,US,0,1,1,0,0
u_000294,2026-04-15,referral,25-34,US,0,1,0,1,0
u_000295,2026-04-25,organic,18-24,UK,0,1,0,0,0
u_000296,2026-04-03,referral,35-44,Australia,1,0,1,0,1
u_000297,2026-04-17,search,35-44,Canada,1,0,0,0,0
u_000298,2026-04-12,instagram,25-34,Australia,0,1,0,1,0
u_000299,2026-04-06,campus,35-44,UK,0,1,0,1,0
u_000300,2026-04-22,instagram,25-34,Australia,1,0,1,1,0
u_000301,2026-04-17,organic,18-24,Canada,1,0,0,0,0
u_000302,2026-04-10,campus,25-34,US,1,0,0,0,0
u_000303,2026-04-12,organic,18-24,US,1,0,0,0,0
u_000304,2026-04-11,organic,18-24,US,1,0,0,0,0
u_000305,2026-04-01,instagram,18-24,Other,1,0,0,1,0
u_000306,2026-04-09,tiktok,45+,US,1,1,1,0,0
u_000307,2026-04-05,organic,25-34,US,1,1,0,0,0
u_000308,2026-04-06,creator,18-24,US,1,1,1,0,0
u_000309,2026-04-29,referral,45+,US,1,0,0,0,0
u_000310,2026-04-12,organic,25-34,US,0,1,0,0,0
u_000311,2026-04-30,instagram,18-24,US,1,0,0,1,0
u_000312,2026-04-18,search,18-24,US,0,1,1,0,0
u_000313,2026-04-30,tiktok,35-44,Other,0,1,0,0,0
u_000314,2026-04-15,tiktok,18-24,UK,1,0,1,0,0
u_000315,2026-04-11,instagram,25-34,US,1,0,0,1,0
u_000316,2026-04-21,organic,18-24,US,0,1,1,0,0
u_000317,2026-04-17,tiktok,18-24,US,0,1,0,0,0
u_000318,2026-04-08,referral,35-44,US,1,0,0,0,0
u_000319,2026-04-29,search,18-24,Other,0,1,0,0,0
u_000320,2026-04-16,instagram,45+,US,1,0,1,1,0
u_000321,2026-04-27,creator,25-34,US,0,1,0,1,0
u_000322,2026-04-19,referral,25-34,Australia,0,1,1,1,0
u_000323,2026-04-17,campus,18-24,US,1,0,1,0,0
u_000324,2026-04-15,tiktok,18-24,US,1,0,0,0,0
u_000325,2026-04-16,campus,18-24,US,1,0,1,0,0
u_000326,2026-05-01,instagram,25-34,US,1,0,0,1,1
u_000327,2026-05-01,organic,25-34,US,1,0,0,0,0
u_000328,2026-04-14,organic,25-34,US,1,1,1,1,1
u_000329,2026-04-20,instagram,18-24,Canada,1,1,0,0,0
u_000330,2026-04-10,organic,18-24,US,1,0,0,0,1
u_000331,2026-04-14,referral,18-24,US,1,0,1,1,0
u_000332,2026-04-25,search,25-34,US,1,0,1,0,0
u_000333,2026-04-04,organic,25-34,US,1,1,1,1,0
u_000334,2026-04-08,creator,18-24,US,1,0,1,0,1
u_000335,2026-04-18,campus,18-24,US,1,0,1,1,0
u_000336,2026-04-11,creator,18-24,US,0,1,0,0,0
u_000337,2026-04-01,search,25-34,US,0,1,0,1,0
u_000338,2026-04-02,referral,35-44,US,1,0,1,0,0
u_000339,2026-04-12,search,25-34,Australia,0,1,0,1,0
u_000340,2026-04-28,organic,18-24,US,1,0,1,0,0
u_000341,2026-04-05,campus,35-44,US,1,1,1,1,0
u_000342,2026-04-07,tiktok,18-24,US,1,0,1,1,0
u_000343,2026-04-30,organic,18-24,US,0,1,0,0,0
u_000344,2026-04-28,referral,25-34,US,1,1,0,0,0
u_000345,2026-04-18,referral,25-34,US,1,0,0,1,0
u_000346,2026-04-30,organic,18-24,UK,0,1,0,0,0
u_000347,2026-05-01,instagram,25-34,US,1,0,0,1,0
u_000348,2026-04-15,search,18-24,Australia,1,1,0,0,0
u_000349,2026-04-13,instagram,18-24,US,1,0,0,1,0
u_000350,2026-04-12,search,25-34,US,1,0,1,1,0
u_000351,2026-04-13,organic,18-24,US,1,0,1,0,0
u_000352,2026-04-17,tiktok,18-24,US,1,0,1,1,1
u_000353,2026-04-18,organic,25-34,US,0,1,0,0,0
u_000354,2026-04-27,organic,25-34,Canada,0,1,0,1,0
u_000355,2026-04-27,search,18-24,US,1,1,1,1,1
u_000356,2026-04-01,tiktok,18-24,US,1,0,1,0,0
u_000357,2026-04-29,organic,18-24,US,1,0,0,1,0
u_000358,2026-04-12,search,18-24,US,1,0,0,1,1
u_000359,2026-04-02,creator,18-24,US,1,0,0,1,0
u_000360,2026-04-09,creator,18-24,US,1,0,0,0,0
u_000361,2026-04-21,organic,18-24,US,0,1,0,0,0
u_000362,2026-05-01,organic,18-24,Other,0,1,0,0,0
u_000363,2026-04-02,referral,25-34,US,1,1,1,0,0
u_000364,2026-04-16,creator,25-34,US,0,1,0,0,0
u_000365,2026-04-23,instagram,18-24,US,1,0,0,1,0
u_000366,2026-04-25,referral,25-34,US,1,0,1,1,1
u_000367,2026-04-22,organic,18-24,Other,0,1,0,1,0
u_000368,2026-04-03,referral,25-34,US,0,1,0,0,0
u_000369,2026-04-13,organic,25-34,US,0,1,1,0,0
u_000370,2026-04-05,tiktok,18-24,US,1,0,0,0,0
u_000371,2026-04-13,organic,18-24,UK,1,0,1,1,0
u_000372,2026-04-24,instagram,25-34,US,1,0,1,1,0
u_000373,2026-04-21,organic,18-24,US,0,1,0,0,0
u_000374,2026-04-12,organic,25-34,US,0,1,1,1,0
u_000375,2026-04-18,campus,35-44,US,1,0,1,1,0
u_000376,2026-04-19,instagram,18-24,US,0,1,0,0,0
u_000377,2026-04-25,search,35-44,US,1,0,1,1,0
u_000378,2026-04-22,referral,18-24,US,1,1,0,1,0
u_000379,2026-04-19,instagram,35-44,UK,1,0,1,1,0
u_000380,2026-04-26,search,25-34,US,1,0,1,1,1
u_000381,2026-04-23,referral,35-44,Other,1,0,0,0,1
u_000382,2026-04-19,instagram,18-24,Canada,1,0,1,0,0
u_000383,2026-04-06,tiktok,18-24,US,1,0,1,0,0
u_000384,2026-04-08,search,18-24,UK,1,1,1,0,1
u_000385,2026-04-24,campus,18-24,UK,1,1,1,1,0
u_000386,2026-04-06,instagram,25-34,US,1,1,0,1,0
u_000387,2026-04-06,tiktok,25-34,Australia,1,1,0,1,0
u_000388,2026-04-07,organic,35-44,US,0,1,0,1,1
u_000389,2026-04-30,instagram,25-34,Australia,1,0,1,0,0
u_000390,2026-04-17,campus,25-34,Australia,1,1,1,0,0
u_000391,2026-04-11,tiktok,25-34,US,1,0,1,0,0
u_000392,2026-04-23,campus,18-24,US,0,1,1,0,0
u_000393,2026-04-15,creator,18-24,Other,1,0,1,1,0
u_000394,2026-04-05,tiktok,35-44,US,0,1,1,1,0
u_000395,2026-04-15,organic,18-24,US,0,1,0,1,0
u_000396,2026-04-07,creator,18-24,US,0,1,0,0,1
u_000397,2026-04-14,tiktok,18-24,US,1,1,1,0,0
u_000398,2026-04-03,referral,18-24,Other,0,1,1,0,0
u_000399,2026-04-13,referral,18-24,US,0,1,0,0,0
u_000400,2026-04-23,search,25-34,US,0,1,0,0,0
u_000401,2026-04-25,search,35-44,US,1,1,1,1,0
u_000402,2026-04-30,instagram,18-24,US,1,1,1,1,0
u_000403,2026-04-28,instagram,18-24,US,0,1,1,1,1
u_000404,2026-04-28,search,25-34,US,0,1,1,1,0
u_000405,2026-04-24,referral,18-24,US,1,0,1,0,0
u_000406,2026-04-17,creator,18-24,US,0,1,0,1,0
u_000407,2026-04-15,organic,18-24,Other,0,1,0,0,0
u_000408,2026-04-29,tiktok,18-24,US,1,1,0,0,1
u_000409,2026-04-06,organic,45+,US,1,1,1,0,0
u_000410,2026-04-09,tiktok,18-24,UK,1,0,0,0,0
u_000411,2026-04-30,campus,18-24,US,1,0,1,0,1
u_000412,2026-04-10,creator,35-44,US,1,0,0,0,0
u_000413,2026-04-13,instagram,18-24,Australia,0,1,0,0,0
u_000414,2026-04-24,search,18-24,US,0,1,0,1,0
u_000415,2026-04-08,referral,18-24,US,1,1,0,0,0
u_000416,2026-04-15,tiktok,18-24,US,1,0,1,1,0
u_000417,2026-04-07,tiktok,18-24,US,0,1,1,1,0
u_000418,2026-05-01,search,18-24,US,0,1,1,1,0
u_000419,2026-04-03,organic,18-24,Other,0,1,0,0,1
u_000420,2026-04-06,tiktok,35-44,US,1,0,0,0,0
u_000421,2026-04-23,organic,25-34,Canada,0,1,1,1,0
u_000422,2026-04-18,referral,18-24,US,0,1,0,0,0
u_000423,2026-04-15,tiktok,18-24,US,0,1,0,1,0
u_000424,2026-04-10,organic,18-24,UK,1,0,0,0,0
u_000425,2026-04-04,campus,35-44,US,1,0,0,0,1
u_000426,2026-04-16,search,18-24,US,1,0,0,0,0
u_000427,2026-04-21,campus,18-24,US,0,1,1,1,0
u_000428,2026-04-01,campus,35-44,US,1,1,0,0,0
u_000429,2026-04-04,search,18-24,US,1,0,0,1,0
u_000430,2026-04-22,tiktok,35-44,US,1,1,1,1,0
u_000431,2026-04-07,search,18-24,Canada,0,1,0,0,0
u_000432,2026-04-21,instagram,35-44,US,0,1,0,0,0
u_000433,2026-04-01,instagram,25-34,US,1,0,0,0,0
u_000434,2026-04-21,campus,35-44,US,0,1,1,1,0
u_000435,2026-04-02,instagram,25-34,Canada,1,1,0,1,0
u_000436,2026-04-22,referral,18-24,Other,1,0,0,0,0
u_000437,2026-04-03,organic,18-24,Other,1,0,0,0,0
u_000438,2026-04-12,instagram,25-34,US,1,0,0,0,0
u_000439,2026-04-16,campus,18-24,Australia,1,1,1,0,0
u_000440,2026-04-12,tiktok,18-24,US,1,1,1,1,1
u_000441,2026-04-05,search,25-34,US,0,1,1,0,1
u_000442,2026-04-09,organic,18-24,US,0,1,0,0,0
u_000443,2026-04-14,referral,45+,Canada,0,1,0,0,0
u_000444,2026-04-12,referral,25-34,US,0,1,0,0,0
u_000445,2026-04-30,search,18-24,US,1,1,1,0,0
u_000446,2026-04-08,referral,35-44,UK,1,0,1,1,0
u_000447,2026-04-22,instagram,25-34,UK,1,0,1,0,0
u_000448,2026-04-08,tiktok,18-24,US,0,1,0,1,0
u_000449,2026-04-22,referral,18-24,US,1,1,0,0,0
u_000450,2026-05-01,organic,35-44,US,1,1,0,1,0
u_000451,2026-04-20,tiktok,18-24,US,1,0,0,1,0
u_000452,2026-04-08,campus,18-24,US,0,1,0,1,1
u_000453,2026-04-23,organic,25-34,US,1,0,0,1,1
u_000454,2026-04-14,organic,25-34,US,1,0,1,0,0
u_000455,2026-04-19,referral,18-24,Other,1,0,0,0,0
u_000456,2026-04-04,referral,18-24,US,1,0,0,0,0
u_000457,2026-05-01,instagram,45+,US,1,0,0,0,0
u_000458,2026-04-18,referral,35-44,Canada,1,0,0,0,0
u_000459,2026-04-02,campus,18-24,UK,1,1,0,1,0
u_000460,2026-04-09,instagram,18-24,US,0,1,0,0,0
u_000461,2026-04-21,tiktok,25-34,US,1,0,0,0,0
u_000462,2026-04-16,campus,18-24,US,0,1,0,1,0
u_000463,2026-04-11,instagram,25-34,US,0,1,1,0,0
u_000464,2026-04-19,search,25-34,US,1,1,1,1,0
u_000465,2026-04-28,instagram,35-44,Australia,1,1,0,0,0
u_000466,2026-04-28,tiktok,45+,US,1,0,1,1,0
u_000467,2026-04-18,instagram,45+,Other,1,0,0,1,1
u_000468,2026-04-27,instagram,18-24,US,1,1,0,0,0
u_000469,2026-04-08,creator,18-24,US,1,0,1,1,1
u_000470,2026-04-01,creator,25-34,US,1,1,1,0,0
u_000471,2026-04-09,organic,18-24,Other,1,0,0,0,1
u_000472,2026-04-14,instagram,18-24,US,1,1,1,1,0
u_000473,2026-04-25,tiktok,25-34,US,1,0,1,1,0
u_000474,2026-04-13,campus,18-24,US,1,1,0,0,0
u_000475,2026-04-18,referral,18-24,US,0,1,0,0,0
u_000476,2026-04-03,referral,18-24,US,1,0,1,0,0
u_000477,2026-04-04,instagram,18-24,Australia,1,0,1,1,0
u_000478,2026-04-29,instagram,18-24,US,1,0,0,0,0
u_000479,2026-04-01,organic,18-24,Canada,1,1,1,1,0
u_000480,2026-04-27,organic,25-34,US,1,0,1,1,0
u_000481,2026-04-18,tiktok,25-34,Other,1,1,1,0,0
u_000482,2026-04-12,organic,25-34,US,1,0,0,0,0
u_000483,2026-04-02,tiktok,35-44,UK,1,1,0,0,0
u_000484,2026-04-06,search,18-24,US,1,0,1,1,0
u_000485,2026-04-06,organic,35-44,US,1,0,1,1,0
u_000486,2026-04-23,tiktok,18-24,US,0,1,0,0,0
u_000487,2026-04-17,referral,18-24,Canada,1,1,1,1,0
u_000488,2026-04-10,organic,25-34,US,0,1,0,0,0
u_000489,2026-04-28,search,18-24,Australia,0,1,1,1,0
u_000490,2026-04-20,tiktok,25-34,US,1,1,1,0,1
u_000491,2026-04-12,organic,25-34,US,0,1,1,1,0
u_000492,2026-04-19,referral,18-24,US,1,0,0,1,0
u_000493,2026-04-21,tiktok,18-24,US,0,1,0,1,1
u_000494,2026-04-03,tiktok,18-24,US,1,0,0,1,0
u_000495,2026-04-16,organic,25-34,US,1,0,1,0,0
u_000496,2026-04-09,tiktok,18-24,US,1,1,1,1,0
u_000497,2026-04-27,referral,18-24,US,0,1,0,0,0
u_000498,2026-05-01,instagram,25-34,Canada,0,1,0,0,0
u_000499,2026-04-21,instagram,25-34,US,1,1,1,0,0
u_000500,2026-04-26,search,18-24,US,1,1,0,0,0
u_000501,2026-04-17,instagram,18-24,UK,1,0,1,1,0
u_000502,2026-04-11,referral,18-24,Canada,1,1,0,0,0
u_000503,2026-04-01,tiktok,35-44,US,0,1,1,0,0
u_000504,2026-05-01,tiktok,18-24,US,1,1,1,1,0
u_000505,2026-04-27,tiktok,35-44,UK,1,1,0,1,0
u_000506,2026-04-14,tiktok,18-24,Australia,0,1,0,1,0
u_000507,2026-04-03,organic,18-24,US,0,1,0,0,0
u_000508,2026-04-23,tiktok,25-34,US,1,0,1,0,0
u_000509,2026-04-29,tiktok,35-44,US,1,1,1,1,0
u_000510,2026-04-04,referral,18-24,Other,1,1,0,0,0
u_000511,2026-04-10,organic,18-24,UK,1,0,0,1,0
u_000512,2026-04-29,campus,18-24,US,0,1,0,0,0
u_000513,2026-04-22,organic,18-24,Australia,0,1,1,0,0
u_000514,2026-04-16,instagram,25-34,US,0,1,1,1,0
u_000515,2026-04-21,search,18-24,US,1,0,1,1,0
u_000516,2026-04-14,organic,25-34,US,0,1,0,1,0
u_000517,2026-04-07,tiktok,18-24,US,0,1,1,0,0
u_000518,2026-04-10,campus,35-44,US,1,1,0,0,0
u_000519,2026-04-10,organic,18-24,UK,0,1,1,1,0
u_000520,2026-04-10,creator,25-34,Australia,1,1,1,1,1
u_000521,2026-04-05,referral,18-24,US,1,1,1,1,0
u_000522,2026-04-09,tiktok,25-34,US,1,0,1,1,0
u_000523,2026-04-13,search,18-24,US,0,1,0,1,0
u_000524,2026-04-03,campus,18-24,US,1,0,1,1,0
u_000525,2026-04-05,instagram,25-34,US,1,0,0,0,0
u_000526,2026-04-23,organic,18-24,US,0,1,1,0,0
u_000527,2026-04-06,organic,18-24,US,1,1,1,0,0
u_000528,2026-04-28,organic,18-24,US,1,0,1,1,1
u_000529,2026-04-16,organic,18-24,US,1,0,0,1,0
u_000530,2026-04-04,tiktok,25-34,US,1,0,0,1,0
u_000531,2026-04-06,tiktok,18-24,US,1,1,0,1,0
u_000532,2026-04-19,referral,18-24,US,1,0,0,1,0
u_000533,2026-04-23,instagram,25-34,US,1,0,1,0,0
u_000534,2026-04-15,referral,18-24,US,0,1,0,0,0
u_000535,2026-04-15,organic,25-34,UK,1,0,1,1,0
u_000536,2026-04-05,tiktok,18-24,US,0,1,0,0,1
u_000537,2026-04-20,campus,18-24,US,1,1,0,0,0
u_000538,2026-04-19,campus,45+,Australia,0,1,0,0,0
u_000539,2026-04-13,search,18-24,US,1,0,0,0,0
u_000540,2026-04-06,search,18-24,Other,0,1,0,0,0
u_000541,2026-04-26,tiktok,18-24,US,1,0,0,0,0
u_000542,2026-04-15,tiktok,18-24,Australia,1,1,0,1,0
u_000543,2026-04-24,search,25-34,US,0,1,0,0,0
u_000544,2026-04-06,tiktok,25-34,US,0,1,0,0,0
u_000545,2026-04-25,creator,18-24,US,1,1,0,1,0
u_000546,2026-04-12,referral,18-24,US,1,0,1,1,0
u_000547,2026-04-27,instagram,18-24,US,1,0,1,0,0
u_000548,2026-04-22,search,45+,UK,1,1,1,1,0
u_000549,2026-04-03,tiktok,35-44,US,1,1,1,1,0
u_000550,2026-04-17,organic,45+,UK,1,1,1,1,0
u_000551,2026-04-10,referral,25-34,US,1,0,1,1,0
u_000552,2026-04-20,tiktok,25-34,Australia,1,1,1,1,0
u_000553,2026-04-03,campus,18-24,US,1,0,1,0,0
u_000554,2026-04-19,instagram,35-44,US,1,0,0,0,0
u_000555,2026-04-11,organic,25-34,US,1,1,0,0,0
u_000556,2026-04-05,tiktok,18-24,US,0,1,0,0,0
u_000557,2026-04-04,campus,18-24,Other,0,1,0,0,1
u_000558,2026-04-05,creator,25-34,Australia,1,1,1,1,0
u_000559,2026-04-09,instagram,18-24,US,0,1,0,0,0
u_000560,2026-04-08,instagram,18-24,US,0,1,0,0,0
u_000561,2026-04-11,search,35-44,US,0,1,1,1,0
u_000562,2026-04-27,creator,25-34,US,0,1,1,0,0
u_000563,2026-04-17,referral,25-34,Other,1,1,0,1,0
u_000564,2026-04-03,referral,45+,US,1,1,0,0,1
u_000565,2026-04-08,campus,45+,Canada,0,1,1,1,0
u_000566,2026-04-25,creator,45+,US,1,0,0,0,0
u_000567,2026-04-11,instagram,18-24,Australia,0,1,0,1,1
u_000568,2026-04-09,campus,35-44,US,0,1,0,1,0
u_000569,2026-04-30,organic,18-24,US,0,1,0,0,0
u_000570,2026-04-05,referral,25-34,Canada,1,0,1,1,0
u_000571,2026-04-01,campus,45+,UK,1,1,0,1,0
u_000572,2026-04-21,instagram,35-44,US,1,0,1,1,0
u_000573,2026-04-18,campus,18-24,US,1,0,1,1,0
u_000574,2026-04-24,creator,18-24,US,0,1,0,0,0
u_000575,2026-04-21,search,18-24,US,0,1,0,1,0
u_000576,2026-04-29,tiktok,18-24,Other,0,1,1,1,0
u_000577,2026-04-30,search,35-44,US,0,1,0,0,0
u_000578,2026-04-26,instagram,18-24,US,1,0,1,1,0
u_000579,2026-04-17,creator,18-24,Canada,1,1,1,1,1
u_000580,2026-04-18,organic,35-44,US,1,1,0,1,0
u_000581,2026-04-17,search,18-24,Canada,1,1,0,1,0
u_000582,2026-04-11,referral,45+,US,1,0,0,0,0
u_000583,2026-04-23,search,18-24,Australia,0,1,0,0,0
u_000584,2026-05-01,creator,25-34,US,1,1,0,0,0
u_000585,2026-04-19,search,18-24,US,1,0,0,1,0
u_000586,2026-04-01,creator,18-24,Canada,1,1,0,1,1
u_000587,2026-04-03,instagram,25-34,US,1,1,1,1,1
u_000588,2026-04-21,referral,18-24,US,1,0,0,1,0
u_000589,2026-04-16,referral,18-24,US,0,1,0,0,0
u_000590,2026-04-21,organic,35-44,Canada,1,0,0,0,0
u_000591,2026-04-18,referral,18-24,US,1,0,1,1,1
u_000592,2026-04-11,organic,25-34,US,0,1,0,0,0
u_000593,2026-04-01,referral,25-34,Canada,1,0,1,1,0
u_000594,2026-04-01,organic,18-24,UK,0,1,0,1,0
u_000595,2026-04-03,search,35-44,US,1,1,1,0,0
u_000596,2026-04-04,campus,18-24,Other,1,0,1,0,0
u_000597,2026-04-24,instagram,25-34,US,1,1,1,0,0
u_000598,2026-04-23,tiktok,35-44,US,1,0,1,0,0
u_000599,2026-04-29,creator,18-24,US,1,0,1,1,0
u_000600,2026-04-10,organic,18-24,US,0,1,1,1,0
u_000601,2026-04-04,search,18-24,US,1,1,0,1,0
u_000602,2026-04-22,search,18-24,US,1,0,0,1,0
u_000603,2026-04-07,search,25-34,Other,1,0,0,1,0
u_000604,2026-04-14,instagram,25-34,UK,1,1,0,0,0
u_000605,2026-04-25,organic,18-24,Australia,0,1,1,1,0
u_000606,2026-04-29,organic,18-24,US,1,1,1,1,0
u_000607,2026-04-23,creator,18-24,US,0,1,0,0,0
u_000608,2026-04-24,tiktok,18-24,US,1,1,0,0,0
u_000609,2026-04-29,creator,25-34,UK,0,1,1,0,0
u_000610,2026-04-20,search,25-34,US,1,1,1,1,0
u_000611,2026-04-12,creator,18-24,US,1,0,1,1,0
u_000612,2026-04-25,tiktok,35-44,US,0,1,0,0,0
u_000613,2026-04-12,tiktok,18-24,US,1,0,1,1,0
u_000614,2026-04-22,instagram,25-34,Canada,1,1,1,1,0
u_000615,2026-04-23,creator,45+,US,0,1,0,0,1
u_000616,2026-04-29,creator,25-34,US,1,0,1,0,0
u_000617,2026-04-05,tiktok,18-24,US,1,1,1,1,0
u_000618,2026-04-03,organic,35-44,US,0,1,0,0,0
u_000619,2026-04-30,organic,18-24,US,1,0,1,0,0
u_000620,2026-04-08,tiktok,25-34,US,0,1,0,0,0
u_000621,2026-04-10,referral,35-44,Australia,1,0,1,0,0
u_000622,2026-04-23,organic,25-34,Other,0,1,1,0,0
u_000623,2026-04-11,search,18-24,UK,1,0,1,1,0
u_000624,2026-04-27,search,18-24,Other,1,0,1,1,0
u_000625,2026-04-09,referral,18-24,US,1,0,1,1,0
u_000626,2026-04-07,creator,18-24,Other,0,1,0,0,0
u_000627,2026-04-27,search,25-34,US,1,0,0,0,0
u_000628,2026-04-18,referral,18-24,US,1,0,0,0,0
u_000629,2026-04-17,instagram,25-34,Other,0,1,1,0,0
u_000630,2026-04-08,search,35-44,US,1,0,1,0,0
u_000631,2026-04-23,referral,25-34,US,0,1,1,0,0
u_000632,2026-04-25,referral,18-24,US,0,1,0,0,0
u_000633,2026-04-22,search,25-34,US,1,0,1,1,0
u_000634,2026-04-05,referral,18-24,US,0,1,1,1,0
u_000635,2026-05-01,tiktok,45+,US,1,0,1,1,0
u_000636,2026-04-15,search,25-34,UK,1,0,1,1,0
u_000637,2026-04-04,search,18-24,US,1,1,0,0,0
u_000638,2026-04-17,instagram,18-24,US,1,0,1,1,0
u_000639,2026-04-24,tiktok,18-24,Australia,1,0,1,1,0
u_000640,2026-04-15,organic,18-24,US,0,1,0,0,0
u_000641,2026-04-29,tiktok,18-24,UK,1,1,1,0,0
u_000642,2026-04-13,creator,35-44,US,0,1,0,0,0
u_000643,2026-04-05,creator,25-34,Australia,1,0,1,1,0
u_000644,2026-04-17,creator,18-24,US,1,0,0,0,0
u_000645,2026-04-09,instagram,35-44,US,0,1,1,1,1
u_000646,2026-04-27,campus,18-24,Other,1,0,0,1,0
u_000647,2026-04-22,referral,18-24,Australia,1,0,0,1,0
u_000648,2026-04-28,search,18-24,Other,1,1,1,1,0
u_000649,2026-04-01,organic,18-24,US,1,0,1,0,0
u_000650,2026-04-29,creator,25-34,US,1,0,1,0,0
u_000651,2026-04-08,instagram,18-24,US,1,1,1,0,0
u_000652,2026-04-12,instagram,18-24,Other,1,0,0,1,0
u_000653,2026-04-27,tiktok,18-24,US,1,0,0,0,0
u_000654,2026-04-06,organic,18-24,US,1,0,1,1,0
u_000655,2026-04-13,referral,18-24,US,0,1,0,0,1
u_000656,2026-04-02,instagram,25-34,US,0,1,0,0,0
u_000657,2026-04-22,tiktok,35-44,Australia,0,1,0,1,0
u_000658,2026-04-26,referral,25-34,US,1,0,0,1,0
u_000659,2026-04-21,tiktok,18-24,US,1,0,1,1,0
u_000660,2026-04-18,search,18-24,US,1,1,0,0,0
u_000661,2026-04-26,search,18-24,UK,1,0,0,1,0
u_000662,2026-04-23,creator,25-34,US,0,1,0,0,0
u_000663,2026-04-27,creator,25-34,UK,1,0,1,1,1
u_000664,2026-04-22,organic,18-24,US,1,1,0,1,0
u_000665,2026-04-07,tiktok,25-34,Canada,1,1,0,0,0
u_000666,2026-04-12,referral,18-24,US,1,1,0,0,0
u_000667,2026-04-25,organic,18-24,Other,1,0,0,0,0
u_000668,2026-04-06,referral,18-24,Canada,1,0,0,0,0
u_000669,2026-04-26,referral,18-24,US,1,0,0,1,0
u_000670,2026-05-01,creator,18-24,US,0,1,0,1,0
u_000671,2026-04-05,search,18-24,UK,1,0,0,1,0
u_000672,2026-04-30,instagram,35-44,Canada,0,1,0,0,0
u_000673,2026-04-23,organic,18-24,US,1,1,0,0,0
u_000674,2026-04-01,search,18-24,US,0,1,0,1,0
u_000675,2026-04-23,organic,25-34,UK,0,1,1,0,0
u_000676,2026-04-03,organic,25-34,Australia,1,0,0,0,0
u_000677,2026-04-11,referral,35-44,US,1,1,0,1,0
u_000678,2026-04-14,campus,18-24,US,0,1,1,1,0
u_000679,2026-04-04,tiktok,25-34,US,0,1,1,1,0
u_000680,2026-04-02,organic,18-24,UK,0,1,1,0,1
u_000681,2026-04-07,referral,18-24,US,1,1,0,1,0
u_000682,2026-04-08,tiktok,18-24,US,1,0,1,0,0
u_000683,2026-04-17,tiktok,18-24,US,0,1,1,1,1
u_000684,2026-04-17,referral,35-44,US,1,1,1,1,0
u_000685,2026-04-05,instagram,18-24,US,0,1,0,0,0
u_000686,2026-04-24,instagram,18-24,Australia,1,1,1,1,0
u_000687,2026-04-01,instagram,18-24,UK,1,1,1,0,0
u_000688,2026-04-19,tiktok,25-34,Australia,1,0,1,0,0
u_000689,2026-04-10,organic,35-44,US,1,1,0,1,0
u_000690,2026-04-07,tiktok,18-24,US,1,1,0,0,0
u_000691,2026-04-18,organic,25-34,US,1,1,0,0,0
u_000692,2026-04-03,tiktok,18-24,US,0,1,1,0,0
u_000693,2026-04-15,tiktok,35-44,Australia,0,1,1,1,1
u_000694,2026-04-15,creator,25-34,US,1,1,1,1,0
u_000695,2026-04-03,referral,25-34,Canada,1,1,1,1,0
u_000696,2026-04-09,campus,18-24,UK,1,0,1,1,1
u_000697,2026-04-14,tiktok,18-24,Canada,1,0,0,0,0
u_000698,2026-04-29,campus,35-44,US,1,1,1,1,0
u_000699,2026-04-10,referral,25-34,US,1,1,1,0,0
u_000700,2026-04-27,campus,35-44,US,0,1,0,0,0
u_000701,2026-04-08,organic,25-34,UK,1,0,1,1,0
u_000702,2026-04-19,referral,45+,Other,0,1,1,0,0
u_000703,2026-04-21,search,25-34,Other,1,1,1,1,0
u_000704,2026-04-24,organic,18-24,US,1,0,0,0,0
u_000705,2026-04-24,organic,25-34,US,0,1,1,0,0
u_000706,2026-04-29,creator,45+,US,1,1,1,0,0
u_000707,2026-04-29,creator,25-34,US,1,1,0,1,0
u_000708,2026-04-28,referral,35-44,US,1,0,0,1,0
u_000709,2026-04-26,referral,18-24,Canada,0,1,0,0,0
u_000710,2026-04-16,campus,18-24,US,1,0,0,0,0
u_000711,2026-04-14,tiktok,25-34,US,0,1,0,0,0
u_000712,2026-04-02,creator,18-24,UK,1,0,0,0,0
u_000713,2026-04-01,campus,25-34,US,0,1,0,0,0
u_000714,2026-04-02,tiktok,18-24,Australia,0,1,1,0,0
u_000715,2026-04-25,tiktok,45+,US,1,0,1,1,0
u_000716,2026-04-08,instagram,18-24,US,0,1,1,0,0
u_000717,2026-04-27,tiktok,25-34,US,1,0,1,1,1
u_000718,2026-04-05,organic,25-34,Other,0,1,0,0,0
u_000719,2026-04-11,campus,35-44,US,1,1,1,1,0
u_000720,2026-04-16,campus,35-44,US,1,1,0,1,0
u_000721,2026-04-23,organic,18-24,Canada,1,1,0,1,1
u_000722,2026-04-12,tiktok,18-24,US,0,1,0,0,0
u_000723,2026-04-02,tiktok,45+,Australia,0,1,0,0,0
u_000724,2026-04-21,campus,25-34,US,0,1,0,1,0
u_000725,2026-04-09,referral,18-24,US,0,1,1,1,0
u_000726,2026-04-24,tiktok,18-24,Australia,1,1,1,0,0
u_000727,2026-04-15,campus,18-24,US,0,1,0,1,0
u_000728,2026-04-20,organic,18-24,US,0,1,0,0,0
u_000729,2026-04-30,referral,25-34,US,0,1,1,1,1
u_000730,2026-04-28,campus,35-44,Australia,0,1,1,1,0
u_000731,2026-04-04,search,18-24,UK,1,0,0,0,0
u_000732,2026-04-15,tiktok,35-44,Canada,1,0,1,1,1
u_000733,2026-04-23,creator,35-44,US,1,0,0,1,0
u_000734,2026-04-21,search,25-34,US,0,1,0,0,0
u_000735,2026-04-26,tiktok,25-34,US,1,1,1,0,0
u_000736,2026-04-22,organic,18-24,US,0,1,1,0,0
u_000737,2026-04-30,instagram,25-34,UK,1,1,1,0,0
u_000738,2026-04-24,creator,18-24,US,1,0,0,1,0
u_000739,2026-04-26,referral,25-34,US,0,1,1,0,0
u_000740,2026-04-15,creator,25-34,US,1,1,1,1,0
u_000741,2026-05-01,organic,25-34,US,1,0,1,0,0
u_000742,2026-04-11,search,18-24,US,1,0,1,1,1
u_000743,2026-04-13,search,18-24,US,1,0,0,0,0
u_000744,2026-04-26,creator,25-34,UK,1,0,0,1,1
u_000745,2026-04-15,organic,25-34,US,1,0,0,0,0
u_000746,2026-04-14,instagram,18-24,US,0,1,0,0,0
u_000747,2026-04-24,organic,35-44,US,1,0,1,1,0
u_000748,2026-04-07,referral,25-34,US,1,1,0,1,0
u_000749,2026-04-26,tiktok,25-34,US,0,1,0,0,0
u_000750,2026-04-25,creator,18-24,US,0,1,0,0,0
u_000751,2026-04-28,referral,18-24,UK,1,0,1,0,0
u_000752,2026-04-25,organic,18-24,US,1,0,1,1,0
u_000753,2026-04-23,organic,35-44,US,1,1,0,1,1
u_000754,2026-04-28,referral,18-24,US,1,0,1,0,0
u_000755,2026-04-03,organic,18-24,US,1,1,1,1,0
u_000756,2026-04-19,organic,18-24,US,0,1,0,1,0
u_000757,2026-04-19,instagram,18-24,Australia,1,1,1,1,0
u_000758,2026-04-12,organic,18-24,US,0,1,1,1,1
u_000759,2026-04-06,instagram,18-24,Australia,1,0,0,0,0
u_000760,2026-04-18,tiktok,25-34,US,1,0,1,0,0
u_000761,2026-04-21,search,25-34,US,0,1,0,0,0
u_000762,2026-04-18,referral,45+,US,0,1,1,1,0
u_000763,2026-04-05,organic,25-34,US,1,1,1,1,1
u_000764,2026-04-26,instagram,25-34,US,1,0,0,1,0
u_000765,2026-04-30,search,18-24,US,1,1,1,1,0
u_000766,2026-04-12,organic,25-34,US,1,0,1,1,0
u_000767,2026-04-06,campus,18-24,US,1,1,1,1,0
u_000768,2026-05-01,campus,18-24,US,1,1,0,1,0
u_000769,2026-04-27,tiktok,25-34,US,0,1,1,0,0
u_000770,2026-04-04,search,35-44,US,1,0,1,0,0
u_000771,2026-05-01,referral,18-24,US,1,1,1,1,0
u_000772,2026-04-14,search,25-34,US,1,0,0,1,1
u_000773,2026-04-06,tiktok,18-24,US,1,1,0,0,0
u_000774,2026-04-25,creator,25-34,US,1,1,0,0,0
u_000775,2026-04-08,tiktok,25-34,US,0,1,1,0,0
u_000776,2026-05-01,search,18-24,Australia,1,0,0,0,0
u_000777,2026-04-01,instagram,18-24,Canada,0,1,1,0,0
u_000778,2026-04-11,referral,18-24,Canada,1,0,0,1,0
u_000779,2026-04-13,creator,18-24,UK,0,1,0,1,0
u_000780,2026-04-25,creator,25-34,Australia,1,0,1,0,1
u_000781,2026-04-16,search,25-34,US,1,0,0,1,0
u_000782,2026-04-29,organic,18-24,Australia,0,1,0,0,0
u_000783,2026-04-22,referral,45+,US,0,1,1,0,0
u_000784,2026-04-05,referral,25-34,US,1,0,0,1,0
u_000785,2026-04-13,instagram,25-34,Other,0,1,1,0,0
u_000786,2026-04-14,search,25-34,US,0,1,1,0,0
u_000787,2026-04-01,referral,18-24,US,0,1,0,0,0
u_000788,2026-04-21,organic,18-24,US,1,0,1,1,0
u_000789,2026-04-24,campus,18-24,US,0,1,1,0,1
u_000790,2026-04-27,referral,35-44,US,0,1,1,1,0
u_000791,2026-04-01,referral,25-34,US,0,1,1,0,0
u_000792,2026-04-23,referral,25-34,UK,1,0,1,1,0
u_000793,2026-04-12,organic,35-44,Other,1,1,0,0,0
u_000794,2026-04-12,search,35-44,US,0,1,0,1,0
u_000795,2026-04-02,organic,18-24,US,1,0,1,0,0
u_000796,2026-04-01,tiktok,18-24,UK,1,0,0,0,0
u_000797,2026-04-08,referral,25-34,Other,0,1,0,1,1
u_000798,2026-04-07,search,18-24,US,0,1,1,1,0
u_000799,2026-04-17,instagram,18-24,US,0,1,0,0,0
u_000800,2026-04-04,instagram,18-24,US,1,0,1,1,0
u_000801,2026-04-07,campus,18-24,US,0,1,0,0,0
u_000802,2026-04-24,organic,18-24,US,0,1,0,0,0
u_000803,2026-05-01,search,25-34,US,1,0,1,0,0
u_000804,2026-04-05,campus,25-34,US,1,1,0,1,0
u_000805,2026-04-28,instagram,45+,US,1,0,1,0,0
u_000806,2026-04-09,referral,18-24,UK,0,1,1,1,1
u_000807,2026-05-01,campus,18-24,US,0,1,0,0,0
u_000808,2026-04-27,referral,18-24,US,0,1,1,0,0
u_000809,2026-04-15,search,45+,Other,1,0,0,1,1
u_000810,2026-04-24,organic,25-34,Other,1,0,0,1,0
u_000811,2026-04-10,instagram,25-34,US,0,1,1,0,0
u_000812,2026-04-23,instagram,18-24,US,1,0,0,0,0
u_000813,2026-04-20,instagram,35-44,US,0,1,1,0,0
u_000814,2026-04-27,referral,18-24,US,1,1,1,1,0
u_000815,2026-04-28,tiktok,18-24,US,1,1,0,1,0
u_000816,2026-04-26,search,18-24,US,0,1,0,0,0
u_000817,2026-04-03,tiktok,18-24,UK,1,0,1,0,0
u_000818,2026-04-22,instagram,25-34,UK,0,1,0,0,0
u_000819,2026-04-13,tiktok,35-44,US,0,1,1,1,0
u_000820,2026-04-21,search,18-24,US,0,1,0,0,0
u_000821,2026-04-11,tiktok,18-24,US,0,1,0,1,0
u_000822,2026-04-18,campus,18-24,US,1,0,0,0,0
u_000823,2026-04-02,campus,18-24,US,1,0,0,0,0
u_000824,2026-04-06,tiktok,18-24,US,1,0,0,0,0
u_000825,2026-04-13,search,25-34,US,1,0,1,1,0
u_000826,2026-04-18,organic,25-34,US,1,1,1,1,1
u_000827,2026-04-19,referral,18-24,US,1,0,0,1,1
u_000828,2026-04-14,instagram,35-44,Canada,0,1,0,0,1
u_000829,2026-04-18,organic,18-24,US,0,1,1,0,0
u_000830,2026-04-24,instagram,18-24,US,1,1,1,0,0
u_000831,2026-04-15,creator,18-24,US,1,1,1,1,0
u_000832,2026-04-18,instagram,18-24,Australia,0,1,0,0,0
u_000833,2026-04-03,tiktok,25-34,US,0,1,1,1,1
u_000834,2026-04-09,campus,35-44,US,1,1,1,1,0
u_000835,2026-04-23,instagram,45+,US,1,1,0,0,0
u_000836,2026-04-14,organic,25-34,US,1,1,0,1,1
u_000837,2026-05-01,search,18-24,US,1,1,0,1,0
u_000838,2026-04-16,instagram,25-34,US,0,1,0,0,1
u_000839,2026-04-06,search,18-24,US,1,1,1,1,0
u_000840,2026-04-23,instagram,18-24,Australia,0,1,1,0,0
u_000841,2026-04-09,campus,18-24,US,1,0,0,1,0
u_000842,2026-04-20,referral,18-24,US,0,1,0,0,0
u_000843,2026-04-19,instagram,18-24,US,0,1,1,1,0
u_000844,2026-04-02,referral,18-24,Australia,1,1,1,0,0
u_000845,2026-04-14,search,25-34,Canada,1,1,1,0,0
u_000846,2026-04-22,tiktok,25-34,US,1,1,0,1,0
u_000847,2026-04-01,tiktok,18-24,Other,1,0,0,1,0
u_000848,2026-04-21,campus,25-34,US,1,1,1,1,1
u_000849,2026-04-20,organic,18-24,Canada,1,0,0,0,0
u_000850,2026-04-08,instagram,18-24,US,1,0,1,0,0
u_000851,2026-04-05,tiktok,18-24,US,0,1,0,1,0
u_000852,2026-04-30,instagram,18-24,Canada,1,0,1,1,0
u_000853,2026-04-13,organic,18-24,US,1,0,1,1,0
u_000854,2026-04-05,campus,25-34,US,0,1,0,0,0
u_000855,2026-04-01,instagram,35-44,US,0,1,0,1,0
u_000856,2026-04-06,organic,25-34,US,1,1,1,1,0
u_000857,2026-04-03,instagram,25-34,US,0,1,0,1,1
u_000858,2026-04-16,referral,18-24,US,1,1,1,1,0
u_000859,2026-04-22,organic,18-24,Australia,1,0,0,1,0
u_000860,2026-04-23,tiktok,18-24,Australia,0,1,1,0,0
u_000861,2026-04-10,referral,45+,US,0,1,1,0,0
u_000862,2026-05-01,instagram,18-24,US,1,0,0,1,0
u_000863,2026-04-23,tiktok,18-24,UK,1,1,0,0,0
u_000864,2026-04-24,campus,18-24,US,0,1,0,1,0
u_000865,2026-04-22,referral,25-34,UK,0,1,1,1,0
u_000866,2026-04-24,referral,25-34,US,0,1,1,0,0
u_000867,2026-04-12,organic,18-24,US,1,1,1,1,0
u_000868,2026-04-21,organic,35-44,Other,0,1,0,0,0
u_000869,2026-04-11,search,18-24,US,1,0,0,1,1
u_000870,2026-04-09,referral,45+,US,1,0,1,1,0
u_000871,2026-04-12,search,35-44,US,0,1,0,0,0
u_000872,2026-04-24,search,18-24,US,1,0,1,1,0
u_000873,2026-04-08,instagram,18-24,US,1,0,0,1,0
u_000874,2026-04-25,organic,25-34,US,0,1,1,1,0
u_000875,2026-04-04,referral,25-34,Other,1,1,1,0,0
u_000876,2026-04-16,organic,18-24,US,1,1,0,1,0
u_000877,2026-04-20,organic,45+,UK,0,1,0,0,0
u_000878,2026-04-08,organic,18-24,Australia,1,1,1,1,1
u_000879,2026-04-17,instagram,18-24,US,1,1,1,1,0
u_000880,2026-04-17,instagram,18-24,US,1,1,1,1,0
u_000881,2026-04-07,creator,18-24,US,1,0,1,0,0
u_000882,2026-04-08,organic,18-24,US,1,0,0,1,0
u_000883,2026-04-14,search,25-34,Canada,1,0,1,1,0
u_000884,2026-04-17,referral,45+,Other,1,1,0,0,0
u_000885,2026-04-29,organic,25-34,US,1,1,1,0,0
u_000886,2026-04-03,tiktok,18-24,Other,1,1,1,1,0
u_000887,2026-04-08,creator,18-24,US,1,0,1,1,0
u_000888,2026-04-05,campus,18-24,Other,1,0,1,1,0
u_000889,2026-04-03,instagram,25-34,US,1,0,0,1,1
u_000890,2026-04-30,tiktok,25-34,UK,1,0,1,1,0
u_000891,2026-04-06,tiktok,18-24,US,0,1,1,0,0
u_000892,2026-04-14,instagram,18-24,US,1,0,1,1,0
u_000893,2026-04-25,tiktok,18-24,Australia,0,1,0,0,0
u_000894,2026-04-01,organic,35-44,US,1,0,0,1,0
u_000895,2026-04-22,search,18-24,US,1,0,0,0,0
u_000896,2026-04-04,referral,35-44,Australia,1,1,0,0,1
u_000897,2026-04-12,instagram,35-44,US,0,1,0,0,0
u_000898,2026-04-16,instagram,18-24,US,1,1,1,1,0
u_000899,2026-04-27,referral,35-44,US,0,1,1,1,0
u_000900,2026-04-30,instagram,25-34,US,0,1,1,0,0
u_000901,2026-04-16,organic,45+,Canada,1,0,0,0,0
u_000902,2026-04-05,organic,25-34,US,1,0,0,1,0
u_000903,2026-04-22,creator,18-24,Other,1,0,0,1,0
u_000904,2026-04-15,campus,25-34,US,1,0,0,1,0
u_000905,2026-04-28,tiktok,18-24,US,1,1,0,0,0
u_000906,2026-04-13,organic,45+,US,0,1,0,1,1
u_000907,2026-04-25,campus,25-34,US,0,1,1,0,0
u_000908,2026-04-11,tiktok,18-24,US,1,1,0,0,0
u_000909,2026-04-28,referral,18-24,US,1,1,1,0,0
u_000910,2026-04-01,tiktok,18-24,US,1,0,1,0,0
u_000911,2026-04-22,organic,18-24,Other,1,0,1,1,0
u_000912,2026-04-26,referral,18-24,US,0,1,0,0,1
u_000913,2026-04-14,campus,18-24,US,1,0,1,0,0
u_000914,2026-04-04,organic,18-24,Canada,1,0,0,0,1
u_000915,2026-04-06,tiktok,25-34,US,0,1,1,0,0
u_000916,2026-04-01,creator,18-24,Canada,0,1,1,1,1
u_000917,2026-04-14,referral,18-24,US,1,0,1,1,0
u_000918,2026-04-18,instagram,18-24,US,1,0,0,1,1
u_000919,2026-04-11,tiktok,25-34,US,1,0,0,0,0
u_000920,2026-04-08,campus,18-24,US,0,1,1,0,0
u_000921,2026-04-24,instagram,18-24,US,1,0,1,1,0
u_000922,2026-04-08,search,18-24,US,0,1,1,1,0
u_000923,2026-04-03,tiktok,35-44,US,1,0,1,0,0
u_000924,2026-04-20,instagram,25-34,UK,1,1,1,0,0
u_000925,2026-04-23,campus,25-34,US,1,0,0,0,0
u_000926,2026-04-13,organic,18-24,US,1,0,0,0,0
u_000927,2026-04-21,referral,25-34,UK,1,0,1,1,0
u_000928,2026-04-25,tiktok,25-34,US,1,0,0,1,0
u_000929,2026-04-03,tiktok,18-24,US,0,1,0,0,0
u_000930,2026-04-08,referral,25-34,UK,0,1,0,0,0
u_000931,2026-04-29,referral,25-34,US,1,0,0,1,0
u_000932,2026-04-06,search,18-24,US,1,1,1,1,0
u_000933,2026-04-08,tiktok,25-34,US,1,1,0,1,0
u_000934,2026-04-28,instagram,18-24,US,1,0,1,0,0
u_000935,2026-04-19,creator,25-34,US,1,1,1,1,0
u_000936,2026-04-29,organic,18-24,US,1,1,0,1,0
u_000937,2026-04-10,tiktok,18-24,US,1,0,1,1,0
u_000938,2026-04-04,tiktok,25-34,US,0,1,0,0,1
u_000939,2026-04-01,tiktok,25-34,US,1,1,0,0,0
u_000940,2026-04-19,referral,18-24,US,1,1,1,1,0
u_000941,2026-04-26,instagram,18-24,US,1,0,0,0,0
u_000942,2026-04-10,search,25-34,Canada,1,0,1,0,0
u_000943,2026-04-21,campus,18-24,UK,1,1,0,1,0
u_000944,2026-04-27,tiktok,45+,US,0,1,0,0,0
u_000945,2026-04-20,referral,18-24,US,1,0,0,0,0
u_000946,2026-04-06,tiktok,25-34,US,0,1,0,0,0
u_000947,2026-04-23,tiktok,35-44,Other,1,1,1,0,1
u_000948,2026-04-29,creator,18-24,US,1,0,0,1,0
u_000949,2026-04-04,tiktok,25-34,US,0,1,0,0,0
u_000950,2026-04-16,tiktok,18-24,US,1,1,0,0,0
u_000951,2026-04-09,organic,25-34,Canada,1,1,1,1,0
u_000952,2026-04-05,instagram,25-34,US,0,1,0,0,0
u_000953,2026-04-28,tiktok,18-24,US,1,0,0,1,0
u_000954,2026-04-09,instagram,35-44,US,0,1,0,0,0
u_000955,2026-04-02,search,18-24,Other,0,1,1,0,0
u_000956,2026-04-21,organic,18-24,US,0,1,0,0,0
u_000957,2026-04-03,referral,45+,US,1,1,1,1,0
u_000958,2026-04-15,creator,35-44,Other,1,0,0,1,0
u_000959,2026-04-12,creator,35-44,Australia,1,0,0,0,0
u_000960,2026-04-14,referral,18-24,Australia,1,0,1,1,0
u_000961,2026-04-09,organic,18-24,US,0,1,1,1,0
u_000962,2026-04-22,tiktok,25-34,Other,1,0,0,0,1
u_000963,2026-04-12,search,18-24,US,1,0,1,1,0
u_000964,2026-04-01,tiktok,18-24,US,0,1,1,1,0
u_000965,2026-04-11,creator,18-24,US,1,0,0,0,0
u_000966,2026-04-10,organic,25-34,UK,1,1,0,1,0
u_000967,2026-04-25,tiktok,18-24,US,0,1,0,0,0
u_000968,2026-04-18,organic,25-34,US,1,0,1,1,0
u_000969,2026-04-02,referral,18-24,US,1,1,1,1,0
u_000970,2026-04-28,search,35-44,UK,0,1,0,0,0
u_000971,2026-04-12,creator,25-34,US,1,0,1,0,0
u_000972,2026-04-05,organic,25-34,US,0,1,0,0,0
u_000973,2026-04-02,organic,18-24,Australia,0,1,0,0,0
u_000974,2026-04-10,instagram,18-24,US,1,0,1,1,0
u_000975,2026-04-30,referral,18-24,US,0,1,0,0,0
u_000976,2026-04-15,tiktok,25-34,Other,1,1,1,0,0
u_000977,2026-04-03,search,25-34,US,0,1,0,1,0
u_000978,2026-04-10,tiktok,18-24,Australia,1,0,1,1,0
u_000979,2026-04-12,tiktok,25-34,US,1,0,0,1,0
u_000980,2026-04-23,tiktok,35-44,US,1,0,1,1,0
u_000981,2026-04-26,search,35-44,US,0,1,0,0,0
u_000982,2026-04-26,referral,35-44,US,0,1,0,0,0
u_000983,2026-04-02,organic,45+,US,1,0,1,0,0
u_000984,2026-04-03,campus,18-24,US,1,1,0,1,0
u_000985,2026-04-18,tiktok,35-44,US,1,1,0,1,0
u_000986,2026-04-06,organic,25-34,US,1,0,0,0,0
u_000987,2026-04-16,referral,18-24,US,0,1,0,1,0
u_000988,2026-04-28,instagram,18-24,US,1,0,1,1,0
u_000989,2026-04-07,tiktok,18-24,US,1,0,1,1,0
u_000990,2026-04-19,creator,18-24,US,1,1,1,1,1
u_000991,2026-04-15,search,45+,US,0,1,0,1,0
u_000992,2026-04-23,instagram,25-34,US,0,1,1,0,0
u_000993,2026-04-25,campus,35-44,US,0,1,0,1,0
u_000994,2026-04-18,creator,18-24,US,1,0,0,0,0
u_000995,2026-04-23,search,18-24,US,0,1,0,0,0
u_000996,2026-04-17,creator,18-24,US,0,1,0,1,1
u_000997,2026-04-17,tiktok,25-34,US,0,1,0,0,0
u_000998,2026-04-06,search,18-24,UK,1,1,1,1,0
u_000999,2026-04-18,tiktok,18-24,US,1,0,0,1,0
u_001000,2026-04-08,tiktok,18-24,Canada,0,1,1,1,0
u_001001,2026-04-29,tiktok,18-24,US,1,1,1,1,0
u_001002,2026-04-21,referral,25-34,US,0,1,1,0,0
u_001003,2026-04-29,tiktok,25-34,US,1,0,1,0,0
u_001004,2026-04-03,search,18-24,US,1,0,0,0,0
u_001005,2026-04-23,tiktok,18-24,US,1,1,1,0,0
u_001006,2026-04-05,referral,35-44,US,1,0,1,0,0
u_001007,2026-04-15,organic,25-34,US,1,0,0,0,0
u_001008,2026-04-02,referral,18-24,US,1,0,0,1,0
u_001009,2026-04-08,organic,25-34,US,0,1,1,1,0
u_001010,2026-04-20,organic,18-24,US,1,1,1,0,0
u_001011,2026-04-01,organic,18-24,US,0,1,0,0,0
u_001012,2026-04-25,referral,18-24,US,0,1,0,0,0
u_001013,2026-04-18,organic,25-34,Australia,0,1,1,0,0
u_001014,2026-04-23,creator,25-34,Canada,0,1,1,0,0
u_001015,2026-04-11,search,25-34,US,1,1,0,0,0
u_001016,2026-04-17,campus,18-24,Other,1,0,1,1,0
u_001017,2026-04-10,referral,18-24,US,1,0,1,1,0
u_001018,2026-04-01,search,25-34,Australia,0,1,0,0,0
u_001019,2026-04-24,creator,45+,Other,0,1,1,1,0
u_001020,2026-04-20,instagram,35-44,US,1,0,0,1,0
u_001021,2026-04-12,search,18-24,UK,1,0,0,0,0
u_001022,2026-04-27,instagram,25-34,Other,1,0,0,0,0
u_001023,2026-04-20,creator,18-24,US,1,1,1,1,0
u_001024,2026-04-19,campus,25-34,Canada,1,0,1,1,0
u_001025,2026-04-13,referral,18-24,Other,0,1,1,0,0
u_001026,2026-04-19,creator,45+,UK,0,1,0,0,0
u_001027,2026-04-26,creator,25-34,US,0,1,0,0,0
u_001028,2026-04-01,campus,45+,US,1,1,1,0,0
u_001029,2026-04-26,referral,25-34,US,1,0,1,0,0
u_001030,2026-04-13,referral,18-24,US,1,0,1,1,0
u_001031,2026-04-14,tiktok,25-34,US,1,0,1,0,0
u_001032,2026-04-22,organic,25-34,Other,1,1,0,1,0
u_001033,2026-04-17,organic,18-24,US,0,1,0,0,1
u_001034,2026-04-15,search,35-44,US,1,0,1,1,0
u_001035,2026-04-28,tiktok,25-34,Australia,0,1,1,1,1
u_001036,2026-04-29,instagram,18-24,US,1,0,1,1,0
u_001037,2026-04-19,referral,18-24,US,1,1,1,0,0
u_001038,2026-04-16,organic,25-34,UK,1,0,1,0,0
u_001039,2026-04-11,organic,25-34,Other,0,1,1,1,0
u_001040,2026-04-27,creator,18-24,Other,0,1,1,0,0
u_001041,2026-04-29,referral,18-24,US,0,1,0,0,0
u_001042,2026-04-20,organic,25-34,US,1,0,1,1,0
u_001043,2026-04-11,referral,25-34,UK,0,1,0,0,0
u_001044,2026-04-16,referral,18-24,US,1,1,1,0,0
u_001045,2026-04-22,tiktok,25-34,US,1,0,1,1,1
u_001046,2026-04-13,campus,18-24,US,1,1,1,1,0
u_001047,2026-04-12,campus,18-24,Australia,1,0,1,0,0
u_001048,2026-04-26,instagram,35-44,UK,1,0,1,1,0
u_001049,2026-04-01,creator,18-24,US,1,1,1,1,1
u_001050,2026-04-25,tiktok,18-24,UK,1,1,1,1,1
u_001051,2026-04-01,instagram,18-24,US,0,1,0,0,0
u_001052,2026-04-08,organic,35-44,Other,1,0,1,1,0
u_001053,2026-04-17,organic,18-24,Australia,1,0,0,1,0
u_001054,2026-04-15,organic,18-24,Australia,0,1,0,0,0
u_001055,2026-04-06,referral,18-24,US,1,1,1,0,0
u_001056,2026-04-27,referral,18-24,US,1,1,0,1,1
u_001057,2026-04-08,referral,25-34,US,1,1,0,0,0
u_001058,2026-04-15,referral,25-34,US,0,1,0,0,0
u_001059,2026-04-28,organic,35-44,UK,1,0,0,1,0
u_001060,2026-04-20,organic,25-34,UK,1,1,1,1,0
u_001061,2026-04-18,organic,25-34,US,1,0,0,0,0
u_001062,2026-04-17,referral,18-24,Canada,1,0,0,1,0
u_001063,2026-04-03,instagram,35-44,US,1,0,0,1,0
u_001064,2026-04-23,search,18-24,US,0,1,0,0,0
u_001065,2026-04-18,referral,45+,US,0,1,0,0,0
u_001066,2026-04-25,tiktok,25-34,US,0,1,0,1,0
u_001067,2026-04-02,instagram,35-44,US,1,0,1,1,1
u_001068,2026-04-15,instagram,18-24,US,1,0,0,1,0
u_001069,2026-04-03,tiktok,35-44,US,1,0,0,1,0
u_001070,2026-04-19,tiktok,18-24,US,1,1,0,0,0
u_001071,2026-04-16,instagram,18-24,US,0,1,1,1,0
u_001072,2026-05-01,tiktok,18-24,US,1,1,1,1,0
u_001073,2026-04-10,referral,18-24,Australia,1,1,1,0,0
u_001074,2026-04-24,organic,18-24,US,1,1,0,0,0
u_001075,2026-04-17,creator,25-34,US,1,0,1,0,0
u_001076,2026-04-05,referral,35-44,UK,1,0,1,1,0
u_001077,2026-04-14,tiktok,18-24,US,0,1,0,0,0
u_001078,2026-04-13,tiktok,25-34,US,1,0,1,0,0
u_001079,2026-04-05,creator,18-24,US,0,1,0,1,0
u_001080,2026-05-01,creator,18-24,US,1,0,0,0,0
u_001081,2026-04-17,campus,45+,US,1,0,1,1,0
u_001082,2026-04-06,organic,18-24,US,1,0,1,0,0
u_001083,2026-04-21,organic,25-34,Other,0,1,1,0,0
u_001084,2026-04-08,organic,35-44,Canada,1,1,0,1,0
u_001085,2026-04-14,tiktok,25-34,US,1,1,1,1,1
u_001086,2026-04-02,organic,18-24,US,1,0,1,0,0
u_001087,2026-04-27,referral,18-24,US,1,0,1,0,0
u_001088,2026-04-01,search,25-34,Canada,1,0,0,0,0
u_001089,2026-04-16,instagram,18-24,Canada,0,1,0,1,0
u_001090,2026-04-27,instagram,35-44,US,0,1,1,0,1
u_001091,2026-04-14,tiktok,18-24,US,1,0,1,1,0
u_001092,2026-04-12,organic,18-24,US,1,0,1,0,0
u_001093,2026-04-08,referral,18-24,US,0,1,0,1,0
u_001094,2026-04-12,tiktok,25-34,US,0,1,0,0,0
u_001095,2026-04-02,tiktok,35-44,Other,1,1,1,1,0
u_001096,2026-04-06,organic,18-24,US,1,1,1,1,1
u_001097,2026-04-23,tiktok,18-24,US,1,1,1,1,0
u_001098,2026-04-25,search,18-24,US,1,1,1,1,0
u_001099,2026-04-27,search,35-44,US,0,1,0,0,0
u_001100,2026-04-21,organic,18-24,US,0,1,1,0,0
u_001101,2026-04-01,instagram,18-24,US,1,0,1,0,0
u_001102,2026-04-07,search,25-34,UK,1,0,0,1,1
u_001103,2026-04-26,organic,45+,US,0,1,0,0,0
u_001104,2026-04-20,tiktok,18-24,US,1,1,1,0,0
u_001105,2026-04-29,campus,18-24,Australia,1,0,0,0,0
u_001106,2026-04-19,search,18-24,Other,1,1,1,1,1
u_001107,2026-04-17,creator,18-24,US,0,1,0,0,0
u_001108,2026-04-02,organic,18-24,UK,1,0,0,0,0
u_001109,2026-04-13,tiktok,18-24,UK,0,1,0,1,0
u_001110,2026-04-11,search,18-24,US,1,1,1,0,0
u_001111,2026-04-11,referral,18-24,UK,1,1,1,1,0
u_001112,2026-04-17,campus,35-44,Australia,0,1,0,0,0
u_001113,2026-04-09,organic,18-24,US,0,1,1,0,0
u_001114,2026-04-03,organic,35-44,US,0,1,0,0,0
u_001115,2026-04-08,organic,18-24,US,1,0,1,1,0
u_001116,2026-04-18,instagram,18-24,US,1,1,1,0,0
u_001117,2026-04-16,organic,18-24,Canada,1,0,1,1,0
u_001118,2026-04-14,instagram,18-24,US,1,0,0,0,0
u_001119,2026-04-26,instagram,18-24,US,1,0,1,1,0
u_001120,2026-04-07,campus,18-24,UK,0,1,0,0,0
u_001121,2026-04-26,search,25-34,US,1,1,0,1,0
u_001122,2026-04-21,campus,25-34,US,1,0,1,1,0
u_001123,2026-04-23,campus,18-24,Other,1,0,1,0,0
u_001124,2026-04-09,search,25-34,US,0,1,0,1,0
u_001125,2026-04-18,instagram,18-24,US,1,1,0,1,0
u_001126,2026-04-08,creator,18-24,US,0,1,1,1,0
u_001127,2026-04-11,tiktok,25-34,Canada,1,0,1,1,1
u_001128,2026-04-10,tiktok,18-24,US,0,1,1,0,0
u_001129,2026-04-28,tiktok,18-24,US,1,0,1,0,0
u_001130,2026-04-06,tiktok,25-34,US,1,0,0,1,0
u_001131,2026-04-30,creator,25-34,Canada,0,1,0,0,0
u_001132,2026-04-27,campus,25-34,US,1,1,0,1,0
u_001133,2026-04-09,creator,18-24,Other,1,1,0,0,0
u_001134,2026-04-07,referral,25-34,US,0,1,0,0,0
u_001135,2026-04-18,organic,18-24,US,1,1,1,1,0
u_001136,2026-04-15,tiktok,25-34,US,1,1,1,1,0
u_001137,2026-04-01,tiktok,18-24,Australia,1,0,0,0,0
u_001138,2026-04-24,campus,18-24,Canada,0,1,1,0,0
u_001139,2026-04-01,creator,18-24,US,1,0,1,1,0
u_001140,2026-04-08,search,18-24,US,1,0,1,1,1
u_001141,2026-04-01,search,18-24,Canada,0,1,1,1,0
u_001142,2026-04-28,referral,18-24,US,1,0,0,1,0
u_001143,2026-05-01,tiktok,18-24,Other,1,0,0,0,0
u_001144,2026-04-28,tiktok,35-44,US,1,0,0,0,0
u_001145,2026-04-04,instagram,35-44,US,0,1,1,1,0
u_001146,2026-04-27,organic,45+,US,1,0,1,1,0
u_001147,2026-04-17,tiktok,45+,Australia,1,0,0,1,0
u_001148,2026-04-21,instagram,25-34,UK,1,1,0,0,0
u_001149,2026-04-01,tiktok,25-34,US,1,1,1,1,0
u_001150,2026-04-28,tiktok,18-24,US,1,1,0,1,0
u_001151,2026-04-09,tiktok,18-24,US,0,1,0,0,0
u_001152,2026-04-23,instagram,18-24,US,1,1,0,0,0
u_001153,2026-04-03,campus,18-24,US,1,1,0,1,0
u_001154,2026-04-07,tiktok,25-34,Other,1,1,0,0,0
u_001155,2026-04-03,instagram,35-44,US,1,1,0,0,0
u_001156,2026-04-17,organic,25-34,UK,1,1,1,0,0
u_001157,2026-04-18,organic,25-34,US,1,0,1,1,0
u_001158,2026-04-14,referral,35-44,US,0,1,1,1,0
u_001159,2026-04-14,search,18-24,US,1,0,1,0,0
u_001160,2026-04-23,referral,25-34,Other,1,1,1,1,1
u_001161,2026-04-29,tiktok,25-34,US,0,1,1,0,0
u_001162,2026-04-05,instagram,18-24,US,1,0,1,0,0
u_001163,2026-04-26,tiktok,18-24,US,1,0,1,0,0
u_001164,2026-05-01,organic,18-24,US,1,0,1,1,0
u_001165,2026-04-16,instagram,25-34,US,0,1,0,1,0
u_001166,2026-04-21,organic,25-34,US,0,1,0,1,0
u_001167,2026-04-18,tiktok,18-24,US,0,1,0,0,0
u_001168,2026-04-08,search,18-24,UK,1,0,1,1,1
u_001169,2026-04-23,referral,25-34,US,1,1,1,1,0
u_001170,2026-04-19,organic,18-24,US,1,1,1,0,0
u_001171,2026-04-24,search,18-24,Other,1,0,1,0,0
u_001172,2026-04-15,referral,18-24,US,1,1,1,1,0
u_001173,2026-04-17,creator,25-34,UK,1,1,1,1,0
u_001174,2026-04-18,search,35-44,US,1,0,0,1,0
u_001175,2026-04-08,organic,18-24,Other,0,1,0,1,0
u_001176,2026-04-30,referral,18-24,US,1,1,0,0,0
u_001177,2026-04-08,instagram,25-34,US,0,1,1,0,0
u_001178,2026-04-19,search,25-34,US,1,1,1,0,0
u_001179,2026-04-04,referral,25-34,UK,1,0,1,1,0
u_001180,2026-04-17,search,35-44,US,1,0,1,1,0
u_001181,2026-04-01,creator,18-24,US,1,1,0,1,0
u_001182,2026-04-22,campus,18-24,Canada,0,1,0,0,0
u_001183,2026-04-30,instagram,18-24,Canada,1,1,1,0,0
u_001184,2026-05-01,instagram,25-34,US,1,0,1,1,0
u_001185,2026-04-10,tiktok,25-34,US,1,0,0,0,0
u_001186,2026-04-26,tiktok,45+,Australia,1,1,1,0,0
u_001187,2026-04-14,referral,25-34,Other,1,0,0,1,0
u_001188,2026-04-25,referral,25-34,Australia,1,0,0,0,0
u_001189,2026-04-17,instagram,25-34,Other,0,1,1,1,0
u_001190,2026-04-10,tiktok,18-24,Australia,1,1,0,1,0
u_001191,2026-04-02,search,18-24,US,0,1,1,0,0
u_001192,2026-04-21,organic,18-24,US,1,0,1,0,0
u_001193,2026-04-17,tiktok,35-44,US,1,0,1,1,0
u_001194,2026-04-16,search,18-24,US,1,0,1,0,0
u_001195,2026-04-15,tiktok,18-24,Canada,1,0,0,1,0
u_001196,2026-04-11,organic,18-24,US,0,1,0,0,0
u_001197,2026-04-27,tiktok,25-34,US,0,1,0,1,0
u_001198,2026-04-26,organic,25-34,US,1,1,0,0,0
u_001199,2026-04-04,campus,18-24,US,0,1,1,0,0
u_001200,2026-04-03,organic,18-24,US,1,0,1,1,0
u_001201,2026-04-20,tiktok,25-34,US,0,1,0,1,0
u_001202,2026-04-06,campus,18-24,US,0,1,1,0,0
u_001203,2026-04-14,creator,18-24,US,0,1,0,0,1
u_001204,2026-04-03,tiktok,18-24,US,0,1,0,0,0
u_001205,2026-04-01,organic,18-24,US,0,1,1,0,0
u_001206,2026-04-09,organic,25-34,Australia,1,1,0,0,0
u_001207,2026-04-07,tiktok,25-34,Canada,1,0,1,0,0
u_001208,2026-04-12,creator,18-24,US,0,1,1,0,1
u_001209,2026-04-23,instagram,18-24,US,0,1,0,0,0
u_001210,2026-04-01,organic,25-34,US,1,0,1,1,0
u_001211,2026-04-22,tiktok,18-24,US,1,0,0,1,0
u_001212,2026-04-12,campus,25-34,US,0,1,0,0,1
u_001213,2026-04-02,instagram,45+,US,1,1,1,0,0
u_001214,2026-04-15,tiktok,18-24,Other,0,1,1,0,0
u_001215,2026-04-19,referral,45+,US,1,0,0,1,0
u_001216,2026-04-24,tiktok,35-44,Canada,1,0,0,1,1
u_001217,2026-04-04,organic,35-44,US,0,1,0,1,0
u_001218,2026-04-11,organic,25-34,US,1,0,1,1,0
u_001219,2026-04-03,campus,25-34,US,1,0,0,0,0
u_001220,2026-04-27,campus,25-34,US,0,1,0,0,0
u_001221,2026-04-18,creator,25-34,US,1,1,0,0,0
u_001222,2026-04-07,campus,45+,Canada,0,1,0,0,0
u_001223,2026-04-11,instagram,18-24,US,0,1,0,0,0
u_001224,2026-04-15,organic,18-24,US,0,1,0,0,0
u_001225,2026-04-26,search,18-24,Canada,1,1,1,1,0
u_001226,2026-04-27,instagram,35-44,Canada,1,0,1,1,0
u_001227,2026-04-22,campus,18-24,Canada,1,1,1,1,0
u_001228,2026-04-15,organic,45+,US,1,0,0,1,0
u_001229,2026-04-15,search,18-24,US,0,1,0,1,1
u_001230,2026-04-08,campus,18-24,US,1,0,1,1,1
u_001231,2026-04-30,campus,25-34,Canada,0,1,0,1,0
u_001232,2026-05-01,organic,18-24,US,0,1,1,0,0
u_001233,2026-04-11,search,25-34,Other,1,1,1,0,0
u_001234,2026-04-14,tiktok,18-24,US,1,1,1,0,0
u_001235,2026-04-25,tiktok,25-34,US,0,1,0,0,0
u_001236,2026-04-13,organic,18-24,Other,1,0,1,1,0
u_001237,2026-04-09,organic,18-24,Other,0,1,0,0,0
u_001238,2026-04-25,organic,35-44,US,1,1,1,1,0
u_001239,2026-04-25,creator,25-34,US,0,1,1,0,0
u_001240,2026-04-26,referral,25-34,US,1,1,1,1,0
u_001241,2026-04-10,organic,18-24,Australia,1,1,0,1,0
u_001242,2026-04-11,referral,25-34,Other,1,0,1,0,0
u_001243,2026-04-25,referral,18-24,US,1,1,0,0,0
u_001244,2026-04-15,search,25-34,US,1,1,1,1,0
u_001245,2026-04-26,tiktok,25-34,US,1,0,0,1,0
u_001246,2026-04-04,referral,35-44,US,1,1,1,1,1
u_001247,2026-04-16,organic,18-24,US,0,1,1,1,0
u_001248,2026-04-11,instagram,18-24,US,1,0,0,1,1
u_001249,2026-04-02,instagram,25-34,Other,0,1,1,1,0
u_001250,2026-04-11,campus,25-34,US,1,0,0,1,0
u_001251,2026-04-11,search,45+,US,0,1,1,0,0
u_001252,2026-04-17,instagram,25-34,US,0,1,0,0,0
u_001253,2026-04-28,organic,18-24,US,0,1,0,1,0
u_001254,2026-04-13,search,18-24,US,1,0,1,1,1
u_001255,2026-04-18,organic,35-44,US,0,1,0,0,0
u_001256,2026-04-30,creator,25-34,US,0,1,0,0,0
u_001257,2026-04-09,instagram,25-34,US,0,1,1,0,0
u_001258,2026-05-01,instagram,18-24,US,0,1,1,0,0
u_001259,2026-04-12,tiktok,18-24,US,0,1,0,0,1
u_001260,2026-04-17,creator,18-24,US,0,1,0,0,0
u_001261,2026-04-26,referral,35-44,US,1,1,1,0,0
u_001262,2026-04-09,campus,18-24,US,1,0,0,0,1
u_001263,2026-04-24,search,25-34,Other,1,1,0,1,1
u_001264,2026-04-05,organic,25-34,US,1,1,0,0,0
u_001265,2026-04-21,search,25-34,US,0,1,0,1,0
u_001266,2026-05-01,tiktok,35-44,Canada,0,1,0,1,0
u_001267,2026-04-17,organic,18-24,Canada,0,1,1,1,1
u_001268,2026-04-06,instagram,25-34,Other,1,0,0,1,0
u_001269,2026-04-11,campus,18-24,US,1,0,1,1,0
u_001270,2026-04-13,referral,18-24,US,1,0,1,1,0
u_001271,2026-04-13,tiktok,45+,Canada,0,1,1,1,0
u_001272,2026-04-20,organic,18-24,Other,0,1,0,0,0
u_001273,2026-04-04,search,18-24,Canada,1,0,1,1,0
u_001274,2026-04-13,creator,35-44,Other,1,0,1,1,0
u_001275,2026-04-07,tiktok,18-24,Other,0,1,1,0,0
u_001276,2026-04-18,tiktok,25-34,US,0,1,1,1,0
u_001277,2026-04-30,instagram,25-34,US,1,0,0,1,0
u_001278,2026-04-18,campus,18-24,Other,1,1,1,1,0
u_001279,2026-04-13,creator,18-24,US,0,1,0,1,0
u_001280,2026-04-22,search,18-24,US,1,0,1,0,0
u_001281,2026-04-03,campus,25-34,UK,1,0,0,0,0
u_001282,2026-04-17,organic,18-24,Australia,0,1,1,1,1
u_001283,2026-04-06,organic,35-44,US,1,0,1,0,0
u_001284,2026-04-17,organic,18-24,US,0,1,0,0,0
u_001285,2026-04-04,referral,35-44,UK,0,1,0,0,0
u_001286,2026-04-05,tiktok,18-24,US,0,1,1,1,0
u_001287,2026-04-27,referral,18-24,US,1,0,1,0,0
u_001288,2026-04-14,search,45+,US,1,0,1,1,1
u_001289,2026-04-18,organic,18-24,US,0,1,0,0,0
u_001290,2026-04-20,campus,18-24,US,0,1,0,0,0
u_001291,2026-04-09,organic,25-34,US,1,1,1,1,1
u_001292,2026-04-22,instagram,18-24,US,1,0,1,1,0
u_001293,2026-04-05,referral,25-34,US,1,0,1,1,0
u_001294,2026-04-19,organic,45+,Australia,1,1,1,0,0
u_001295,2026-04-02,campus,25-34,US,1,0,1,1,1
u_001296,2026-04-04,tiktok,35-44,US,0,1,0,0,0
u_001297,2026-04-15,organic,18-24,US,0,1,0,0,0
u_001298,2026-04-04,search,18-24,US,0,1,1,1,0
u_001299,2026-04-18,tiktok,25-34,Canada,1,1,0,1,0
u_001300,2026-04-07,creator,18-24,US,1,0,1,1,0
u_001301,2026-04-23,instagram,35-44,US,0,1,1,1,0
u_001302,2026-04-30,instagram,45+,UK,1,1,1,0,0
u_001303,2026-04-24,organic,45+,US,0,1,1,1,0
u_001304,2026-04-23,campus,25-34,Other,1,1,0,0,0
u_001305,2026-04-08,referral,18-24,UK,1,0,1,1,0
u_001306,2026-04-02,tiktok,35-44,US,1,0,0,1,0
u_001307,2026-04-14,tiktok,18-24,Other,1,1,1,0,0
u_001308,2026-04-22,campus,18-24,US,1,1,0,1,0
u_001309,2026-04-20,organic,18-24,US,0,1,0,1,0
u_001310,2026-04-07,tiktok,18-24,Other,1,0,1,0,0
u_001311,2026-04-05,tiktok,18-24,US,1,1,1,1,1
u_001312,2026-04-26,tiktok,18-24,Canada,1,0,1,1,0
u_001313,2026-04-17,search,18-24,UK,0,1,1,0,0
u_001314,2026-04-05,tiktok,18-24,US,0,1,1,1,0
u_001315,2026-04-12,referral,35-44,US,0,1,1,0,0
u_001316,2026-04-20,search,25-34,US,1,0,0,1,0
u_001317,2026-04-09,instagram,18-24,Canada,0,1,0,0,0
u_001318,2026-04-03,tiktok,18-24,US,1,1,1,1,0
u_001319,2026-04-29,organic,18-24,US,1,0,0,0,0
u_001320,2026-04-16,organic,18-24,Other,1,1,1,0,0
u_001321,2026-04-29,tiktok,25-34,US,1,0,1,1,0
u_001322,2026-04-09,tiktok,35-44,US,0,1,0,0,0
u_001323,2026-04-27,referral,25-34,US,1,1,0,1,0
u_001324,2026-04-04,referral,18-24,US,1,1,0,0,0
u_001325,2026-04-30,organic,25-34,US,0,1,0,0,0
u_001326,2026-04-26,creator,25-34,US,1,0,1,0,0
u_001327,2026-04-29,organic,18-24,US,1,0,1,0,0
u_001328,2026-04-03,tiktok,25-34,US,1,1,0,0,0
u_001329,2026-04-02,search,18-24,Other,0,1,1,1,0
u_001330,2026-04-10,instagram,18-24,Other,1,0,0,0,0
u_001331,2026-04-12,search,25-34,Other,1,0,0,0,0
u_001332,2026-05-01,instagram,18-24,US,1,1,1,1,0
u_001333,2026-04-23,instagram,18-24,US,1,0,1,1,0
u_001334,2026-04-26,referral,25-34,US,1,0,0,0,0
u_001335,2026-04-21,referral,25-34,US,1,1,1,0,0
u_001336,2026-04-10,referral,18-24,Other,1,0,1,1,0
u_001337,2026-04-23,tiktok,18-24,US,0,1,0,0,0
u_001338,2026-04-12,campus,25-34,Other,1,1,1,1,0
u_001339,2026-04-08,search,18-24,US,0,1,0,1,0
u_001340,2026-04-25,search,18-24,Other,1,1,0,0,0
u_001341,2026-04-30,referral,35-44,US,1,1,1,1,0
u_001342,2026-04-11,campus,18-24,Canada,1,0,0,0,0
u_001343,2026-04-16,referral,25-34,US,1,0,1,1,0
u_001344,2026-04-27,referral,35-44,US,0,1,0,0,0
u_001345,2026-04-16,organic,18-24,UK,1,0,1,1,0
u_001346,2026-05-01,tiktok,18-24,US,0,1,0,0,0
u_001347,2026-04-26,organic,18-24,US,1,0,1,0,0
u_001348,2026-04-23,referral,35-44,US,1,1,1,0,0
u_001349,2026-04-05,instagram,18-24,Other,0,1,0,0,0
u_001350,2026-04-23,campus,25-34,Australia,1,1,0,1,0
u_001351,2026-05-01,campus,18-24,US,1,1,1,1,0
u_001352,2026-04-05,tiktok,18-24,US,1,0,1,0,0
u_001353,2026-04-06,organic,18-24,US,1,0,0,0,0
u_001354,2026-04-24,tiktok,18-24,Canada,1,0,1,0,0
u_001355,2026-04-29,creator,18-24,Other,1,0,1,1,0
u_001356,2026-04-05,instagram,25-34,US,1,0,1,0,0
u_001357,2026-04-16,tiktok,35-44,US,0,1,1,0,0
u_001358,2026-04-17,instagram,25-34,US,1,1,0,1,0
u_001359,2026-04-14,tiktok,18-24,US,1,0,1,1,0
u_001360,2026-04-22,search,18-24,US,1,1,1,0,0
u_001361,2026-04-03,organic,18-24,US,1,0,1,1,0
u_001362,2026-04-22,campus,18-24,US,1,1,1,1,0
u_001363,2026-04-30,organic,25-34,US,0,1,1,0,0
u_001364,2026-04-05,search,25-34,US,1,0,1,1,0
u_001365,2026-04-15,referral,25-34,US,0,1,1,0,0
u_001366,2026-04-22,search,25-34,US,0,1,0,0,0
u_001367,2026-04-29,campus,18-24,US,1,0,1,1,0
u_001368,2026-04-14,creator,35-44,Canada,1,1,1,0,0
u_001369,2026-04-18,instagram,18-24,US,0,1,0,0,0
u_001370,2026-04-08,search,18-24,US,1,0,1,0,0
u_001371,2026-04-21,referral,18-24,UK,1,1,1,1,0
u_001372,2026-04-21,creator,25-34,Other,1,0,0,1,0
u_001373,2026-04-21,tiktok,18-24,US,1,1,0,1,0
u_001374,2026-04-15,organic,18-24,US,0,1,1,1,0
u_001375,2026-04-15,organic,18-24,UK,0,1,1,1,0
u_001376,2026-04-03,organic,18-24,US,1,0,1,1,0
u_001377,2026-04-16,organic,18-24,Canada,1,0,0,1,0
u_001378,2026-04-09,instagram,18-24,US,1,1,1,1,0
u_001379,2026-04-08,instagram,45+,US,0,1,0,0,0
u_001380,2026-04-23,instagram,18-24,US,0,1,1,0,0
u_001381,2026-04-07,referral,18-24,Other,0,1,1,0,0
u_001382,2026-04-14,organic,35-44,US,0,1,1,0,0
u_001383,2026-04-14,organic,18-24,US,1,0,1,1,0
u_001384,2026-04-25,organic,25-34,UK,1,1,1,1,1
u_001385,2026-04-15,referral,25-34,US,0,1,0,0,0
u_001386,2026-04-17,campus,18-24,Canada,0,1,0,0,0
u_001387,2026-04-07,organic,25-34,Canada,0,1,0,1,0
u_001388,2026-04-29,search,18-24,Canada,1,0,1,1,0
u_001389,2026-04-19,instagram,18-24,Other,1,1,0,1,0
u_001390,2026-04-07,referral,35-44,Other,1,0,0,0,0
u_001391,2026-05-01,instagram,18-24,US,1,1,0,0,0
u_001392,2026-04-25,referral,25-34,US,1,1,1,1,0
u_001393,2026-04-05,search,25-34,US,1,0,1,1,0
u_001394,2026-04-16,organic,18-24,US,1,0,1,1,0
u_001395,2026-04-15,instagram,18-24,US,0,1,0,0,0
u_001396,2026-04-08,tiktok,35-44,US,1,0,1,1,1
u_001397,2026-04-25,tiktok,35-44,US,0,1,0,0,0
u_001398,2026-04-11,organic,18-24,US,0,1,0,1,0
u_001399,2026-04-04,instagram,25-34,US,1,1,0,0,0
u_001400,2026-04-20,referral,25-34,US,0,1,1,0,0
u_001401,2026-04-12,tiktok,18-24,US,0,1,0,0,0
u_001402,2026-05-01,instagram,18-24,US,1,1,1,1,0
u_001403,2026-04-05,organic,18-24,US,1,0,1,1,0
u_001404,2026-04-17,referral,18-24,Australia,0,1,1,0,0
u_001405,2026-04-30,instagram,18-24,US,1,0,1,1,0
u_001406,2026-04-03,organic,18-24,US,1,0,0,0,0
u_001407,2026-04-11,organic,25-34,US,1,0,0,1,1
u_001408,2026-04-09,campus,18-24,Canada,0,1,1,0,0
u_001409,2026-04-14,search,18-24,US,1,1,0,0,0
u_001410,2026-04-09,instagram,18-24,US,0,1,1,0,0
u_001411,2026-04-03,organic,18-24,US,0,1,1,0,1
u_001412,2026-04-12,search,18-24,US,0,1,0,0,0
u_001413,2026-04-06,tiktok,18-24,Canada,1,0,1,1,0
u_001414,2026-04-07,referral,25-34,US,1,0,1,1,0
u_001415,2026-04-09,referral,18-24,US,1,0,0,1,0
u_001416,2026-04-01,creator,35-44,US,1,1,1,0,0
u_001417,2026-04-08,search,18-24,US,1,0,1,0,0
u_001418,2026-05-01,search,35-44,US,0,1,1,0,0
u_001419,2026-04-20,referral,18-24,US,0,1,1,1,0
u_001420,2026-04-08,search,18-24,US,0,1,0,0,0
u_001421,2026-04-25,organic,18-24,Other,1,0,1,1,1
u_001422,2026-04-12,instagram,35-44,US,1,1,1,0,0
u_001423,2026-04-06,instagram,18-24,US,0,1,1,0,0
u_001424,2026-04-29,referral,18-24,US,0,1,0,0,0
u_001425,2026-04-22,creator,25-34,US,0,1,0,1,0
u_001426,2026-04-17,referral,25-34,US,1,0,1,0,0
u_001427,2026-04-23,search,18-24,US,1,0,0,0,0
u_001428,2026-04-21,tiktok,18-24,US,1,0,1,1,0
u_001429,2026-04-28,tiktok,25-34,US,0,1,1,0,0
u_001430,2026-04-02,tiktok,18-24,US,1,0,1,0,0
u_001431,2026-04-30,referral,18-24,US,1,0,0,0,0
u_001432,2026-04-11,search,35-44,US,0,1,0,0,1
u_001433,2026-05-01,campus,35-44,US,0,1,0,0,0
u_001434,2026-04-27,tiktok,18-24,US,1,0,1,1,0
u_001435,2026-04-25,organic,25-34,US,1,0,1,1,0
u_001436,2026-04-20,organic,18-24,US,0,1,0,0,0
u_001437,2026-04-26,search,18-24,US,0,1,1,0,0
u_001438,2026-04-22,instagram,25-34,US,0,1,0,0,0
u_001439,2026-04-28,tiktok,18-24,US,0,1,0,0,0
u_001440,2026-04-21,campus,18-24,US,1,1,1,0,0
u_001441,2026-04-15,referral,18-24,US,1,0,1,1,0
u_001442,2026-04-24,tiktok,25-34,US,1,0,1,1,0
u_001443,2026-04-04,organic,18-24,Canada,0,1,1,1,0
u_001444,2026-04-27,creator,18-24,Australia,1,0,1,1,0
u_001445,2026-04-10,referral,18-24,US,0,1,1,0,0
u_001446,2026-04-23,creator,25-34,US,1,0,0,1,1
u_001447,2026-04-07,instagram,35-44,Canada,1,1,1,1,0
u_001448,2026-04-30,search,25-34,US,1,0,1,1,0
u_001449,2026-04-27,organic,18-24,US,0,1,1,0,0
u_001450,2026-05-01,instagram,18-24,US,1,0,0,0,0
u_001451,2026-04-22,campus,35-44,Canada,1,1,0,0,0
u_001452,2026-04-10,campus,25-34,US,1,0,0,0,0
u_001453,2026-04-28,search,18-24,US,1,0,1,1,1
u_001454,2026-04-03,organic,35-44,UK,1,0,0,1,0
u_001455,2026-04-08,organic,25-34,US,1,0,0,0,0
u_001456,2026-04-24,creator,25-34,US,1,0,1,0,0
u_001457,2026-05-01,tiktok,25-34,Australia,0,1,0,1,0
u_001458,2026-04-23,tiktok,18-24,US,1,0,1,1,0
u_001459,2026-04-12,referral,18-24,US,1,1,1,1,0
u_001460,2026-04-04,organic,18-24,US,0,1,0,0,1
u_001461,2026-04-15,creator,25-34,US,0,1,0,0,0
u_001462,2026-04-19,search,25-34,US,0,1,0,0,1
u_001463,2026-04-01,organic,25-34,US,0,1,1,1,0
u_001464,2026-04-16,organic,25-34,Other,1,0,1,0,0
u_001465,2026-04-29,search,18-24,US,1,1,0,1,1
u_001466,2026-04-13,organic,25-34,Australia,1,1,0,0,0
u_001467,2026-04-11,referral,18-24,Canada,0,1,0,1,0
u_001468,2026-04-05,organic,18-24,US,1,1,0,1,0
u_001469,2026-05-01,tiktok,18-24,US,1,0,0,0,0
u_001470,2026-04-16,campus,25-34,US,1,0,1,0,0
u_001471,2026-04-16,tiktok,18-24,US,1,1,1,1,0
u_001472,2026-04-12,referral,25-34,US,1,0,0,1,1
u_001473,2026-04-10,referral,18-24,Australia,1,0,0,1,0
u_001474,2026-04-04,search,25-34,US,1,1,1,1,0
u_001475,2026-04-17,campus,18-24,US,1,1,1,1,0
u_001476,2026-04-18,referral,18-24,US,1,1,0,1,1
u_001477,2026-04-01,instagram,25-34,US,1,0,0,1,1
u_001478,2026-04-13,organic,25-34,US,0,1,0,0,0
u_001479,2026-04-15,search,45+,Other,1,0,0,1,0
u_001480,2026-04-12,instagram,25-34,US,1,1,0,0,0
u_001481,2026-04-30,instagram,18-24,US,0,1,0,0,0
u_001482,2026-04-04,campus,25-34,US,1,0,1,0,0
u_001483,2026-04-19,search,25-34,US,1,0,1,1,0
u_001484,2026-04-17,instagram,18-24,Other,1,1,0,0,0
u_001485,2026-04-14,tiktok,18-24,US,0,1,1,1,0
u_001486,2026-04-22,organic,18-24,US,0,1,1,0,1
u_001487,2026-04-25,organic,35-44,US,1,0,1,1,0
u_001488,2026-04-20,campus,18-24,US,1,0,1,0,1
u_001489,2026-04-26,tiktok,25-34,Other,0,1,1,0,0
u_001490,2026-04-03,referral,18-24,US,1,0,1,1,0
u_001491,2026-04-21,search,18-24,Canada,1,0,0,1,0
u_001492,2026-04-11,instagram,18-24,UK,1,0,1,1,0
u_001493,2026-04-28,referral,18-24,US,1,1,0,0,0
u_001494,2026-04-26,campus,35-44,Australia,0,1,1,0,0
u_001495,2026-04-22,search,18-24,US,0,1,0,0,0
u_001496,2026-04-18,referral,25-34,US,1,1,0,0,0
u_001497,2026-04-08,organic,18-24,Canada,0,1,0,0,0
u_001498,2026-04-23,creator,35-44,UK,1,0,1,0,0
u_001499,2026-04-07,creator,18-24,Other,0,1,0,0,0
u_001500,2026-04-16,referral,35-44,US,1,1,1,0,0
u_001501,2026-04-29,creator,25-34,US,0,1,0,0,0
u_001502,2026-04-28,search,25-34,US,1,1,1,1,0
u_001503,2026-04-04,organic,18-24,US,0,1,0,0,0
u_001504,2026-04-14,search,25-34,US,0,1,0,0,0
u_001505,2026-04-10,tiktok,18-24,Australia,1,1,1,1,1
u_001506,2026-04-26,referral,18-24,US,1,1,1,0,0
u_001507,2026-04-15,referral,18-24,UK,0,1,0,0,0
u_001508,2026-04-14,referral,35-44,US,1,0,0,0,0
u_001509,2026-04-10,instagram,18-24,US,1,1,1,0,0
u_001510,2026-04-09,referral,25-34,Canada,0,1,1,0,0
u_001511,2026-04-09,tiktok,18-24,US,1,1,1,1,0
u_001512,2026-04-07,tiktok,45+,US,0,1,0,0,0
u_001513,2026-04-21,organic,25-34,US,1,1,0,0,0
u_001514,2026-05-01,referral,35-44,US,0,1,1,0,0
u_001515,2026-04-08,organic,25-34,US,1,0,1,1,0
u_001516,2026-04-21,organic,18-24,Australia,1,1,0,1,0
u_001517,2026-04-09,creator,25-34,US,0,1,0,0,0
u_001518,2026-04-17,search,18-24,UK,0,1,1,0,0
u_001519,2026-04-01,instagram,45+,US,1,1,0,1,0
u_001520,2026-04-26,organic,18-24,US,0,1,1,0,0
u_001521,2026-04-04,referral,35-44,US,0,1,1,1,0
u_001522,2026-04-22,campus,25-34,Australia,0,1,0,0,0
u_001523,2026-04-06,tiktok,18-24,US,0,1,0,1,0
u_001524,2026-04-24,search,18-24,US,0,1,0,1,0
u_001525,2026-04-02,tiktok,45+,US,1,0,1,0,0
u_001526,2026-04-09,tiktok,25-34,US,0,1,0,0,0
u_001527,2026-04-30,organic,18-24,US,1,0,1,1,0
u_001528,2026-04-14,creator,18-24,US,1,1,0,1,0
u_001529,2026-04-16,organic,18-24,US,1,0,1,1,0
u_001530,2026-04-25,instagram,25-34,US,1,1,1,0,0
u_001531,2026-04-15,tiktok,25-34,UK,1,0,1,1,0
u_001532,2026-04-17,creator,25-34,US,0,1,0,0,0
u_001533,2026-04-08,creator,18-24,Australia,1,1,1,1,1
u_001534,2026-04-12,search,18-24,US,1,0,0,0,0
u_001535,2026-04-17,instagram,18-24,UK,1,0,1,0,0
u_001536,2026-04-07,organic,25-34,US,0,1,1,0,0
u_001537,2026-04-30,referral,25-34,US,1,1,1,0,0
u_001538,2026-04-02,creator,18-24,UK,0,1,0,1,0
u_001539,2026-04-13,instagram,18-24,US,1,1,1,1,0
u_001540,2026-04-26,instagram,25-34,Canada,0,1,0,0,0
u_001541,2026-04-09,search,25-34,Australia,0,1,0,0,1
u_001542,2026-04-25,campus,18-24,US,0,1,1,1,0
u_001543,2026-04-12,instagram,18-24,US,1,0,1,0,0
u_001544,2026-04-02,referral,25-34,US,1,0,0,1,0
u_001545,2026-04-22,organic,35-44,US,1,0,0,1,0
u_001546,2026-04-28,campus,25-34,US,0,1,0,0,0
u_001547,2026-04-10,creator,18-24,Other,1,1,1,0,0
u_001548,2026-04-29,organic,35-44,US,0,1,0,0,0
u_001549,2026-04-02,tiktok,18-24,US,1,1,1,1,0
u_001550,2026-04-02,referral,18-24,US,1,0,1,1,0
u_001551,2026-04-13,search,18-24,US,0,1,1,1,0
u_001552,2026-04-26,tiktok,45+,Australia,1,0,0,1,0
u_001553,2026-04-07,organic,18-24,Canada,1,1,0,0,0
u_001554,2026-04-16,search,18-24,US,1,0,0,1,0
u_001555,2026-04-04,organic,18-24,UK,1,1,1,1,1
u_001556,2026-04-28,search,18-24,US,1,0,0,0,0
u_001557,2026-04-11,organic,18-24,Other,1,0,1,1,0
u_001558,2026-04-23,organic,18-24,US,0,1,0,0,0
u_001559,2026-04-14,search,18-24,US,0,1,0,0,0
u_001560,2026-04-26,organic,18-24,US,0,1,0,0,0
u_001561,2026-04-30,organic,18-24,US,1,0,1,1,0
u_001562,2026-04-20,instagram,25-34,US,1,0,0,1,1
u_001563,2026-04-23,instagram,25-34,US,0,1,1,1,0
u_001564,2026-04-18,instagram,25-34,US,0,1,0,0,0
u_001565,2026-04-17,referral,35-44,Canada,1,0,0,0,0
u_001566,2026-04-07,tiktok,18-24,Canada,0,1,1,1,0
u_001567,2026-04-23,campus,18-24,UK,0,1,1,1,0
u_001568,2026-04-30,referral,18-24,US,1,0,0,1,1
u_001569,2026-04-28,tiktok,18-24,US,1,1,0,0,0
u_001570,2026-04-01,creator,18-24,US,0,1,1,0,0
u_001571,2026-04-29,tiktok,18-24,Other,1,1,1,1,0
u_001572,2026-04-07,instagram,18-24,US,1,1,1,1,0
u_001573,2026-04-26,creator,18-24,US,1,1,1,1,0
u_001574,2026-04-29,instagram,25-34,US,1,0,0,0,0
u_001575,2026-04-17,referral,18-24,US,0,1,0,0,0
u_001576,2026-04-25,instagram,18-24,US,1,1,0,0,0
u_001577,2026-04-14,search,18-24,US,1,1,0,0,0
u_001578,2026-04-15,tiktok,18-24,UK,0,1,1,0,0
u_001579,2026-04-02,tiktok,35-44,US,0,1,1,1,0
u_001580,2026-05-01,instagram,18-24,US,1,0,1,1,0
u_001581,2026-04-18,organic,25-34,US,1,0,1,0,0
u_001582,2026-04-03,tiktok,25-34,US,1,1,1,1,1
u_001583,2026-04-02,organic,18-24,US,1,1,0,1,0
u_001584,2026-04-28,tiktok,35-44,Other,1,0,0,0,0
u_001585,2026-04-20,instagram,35-44,US,1,1,0,0,0
u_001586,2026-04-01,referral,18-24,US,1,0,1,1,1
u_001587,2026-04-20,organic,35-44,US,1,0,1,1,0
u_001588,2026-04-11,campus,18-24,US,1,0,0,0,0
u_001589,2026-04-29,search,45+,US,1,0,0,0,0
u_001590,2026-04-06,tiktok,18-24,US,1,0,1,1,0
u_001591,2026-04-21,organic,25-34,Canada,0,1,1,1,0
u_001592,2026-04-20,organic,18-24,US,0,1,1,1,0
u_001593,2026-04-09,organic,35-44,US,1,0,0,0,0
u_001594,2026-04-02,referral,18-24,US,1,0,1,1,0
u_001595,2026-04-27,instagram,25-34,US,1,0,1,0,0
u_001596,2026-04-14,organic,18-24,US,1,0,1,1,0
u_001597,2026-04-16,tiktok,18-24,US,0,1,0,1,0
u_001598,2026-04-16,instagram,18-24,UK,1,1,0,0,0
u_001599,2026-04-22,organic,18-24,US,1,0,1,1,0
u_001600,2026-04-18,search,25-34,US,1,0,1,1,0
u_001601,2026-04-10,search,18-24,US,1,0,0,1,0
u_001602,2026-04-26,campus,25-34,US,1,0,0,1,1
u_001603,2026-04-02,instagram,18-24,US,1,0,1,1,0
u_001604,2026-04-03,campus,18-24,US,1,1,1,1,0
u_001605,2026-04-26,search,18-24,Canada,1,0,0,0,0
u_001606,2026-04-07,organic,25-34,US,0,1,1,0,0
u_001607,2026-04-01,organic,18-24,US,1,0,0,0,0
u_001608,2026-04-29,referral,18-24,US,0,1,1,0,0
u_001609,2026-04-01,tiktok,25-34,US,0,1,1,1,0
u_001610,2026-04-09,campus,18-24,US,0,1,0,0,0
u_001611,2026-04-30,instagram,18-24,US,0,1,0,0,0
u_001612,2026-04-07,search,25-34,Australia,1,0,0,1,0
u_001613,2026-04-29,tiktok,35-44,Other,0,1,0,0,0
u_001614,2026-04-17,tiktok,25-34,US,0,1,1,0,0
u_001615,2026-04-29,search,18-24,US,0,1,0,0,0
u_001616,2026-04-01,creator,18-24,Other,1,0,1,0,0
u_001617,2026-04-18,referral,18-24,Australia,1,0,1,1,0
u_001618,2026-04-22,creator,25-34,US,0,1,0,0,0
u_001619,2026-04-02,instagram,18-24,US,0,1,0,1,0
u_001620,2026-04-08,organic,35-44,US,1,0,1,1,0
u_001621,2026-04-05,creator,18-24,US,1,0,1,0,0
u_001622,2026-04-06,tiktok,18-24,Canada,1,0,1,1,0
u_001623,2026-04-29,referral,25-34,US,0,1,0,0,0
u_001624,2026-04-16,instagram,25-34,US,1,1,0,0,0
u_001625,2026-04-06,organic,35-44,Other,1,0,1,0,0
u_001626,2026-05-01,search,18-24,US,0,1,1,0,0
u_001627,2026-05-01,creator,18-24,US,0,1,1,0,0
u_001628,2026-04-18,organic,25-34,US,1,0,1,0,0
u_001629,2026-04-30,tiktok,18-24,US,1,1,1,1,0
u_001630,2026-04-21,referral,18-24,US,0,1,0,0,0
u_001631,2026-04-02,instagram,18-24,US,0,1,0,1,0
u_001632,2026-05-01,referral,18-24,Canada,1,1,1,0,0
u_001633,2026-04-06,campus,18-24,US,1,1,0,1,0
u_001634,2026-04-25,campus,18-24,Australia,0,1,1,1,0
u_001635,2026-04-30,search,18-24,US,0,1,1,0,0
u_001636,2026-04-01,organic,18-24,UK,1,1,1,1,0
u_001637,2026-04-08,referral,18-24,US,1,1,0,1,0
u_001638,2026-04-17,creator,18-24,US,1,1,0,0,1
u_001639,2026-04-17,organic,35-44,US,1,0,1,1,0
u_001640,2026-04-25,tiktok,25-34,US,1,1,0,0,0
u_001641,2026-04-13,tiktok,18-24,US,1,0,0,1,0
u_001642,2026-04-23,search,18-24,UK,1,0,0,0,0
u_001643,2026-04-04,tiktok,25-34,US,0,1,1,1,0
u_001644,2026-04-21,referral,18-24,Australia,0,1,0,0,0
u_001645,2026-04-05,referral,25-34,US,1,1,1,1,0
u_001646,2026-04-07,tiktok,18-24,Canada,0,1,1,0,0
u_001647,2026-04-06,tiktok,18-24,Canada,0,1,0,0,0
u_001648,2026-04-15,instagram,18-24,US,0,1,0,0,0
u_001649,2026-04-21,search,18-24,UK,1,0,1,0,0
u_001650,2026-04-07,organic,18-24,US,0,1,1,0,0
u_001651,2026-04-08,organic,18-24,US,1,1,1,1,0
u_001652,2026-04-07,referral,18-24,US,1,1,0,1,0
u_001653,2026-04-16,organic,45+,Australia,1,0,1,1,0
u_001654,2026-04-06,organic,35-44,US,1,0,1,0,0
u_001655,2026-04-21,creator,25-34,US,1,0,1,0,0
u_001656,2026-04-02,organic,25-34,US,0,1,0,0,0
u_001657,2026-04-15,referral,18-24,US,1,0,0,0,0
u_001658,2026-04-12,instagram,25-34,US,0,1,0,0,0
u_001659,2026-04-25,creator,35-44,US,0,1,0,0,0
u_001660,2026-05-01,tiktok,35-44,US,1,1,1,0,0
u_001661,2026-04-17,search,25-34,US,1,0,1,1,0
u_001662,2026-04-27,creator,18-24,US,1,1,1,0,0
u_001663,2026-04-27,organic,18-24,US,1,0,1,0,0
u_001664,2026-04-30,tiktok,18-24,Other,0,1,0,0,0
u_001665,2026-04-16,tiktok,35-44,US,0,1,1,0,0
u_001666,2026-04-14,referral,35-44,US,1,0,0,0,0
u_001667,2026-04-12,organic,25-34,UK,0,1,0,1,1
u_001668,2026-04-16,search,35-44,UK,0,1,1,0,0
u_001669,2026-04-16,campus,18-24,US,1,1,0,0,0
u_001670,2026-04-22,organic,18-24,US,0,1,1,0,0
u_001671,2026-04-02,instagram,18-24,US,0,1,0,0,0
u_001672,2026-04-08,campus,25-34,US,1,1,1,1,0
u_001673,2026-04-02,search,18-24,US,0,1,1,0,0
u_001674,2026-04-26,organic,18-24,US,1,1,1,0,0
u_001675,2026-04-30,organic,25-34,US,1,1,1,0,0
u_001676,2026-04-27,organic,18-24,US,0,1,1,1,0
u_001677,2026-04-28,instagram,18-24,UK,1,0,0,0,0
u_001678,2026-04-16,instagram,18-24,US,1,1,1,0,0
u_001679,2026-04-15,search,18-24,US,0,1,1,0,0
u_001680,2026-04-21,tiktok,25-34,US,1,0,1,0,0
u_001681,2026-04-15,instagram,35-44,US,0,1,0,0,0
u_001682,2026-04-04,organic,18-24,Other,0,1,0,0,0
u_001683,2026-04-28,referral,25-34,US,1,1,1,1,0
u_001684,2026-04-17,search,35-44,US,1,1,0,0,0
u_001685,2026-04-23,instagram,35-44,US,1,0,1,1,0
u_001686,2026-04-28,search,18-24,US,1,1,0,0,0
u_001687,2026-04-09,search,18-24,Canada,1,0,1,1,0
u_001688,2026-04-13,organic,18-24,US,0,1,1,0,0
u_001689,2026-04-17,tiktok,18-24,US,1,0,0,1,0
u_001690,2026-04-22,referral,18-24,Canada,0,1,1,0,0
u_001691,2026-04-08,tiktok,18-24,US,1,0,1,1,1
u_001692,2026-04-17,campus,45+,US,1,0,1,0,0
u_001693,2026-04-06,campus,18-24,US,0,1,1,1,0
u_001694,2026-04-08,referral,25-34,US,0,1,1,0,0
u_001695,2026-04-17,organic,45+,US,0,1,1,0,0
u_001696,2026-04-17,organic,18-24,US,1,0,1,1,0
u_001697,2026-04-14,creator,18-24,US,0,1,0,1,0
u_001698,2026-04-12,tiktok,18-24,US,1,0,1,0,1
u_001699,2026-04-27,tiktok,45+,US,1,0,0,1,1
u_001700,2026-04-19,search,25-34,US,0,1,0,0,0
u_001701,2026-04-10,search,18-24,US,1,0,0,0,0
u_001702,2026-04-13,tiktok,25-34,UK,1,0,0,0,0
u_001703,2026-05-01,tiktok,25-34,UK,1,0,1,1,0
u_001704,2026-04-10,instagram,18-24,Other,1,0,0,0,0
u_001705,2026-04-03,search,18-24,US,1,1,1,0,0
u_001706,2026-04-02,referral,18-24,Other,1,1,0,0,0
u_001707,2026-04-05,referral,18-24,US,1,0,1,1,0
u_001708,2026-04-03,campus,18-24,US,1,0,1,1,0
u_001709,2026-05-01,search,35-44,Other,1,0,1,1,0
u_001710,2026-04-25,tiktok,35-44,US,1,1,1,1,0
u_001711,2026-04-06,tiktok,45+,Canada,1,0,0,1,0
u_001712,2026-04-03,instagram,25-34,US,0,1,1,0,0
u_001713,2026-04-18,tiktok,18-24,US,0,1,0,1,0
u_001714,2026-04-09,tiktok,18-24,US,0,1,0,0,0
u_001715,2026-04-03,organic,18-24,US,0,1,0,1,0
u_001716,2026-04-25,creator,25-34,US,0,1,1,1,0
u_001717,2026-04-30,organic,18-24,US,0,1,0,0,0
u_001718,2026-05-01,search,18-24,US,0,1,0,0,0
u_001719,2026-04-25,creator,35-44,US,1,0,0,0,0
u_001720,2026-04-18,campus,25-34,US,1,1,0,0,0
u_001721,2026-04-15,instagram,35-44,US,1,1,0,1,0
u_001722,2026-04-07,tiktok,18-24,US,1,1,1,1,0
u_001723,2026-04-21,creator,18-24,US,1,0,1,0,0
u_001724,2026-04-27,campus,25-34,US,0,1,1,0,0
u_001725,2026-04-11,referral,45+,US,0,1,0,0,0
u_001726,2026-04-26,instagram,18-24,US,1,0,1,1,0
u_001727,2026-04-08,organic,18-24,US,0,1,0,0,0
u_001728,2026-04-24,referral,35-44,US,0,1,0,0,0
u_001729,2026-04-20,tiktok,18-24,US,1,0,1,1,0
u_001730,2026-05-01,tiktok,18-24,UK,1,1,1,0,0
u_001731,2026-04-03,campus,18-24,US,1,0,0,1,1
u_001732,2026-04-10,search,18-24,US,1,0,1,1,0
u_001733,2026-04-06,referral,18-24,UK,1,0,1,1,0
u_001734,2026-04-12,organic,18-24,UK,0,1,0,0,0
u_001735,2026-04-22,tiktok,18-24,US,1,0,1,1,0
u_001736,2026-04-22,creator,18-24,US,1,1,1,1,1
u_001737,2026-04-16,organic,25-34,US,1,0,0,0,0
u_001738,2026-04-09,instagram,18-24,Other,1,0,1,1,1
u_001739,2026-04-30,organic,18-24,US,1,0,0,1,0
u_001740,2026-04-28,search,25-34,US,0,1,0,0,0
u_001741,2026-04-03,instagram,25-34,Other,0,1,0,1,0
u_001742,2026-04-22,organic,25-34,US,1,0,0,1,0
u_001743,2026-04-25,creator,35-44,US,1,0,1,1,0
u_001744,2026-04-04,tiktok,25-34,US,0,1,0,0,0
u_001745,2026-04-23,search,35-44,US,1,0,0,0,0
u_001746,2026-04-23,search,25-34,US,0,1,0,1,0
u_001747,2026-04-30,organic,35-44,US,1,1,1,0,1
u_001748,2026-04-10,search,18-24,US,0,1,0,0,0
u_001749,2026-04-04,instagram,45+,US,0,1,0,0,0
u_001750,2026-04-26,tiktok,25-34,US,1,1,1,1,0
u_001751,2026-05-01,organic,35-44,Canada,1,1,1,1,0
u_001752,2026-04-09,tiktok,18-24,Canada,1,1,1,0,0
u_001753,2026-04-23,organic,18-24,US,0,1,1,0,1
u_001754,2026-04-24,creator,18-24,US,1,0,0,1,0
u_001755,2026-04-07,referral,18-24,Other,0,1,0,1,0
u_001756,2026-04-06,referral,18-24,Other,1,1,0,0,0
u_001757,2026-04-30,instagram,25-34,US,1,0,1,0,0
u_001758,2026-04-24,referral,18-24,US,0,1,0,0,0
u_001759,2026-04-01,instagram,18-24,US,1,0,1,1,1
u_001760,2026-04-12,tiktok,18-24,UK,1,1,1,0,0
u_001761,2026-04-14,organic,18-24,US,0,1,1,1,0
u_001762,2026-04-29,organic,18-24,US,0,1,0,0,0
u_001763,2026-04-11,referral,18-24,US,1,0,1,0,0
u_001764,2026-04-05,organic,45+,US,1,0,1,0,0
u_001765,2026-04-27,tiktok,18-24,Other,1,0,1,0,0
u_001766,2026-04-17,organic,25-34,US,1,1,1,0,0
u_001767,2026-04-03,tiktok,45+,UK,1,0,1,1,0
u_001768,2026-04-06,referral,35-44,US,1,1,1,1,0
u_001769,2026-04-16,referral,18-24,Australia,1,1,1,0,0
u_001770,2026-04-24,referral,18-24,Canada,1,1,1,1,1
u_001771,2026-04-23,instagram,18-24,US,1,0,1,1,0
u_001772,2026-04-30,creator,18-24,US,1,0,1,0,0
u_001773,2026-04-25,referral,18-24,US,1,0,0,0,1
u_001774,2026-04-21,search,18-24,US,1,1,0,1,0
u_001775,2026-04-21,referral,18-24,US,1,0,0,0,0
u_001776,2026-04-17,search,35-44,US,0,1,0,0,0
u_001777,2026-04-19,organic,18-24,US,0,1,1,0,0
u_001778,2026-04-02,tiktok,18-24,Australia,0,1,0,0,0
u_001779,2026-04-15,organic,35-44,UK,1,0,0,0,0
u_001780,2026-04-27,campus,18-24,US,0,1,0,0,1
u_001781,2026-04-30,tiktok,25-34,US,1,0,1,1,0
u_001782,2026-04-28,referral,18-24,US,1,0,0,0,0
u_001783,2026-04-25,tiktok,18-24,US,1,0,0,0,0
u_001784,2026-04-06,tiktok,25-34,Other,1,0,0,0,0
u_001785,2026-04-10,referral,18-24,US,1,0,1,0,0
u_001786,2026-04-01,tiktok,18-24,UK,1,0,0,1,1
u_001787,2026-04-05,tiktok,25-34,US,1,0,0,1,0
u_001788,2026-04-21,organic,25-34,UK,1,0,0,0,0
u_001789,2026-04-17,referral,18-24,US,0,1,1,0,0
u_001790,2026-04-13,organic,18-24,US,0,1,0,0,0
u_001791,2026-04-15,instagram,35-44,Australia,1,0,1,1,0
u_001792,2026-04-01,tiktok,45+,US,1,0,0,0,0
u_001793,2026-04-30,instagram,25-34,US,0,1,1,0,0
u_001794,2026-04-11,instagram,25-34,Australia,0,1,0,0,0
u_001795,2026-04-28,creator,18-24,Australia,1,0,1,1,0
u_001796,2026-04-18,organic,18-24,US,0,1,0,1,0
u_001797,2026-04-19,tiktok,25-34,Australia,1,0,1,1,0
u_001798,2026-04-21,search,18-24,US,0,1,1,1,0
u_001799,2026-04-24,referral,18-24,US,0,1,1,0,0
u_001800,2026-04-28,campus,35-44,Other,1,0,1,1,0
u_001801,2026-04-24,organic,25-34,US,1,0,0,0,0
u_001802,2026-04-11,creator,18-24,UK,0,1,0,1,0
u_001803,2026-04-25,campus,35-44,Canada,0,1,1,0,0
u_001804,2026-04-24,tiktok,25-34,US,1,0,1,1,0
u_001805,2026-04-18,tiktok,25-34,Australia,0,1,1,0,0
u_001806,2026-04-09,instagram,18-24,US,1,1,1,1,0
u_001807,2026-04-22,organic,45+,Australia,1,0,1,1,0
u_001808,2026-04-07,tiktok,25-34,US,0,1,1,1,0
u_001809,2026-04-09,search,25-34,US,1,1,1,0,0
u_001810,2026-04-11,campus,18-24,US,0,1,0,1,0
u_001811,2026-04-04,organic,35-44,Other,0,1,0,1,0
u_001812,2026-04-26,tiktok,18-24,US,1,0,0,1,0
u_001813,2026-05-01,organic,18-24,US,1,1,1,1,0
u_001814,2026-04-24,search,18-24,US,1,0,0,1,0
u_001815,2026-04-03,instagram,25-34,US,1,1,1,1,0
u_001816,2026-04-23,organic,35-44,Canada,1,0,0,1,0
u_001817,2026-04-01,tiktok,18-24,Australia,0,1,0,0,0
u_001818,2026-04-18,creator,25-34,US,1,0,1,0,0
u_001819,2026-04-06,search,18-24,US,1,0,0,0,0
u_001820,2026-04-07,creator,18-24,US,1,0,1,1,0
u_001821,2026-04-05,tiktok,18-24,Other,0,1,1,0,0
u_001822,2026-04-22,organic,45+,Other,0,1,0,1,0
u_001823,2026-04-02,tiktok,18-24,US,1,0,1,1,1
u_001824,2026-04-24,referral,25-34,US,1,1,0,0,0
u_001825,2026-04-06,organic,35-44,UK,1,0,0,0,0
u_001826,2026-04-20,search,25-34,US,0,1,0,0,0
u_001827,2026-04-09,organic,25-34,US,1,1,1,0,0
u_001828,2026-04-03,instagram,18-24,US,1,0,1,1,0
u_001829,2026-04-27,organic,35-44,UK,0,1,1,0,0
u_001830,2026-04-30,organic,25-34,US,0,1,1,1,0
u_001831,2026-04-06,organic,25-34,US,0,1,0,1,0
u_001832,2026-04-23,organic,18-24,US,1,1,0,0,0
u_001833,2026-04-12,referral,25-34,Other,1,0,1,0,0
u_001834,2026-04-30,organic,18-24,US,0,1,0,0,0
u_001835,2026-04-16,creator,18-24,Canada,0,1,0,0,0
u_001836,2026-04-07,tiktok,35-44,US,1,1,0,0,0
u_001837,2026-04-02,organic,25-34,US,0,1,0,0,0
u_001838,2026-04-15,organic,18-24,Canada,0,1,0,0,0
u_001839,2026-04-21,organic,18-24,UK,0,1,1,0,0
u_001840,2026-04-04,tiktok,18-24,US,1,0,0,0,0
u_001841,2026-04-25,instagram,18-24,US,0,1,1,0,0
u_001842,2026-04-05,campus,25-34,Other,1,0,1,0,1
u_001843,2026-04-30,instagram,18-24,US,1,0,0,0,0
u_001844,2026-04-07,instagram,18-24,US,1,0,0,0,0
u_001845,2026-04-24,search,18-24,US,1,1,1,1,0
u_001846,2026-04-16,tiktok,18-24,US,1,0,1,1,0
u_001847,2026-04-17,tiktok,25-34,US,1,0,1,1,0
u_001848,2026-04-30,referral,45+,Australia,1,0,1,1,0
u_001849,2026-04-05,search,18-24,Other,1,0,0,0,0
u_001850,2026-04-08,tiktok,25-34,US,0,1,0,0,0
u_001851,2026-04-16,tiktok,25-34,Australia,1,1,1,1,0
u_001852,2026-04-07,organic,18-24,US,0,1,1,0,0
u_001853,2026-04-14,referral,18-24,US,0,1,0,1,0
u_001854,2026-04-12,instagram,18-24,US,1,1,0,0,0
u_001855,2026-04-07,instagram,35-44,US,0,1,0,0,0
u_001856,2026-04-29,instagram,25-34,US,0,1,1,1,0
u_001857,2026-04-12,instagram,35-44,US,0,1,0,0,0
u_001858,2026-05-01,referral,18-24,US,1,0,0,0,0
u_001859,2026-04-06,instagram,18-24,US,1,0,0,1,0
u_001860,2026-04-17,referral,18-24,US,1,0,0,0,0
u_001861,2026-04-25,creator,18-24,Other,1,0,1,1,0
u_001862,2026-04-30,instagram,18-24,US,1,0,1,0,0
u_001863,2026-04-11,search,18-24,US,0,1,0,1,0
u_001864,2026-04-30,search,18-24,US,0,1,0,0,0
u_001865,2026-04-30,instagram,25-34,US,0,1,1,0,1
u_001866,2026-04-20,referral,18-24,US,1,0,0,0,0
u_001867,2026-04-19,tiktok,18-24,US,0,1,0,0,1
u_001868,2026-04-11,referral,18-24,US,1,1,1,1,0
u_001869,2026-04-05,search,18-24,US,1,0,1,1,0
u_001870,2026-04-18,organic,18-24,Australia,0,1,0,0,0
u_001871,2026-05-01,instagram,25-34,US,1,1,0,0,0
u_001872,2026-04-21,search,18-24,US,1,1,0,1,0
u_001873,2026-04-23,creator,18-24,US,1,0,0,0,0
u_001874,2026-04-26,search,18-24,US,1,0,1,0,0
u_001875,2026-04-25,search,18-24,US,1,0,0,0,0
u_001876,2026-04-11,tiktok,18-24,US,0,1,0,0,0
u_001877,2026-04-23,search,18-24,UK,0,1,0,0,0
u_001878,2026-04-17,organic,18-24,US,1,1,1,1,0
u_001879,2026-04-17,organic,18-24,Other,1,1,0,1,0
u_001880,2026-04-03,creator,18-24,UK,1,0,1,1,1
u_001881,2026-04-17,organic,18-24,Canada,1,0,1,0,0
u_001882,2026-04-13,organic,35-44,US,1,0,1,0,0
u_001883,2026-04-04,organic,18-24,US,0,1,1,1,0
u_001884,2026-04-19,search,18-24,Canada,1,0,0,0,0
u_001885,2026-04-27,search,25-34,US,0,1,0,0,0
u_001886,2026-04-29,organic,45+,US,1,1,0,0,0
u_001887,2026-04-30,instagram,18-24,US,1,0,1,1,0
u_001888,2026-04-21,search,18-24,UK,0,1,0,0,0
u_001889,2026-04-06,organic,18-24,US,0,1,0,0,0
u_001890,2026-04-26,organic,35-44,US,1,1,1,1,0
u_001891,2026-04-04,referral,35-44,US,1,0,0,0,0
u_001892,2026-04-23,organic,25-34,Other,0,1,0,0,0
u_001893,2026-04-09,organic,18-24,US,1,0,1,1,1
u_001894,2026-04-02,campus,25-34,US,1,1,1,0,0
u_001895,2026-04-10,campus,18-24,US,1,1,1,1,0
u_001896,2026-04-15,organic,18-24,Other,0,1,0,0,0
u_001897,2026-05-01,creator,18-24,Australia,1,0,0,0,0
u_001898,2026-04-29,instagram,18-24,US,1,0,0,1,0
u_001899,2026-04-29,search,18-24,Canada,1,0,1,1,0
u_001900,2026-04-05,tiktok,45+,US,1,0,0,0,0
u_001901,2026-04-04,campus,25-34,US,1,0,1,1,0
u_001902,2026-04-25,tiktok,18-24,US,1,0,0,1,0
u_001903,2026-04-17,tiktok,18-24,Canada,1,0,1,1,0
u_001904,2026-04-28,campus,18-24,US,1,0,1,1,0
u_001905,2026-04-05,search,25-34,UK,1,1,0,0,0
u_001906,2026-04-26,search,25-34,US,1,0,0,0,0
u_001907,2026-04-18,referral,18-24,Canada,1,0,1,1,0
u_001908,2026-04-08,instagram,18-24,US,1,1,0,1,0
u_001909,2026-04-27,search,45+,US,1,0,1,1,0
u_001910,2026-04-10,tiktok,25-34,US,1,1,1,1,0
u_001911,2026-04-27,tiktok,18-24,US,1,1,1,1,0
u_001912,2026-04-30,referral,25-34,US,1,0,1,1,0
u_001913,2026-04-19,search,18-24,US,0,1,1,0,0
u_001914,2026-04-11,campus,18-24,US,1,0,1,1,0
u_001915,2026-04-21,referral,25-34,US,0,1,0,0,0
u_001916,2026-04-20,instagram,18-24,Australia,0,1,0,0,0
u_001917,2026-04-05,tiktok,25-34,US,0,1,0,0,0
u_001918,2026-04-06,tiktok,35-44,US,1,0,0,0,0
u_001919,2026-04-29,organic,18-24,US,1,0,1,1,0
u_001920,2026-04-10,creator,18-24,US,0,1,1,0,0
u_001921,2026-04-16,instagram,18-24,US,0,1,0,0,0
u_001922,2026-04-29,tiktok,45+,US,0,1,1,1,0
u_001923,2026-04-16,instagram,35-44,US,1,1,1,1,0
u_001924,2026-04-15,campus,25-34,Australia,1,0,0,1,0
u_001925,2026-04-25,tiktok,25-34,US,1,1,1,0,0
u_001926,2026-04-30,referral,18-24,US,1,1,1,0,0
u_001927,2026-04-26,tiktok,25-34,US,0,1,0,0,0
u_001928,2026-04-02,search,25-34,US,0,1,0,0,0
u_001929,2026-04-27,search,18-24,US,1,0,0,1,0
u_001930,2026-04-20,organic,18-24,US,1,0,1,1,0
u_001931,2026-04-10,search,18-24,US,1,0,0,1,0
u_001932,2026-04-15,organic,35-44,US,0,1,1,0,0
u_001933,2026-04-01,organic,35-44,US,1,0,1,1,0
u_001934,2026-04-18,organic,25-34,US,1,1,0,0,0
u_001935,2026-04-19,referral,18-24,US,1,0,1,1,0
u_001936,2026-04-04,instagram,25-34,US,1,1,1,1,0
u_001937,2026-04-01,instagram,18-24,Other,1,0,1,1,1
u_001938,2026-04-25,tiktok,18-24,US,0,1,0,1,1
u_001939,2026-04-22,organic,18-24,US,0,1,0,0,0
u_001940,2026-04-04,organic,18-24,Australia,1,0,0,0,0
u_001941,2026-04-18,referral,18-24,US,1,1,1,1,1
u_001942,2026-04-01,instagram,18-24,US,1,0,0,1,0
u_001943,2026-04-26,tiktok,18-24,US,0,1,0,1,0
u_001944,2026-04-25,search,18-24,Other,1,0,0,1,0
u_001945,2026-04-16,tiktok,35-44,US,0,1,1,1,0
u_001946,2026-04-25,referral,18-24,Australia,0,1,0,0,0
u_001947,2026-04-03,organic,25-34,Canada,0,1,1,0,0
u_001948,2026-05-01,referral,18-24,US,1,0,1,0,0
u_001949,2026-04-11,creator,25-34,Other,1,1,0,1,0
u_001950,2026-04-24,search,18-24,US,0,1,0,1,0
u_001951,2026-04-03,referral,18-24,US,0,1,0,0,0
u_001952,2026-04-21,referral,25-34,UK,1,1,1,0,0
u_001953,2026-04-24,organic,18-24,US,0,1,0,0,0
u_001954,2026-04-21,search,18-24,US,1,1,1,1,0
u_001955,2026-04-04,organic,18-24,UK,1,1,1,1,0
u_001956,2026-04-13,referral,25-34,US,0,1,1,1,1
u_001957,2026-04-14,instagram,18-24,UK,1,0,1,1,1
u_001958,2026-04-27,search,18-24,US,1,0,0,0,1
u_001959,2026-04-01,organic,18-24,US,1,0,0,0,0
u_001960,2026-04-16,referral,18-24,US,0,1,0,0,0
u_001961,2026-04-12,instagram,25-34,US,1,0,0,0,0
u_001962,2026-04-02,tiktok,25-34,Canada,1,0,0,0,0
u_001963,2026-04-01,referral,35-44,US,1,0,1,0,0
u_001964,2026-04-02,referral,18-24,US,0,1,0,0,0
u_001965,2026-04-23,campus,18-24,Other,1,0,0,0,0
u_001966,2026-04-30,organic,18-24,US,1,1,1,1,0
u_001967,2026-04-02,search,25-34,US,0,1,0,0,0
u_001968,2026-04-22,referral,18-24,US,0,1,1,1,0
u_001969,2026-04-10,organic,18-24,US,0,1,0,1,0
u_001970,2026-04-05,referral,25-34,US,0,1,1,0,0
u_001971,2026-04-15,instagram,35-44,US,0,1,0,0,0
u_001972,2026-04-09,tiktok,25-34,US,0,1,0,0,1
u_001973,2026-04-29,search,18-24,US,0,1,1,0,0
u_001974,2026-04-20,search,25-34,US,1,0,1,1,1
u_001975,2026-04-04,creator,18-24,US,1,0,0,1,1
u_001976,2026-04-10,search,18-24,US,1,1,1,0,0
u_001977,2026-04-27,instagram,18-24,US,1,0,0,1,0
u_001978,2026-04-24,tiktok,18-24,US,0,1,1,1,0
u_001979,2026-04-24,organic,18-24,US,0,1,0,0,0
u_001980,2026-04-12,referral,18-24,US,0,1,1,0,0
u_001981,2026-04-02,tiktok,18-24,US,0,1,1,1,0
u_001982,2026-04-16,tiktok,25-34,Canada,1,0,1,0,1
u_001983,2026-04-24,creator,18-24,US,1,1,1,1,0
u_001984,2026-04-24,organic,45+,Canada,1,0,0,0,0
u_001985,2026-04-28,tiktok,18-24,UK,1,0,1,1,0
u_001986,2026-04-15,instagram,35-44,US,1,0,1,0,0
u_001987,2026-04-14,organic,25-34,US,1,0,1,0,0
u_001988,2026-04-25,tiktok,35-44,US,1,0,1,1,1
u_001989,2026-04-11,instagram,25-34,Canada,1,0,1,1,0
u_001990,2026-04-28,campus,25-34,US,0,1,0,0,0
u_001991,2026-04-19,organic,25-34,US,0,1,1,1,1
u_001992,2026-04-28,organic,35-44,US,1,0,1,1,0
u_001993,2026-04-11,instagram,18-24,UK,1,0,0,1,1
u_001994,2026-04-25,search,25-34,US,1,1,1,1,0
u_001995,2026-04-21,organic,25-34,US,1,1,1,1,0
u_001996,2026-04-04,tiktok,18-24,UK,0,1,0,0,0
u_001997,2026-04-21,organic,18-24,US,0,1,1,1,0
u_001998,2026-04-09,instagram,45+,Australia,1,0,1,1,0
u_001999,2026-04-08,tiktok,18-24,UK,0,1,1,1,0
u_002000,2026-04-27,tiktok,35-44,Australia,1,0,0,0,1
u_002001,2026-04-23,organic,18-24,US,0,1,0,0,0
u_002002,2026-04-01,organic,18-24,US,1,0,1,1,0
u_002003,2026-04-22,referral,18-24,US,1,1,0,0,0
u_002004,2026-04-08,referral,25-34,Other,1,1,1,0,0
u_002005,2026-04-23,referral,18-24,Canada,1,0,1,1,0
u_002006,2026-04-14,organic,18-24,US,1,1,1,1,1
u_002007,2026-04-08,organic,18-24,US,1,0,1,1,0
u_002008,2026-04-27,referral,25-34,US,0,1,1,0,0
u_002009,2026-04-28,organic,18-24,US,1,1,0,1,0
u_002010,2026-04-15,campus,18-24,US,1,1,1,0,0
u_002011,2026-04-30,referral,25-34,US,0,1,0,0,0
u_002012,2026-04-25,tiktok,18-24,US,1,0,1,0,0
u_002013,2026-04-28,instagram,18-24,Canada,0,1,0,0,0
u_002014,2026-04-17,instagram,45+,Australia,1,0,0,1,0
u_002015,2026-04-18,tiktok,18-24,US,1,0,1,1,0
u_002016,2026-04-30,search,25-34,US,0,1,1,0,0
u_002017,2026-04-30,organic,25-34,US,0,1,0,0,0
u_002018,2026-04-22,tiktok,25-34,US,1,1,1,1,0
u_002019,2026-04-12,organic,18-24,US,1,1,1,1,0
u_002020,2026-04-03,creator,18-24,US,0,1,1,0,0
u_002021,2026-04-24,search,18-24,US,0,1,0,0,0
u_002022,2026-04-16,search,18-24,US,0,1,1,0,0
u_002023,2026-04-07,search,25-34,US,1,1,0,1,0
u_002024,2026-04-06,organic,35-44,US,1,0,1,1,0
u_002025,2026-04-10,search,18-24,Other,0,1,1,1,0
u_002026,2026-04-25,instagram,18-24,US,0,1,1,1,0
u_002027,2026-04-11,tiktok,18-24,US,0,1,0,0,0
u_002028,2026-04-14,organic,18-24,US,0,1,1,1,0
u_002029,2026-04-23,tiktok,25-34,US,0,1,0,1,0
u_002030,2026-05-01,instagram,35-44,Australia,1,1,0,1,0
u_002031,2026-04-02,tiktok,25-34,US,1,0,0,0,0
u_002032,2026-04-04,referral,45+,US,1,0,0,0,0
u_002033,2026-04-06,organic,18-24,US,1,0,1,1,0
u_002034,2026-04-05,instagram,18-24,UK,0,1,0,0,0
u_002035,2026-04-12,instagram,25-34,Canada,1,0,1,1,1
u_002036,2026-05-01,organic,18-24,US,0,1,1,0,0
u_002037,2026-04-19,search,18-24,UK,1,1,1,1,0
u_002038,2026-04-17,tiktok,18-24,US,1,0,1,0,1
u_002039,2026-04-19,tiktok,25-34,US,0,1,0,0,0
u_002040,2026-04-10,instagram,25-34,US,0,1,0,0,0
u_002041,2026-04-05,organic,18-24,US,0,1,1,0,0
u_002042,2026-04-28,referral,25-34,US,1,0,0,1,0
u_002043,2026-04-30,organic,25-34,US,0,1,1,0,0
u_002044,2026-04-17,tiktok,25-34,US,1,0,1,1,0
u_002045,2026-04-26,organic,18-24,Canada,1,0,1,0,0
u_002046,2026-04-03,creator,18-24,Other,1,0,0,0,0
u_002047,2026-04-08,instagram,18-24,Other,1,0,0,0,0
u_002048,2026-04-10,organic,25-34,US,0,1,0,0,0
u_002049,2026-04-17,referral,25-34,UK,1,1,0,1,0
u_002050,2026-04-28,referral,35-44,UK,1,0,1,1,0
u_002051,2026-04-02,tiktok,25-34,UK,1,0,0,1,0
u_002052,2026-04-13,organic,18-24,US,1,1,0,0,0
u_002053,2026-04-03,organic,25-34,Canada,1,0,0,1,0
u_002054,2026-04-22,instagram,25-34,Other,1,0,1,1,0
u_002055,2026-05-01,tiktok,25-34,Other,1,1,1,1,0
u_002056,2026-04-06,referral,18-24,US,0,1,1,0,0
u_002057,2026-04-15,search,18-24,Canada,0,1,1,0,0
u_002058,2026-04-07,instagram,25-34,US,1,1,1,1,1
u_002059,2026-04-27,organic,25-34,UK,1,1,0,1,1
u_002060,2026-04-12,search,25-34,US,0,1,0,0,0
u_002061,2026-04-27,organic,25-34,US,1,0,0,1,0
u_002062,2026-04-04,instagram,35-44,US,1,0,0,0,0
u_002063,2026-04-27,tiktok,25-34,Canada,1,0,1,1,0
u_002064,2026-04-02,referral,18-24,US,1,1,1,1,0
u_002065,2026-04-27,search,18-24,US,0,1,0,0,0
u_002066,2026-04-27,organic,18-24,UK,0,1,1,0,0
u_002067,2026-04-25,instagram,18-24,US,0,1,1,1,0
u_002068,2026-04-21,organic,25-34,US,0,1,0,0,0
u_002069,2026-04-18,referral,25-34,US,0,1,0,1,0
u_002070,2026-04-19,search,25-34,US,0,1,0,0,0
u_002071,2026-04-15,tiktok,25-34,US,1,1,1,1,1
u_002072,2026-04-21,campus,18-24,US,0,1,0,1,0
u_002073,2026-04-18,instagram,18-24,Australia,1,1,1,1,0
u_002074,2026-04-23,search,18-24,Canada,0,1,1,0,0
u_002075,2026-04-18,search,18-24,Other,1,1,1,1,1
u_002076,2026-04-01,instagram,25-34,Canada,0,1,1,0,0
u_002077,2026-04-20,organic,35-44,US,0,1,0,0,0
u_002078,2026-04-02,organic,18-24,US,1,1,1,0,0
u_002079,2026-04-05,instagram,18-24,Other,1,0,1,1,1
u_002080,2026-04-17,instagram,18-24,US,1,1,1,1,0
u_002081,2026-04-25,organic,18-24,US,0,1,1,1,0
u_002082,2026-04-26,organic,18-24,US,1,0,0,1,0
u_002083,2026-04-21,referral,18-24,US,1,0,1,1,0
u_002084,2026-04-21,tiktok,45+,US,1,0,0,0,0
u_002085,2026-04-22,tiktok,18-24,US,0,1,0,1,1
u_002086,2026-04-22,campus,18-24,Australia,1,0,0,0,0
u_002087,2026-04-22,search,35-44,US,1,1,1,1,0
u_002088,2026-04-26,referral,35-44,UK,0,1,0,0,0
u_002089,2026-04-23,referral,35-44,US,0,1,1,1,0
u_002090,2026-04-15,referral,18-24,US,1,0,1,1,0
u_002091,2026-04-27,referral,45+,US,1,1,1,1,1
u_002092,2026-04-14,organic,45+,Australia,1,0,0,0,0
u_002093,2026-04-22,instagram,18-24,US,0,1,0,0,0
u_002094,2026-04-29,instagram,25-34,US,0,1,0,0,0
u_002095,2026-04-22,referral,25-34,US,1,0,0,1,0
u_002096,2026-04-01,search,18-24,US,1,0,0,0,0
u_002097,2026-04-12,tiktok,25-34,US,0,1,0,0,0
u_002098,2026-04-18,organic,35-44,US,0,1,1,1,0
u_002099,2026-04-02,organic,18-24,US,0,1,0,0,0
u_002100,2026-04-06,organic,18-24,US,1,0,1,1,0
u_002101,2026-04-09,creator,35-44,US,1,0,1,1,1
u_002102,2026-04-10,tiktok,18-24,US,1,0,0,1,1
u_002103,2026-04-19,referral,18-24,US,0,1,0,0,0
u_002104,2026-04-04,referral,18-24,UK,1,0,1,0,0
u_002105,2026-04-26,referral,25-34,US,1,0,0,1,1
u_002106,2026-04-11,organic,18-24,Canada,1,0,0,0,0
u_002107,2026-04-25,instagram,18-24,US,0,1,1,0,0
u_002108,2026-04-01,creator,18-24,US,0,1,1,0,0
u_002109,2026-04-06,instagram,18-24,US,1,0,1,1,0
u_002110,2026-04-11,tiktok,18-24,US,0,1,1,0,0
u_002111,2026-04-05,tiktok,25-34,US,1,0,0,0,0
u_002112,2026-04-01,organic,18-24,US,1,1,1,0,1
u_002113,2026-04-19,tiktok,25-34,Other,0,1,1,1,0
u_002114,2026-04-19,campus,35-44,US,1,0,1,1,0
u_002115,2026-04-25,instagram,25-34,US,1,0,1,1,0
u_002116,2026-04-26,organic,25-34,US,1,1,0,1,1
u_002117,2026-04-20,organic,45+,US,1,0,1,1,0
u_002118,2026-04-26,organic,25-34,US,1,0,1,1,0
u_002119,2026-04-07,referral,18-24,UK,0,1,0,0,0
u_002120,2026-04-01,organic,18-24,US,1,0,0,0,0
u_002121,2026-04-01,creator,45+,Canada,1,0,1,0,0
u_002122,2026-04-30,tiktok,18-24,US,0,1,1,0,0
u_002123,2026-04-26,search,45+,UK,1,1,1,1,0
u_002124,2026-04-10,campus,25-34,Australia,0,1,1,0,0
u_002125,2026-04-17,tiktok,18-24,US,1,1,1,1,0
u_002126,2026-04-06,organic,25-34,Other,1,1,1,0,0
u_002127,2026-04-27,organic,18-24,US,1,1,0,1,0
u_002128,2026-04-13,instagram,18-24,US,0,1,0,1,0
u_002129,2026-04-23,instagram,18-24,US,1,0,1,0,1
u_002130,2026-04-20,organic,25-34,US,1,0,0,0,0
u_002131,2026-04-22,referral,18-24,US,1,0,0,0,0
u_002132,2026-04-30,creator,25-34,Canada,0,1,1,0,0
u_002133,2026-04-03,tiktok,35-44,US,1,0,1,0,0
u_002134,2026-04-10,instagram,18-24,US,0,1,0,1,0
u_002135,2026-04-20,referral,35-44,US,0,1,0,0,0
u_002136,2026-04-21,organic,25-34,Other,0,1,0,0,0
u_002137,2026-04-06,referral,18-24,US,1,0,1,0,0
u_002138,2026-04-17,referral,18-24,US,0,1,0,0,0
u_002139,2026-04-28,instagram,18-24,US,1,1,1,1,1
u_002140,2026-04-22,organic,18-24,US,1,0,1,1,0
u_002141,2026-05-01,tiktok,18-24,US,0,1,1,0,0
u_002142,2026-04-12,search,25-34,Canada,1,1,0,1,1
u_002143,2026-04-24,tiktok,25-34,UK,1,0,1,0,0
u_002144,2026-04-06,referral,18-24,US,1,1,1,0,0
u_002145,2026-04-28,referral,25-34,US,0,1,0,0,0
u_002146,2026-04-07,creator,25-34,Australia,0,1,0,0,0
u_002147,2026-04-24,search,25-34,US,0,1,1,1,0
u_002148,2026-04-06,tiktok,45+,US,1,0,1,1,0
u_002149,2026-04-14,instagram,18-24,US,0,1,1,0,0
u_002150,2026-04-04,tiktok,18-24,Other,0,1,0,0,0
u_002151,2026-04-20,tiktok,18-24,US,1,0,1,1,0
u_002152,2026-04-13,instagram,25-34,Australia,1,0,1,0,0
u_002153,2026-04-10,organic,25-34,US,0,1,1,1,0
u_002154,2026-04-11,creator,18-24,US,1,1,1,1,0
u_002155,2026-04-12,organic,18-24,Canada,1,1,1,0,0
u_002156,2026-04-07,referral,18-24,US,0,1,0,0,0
u_002157,2026-04-26,tiktok,45+,US,0,1,0,0,0
u_002158,2026-04-05,referral,45+,US,0,1,1,1,0
u_002159,2026-04-08,search,18-24,Other,1,0,1,1,0
u_002160,2026-04-29,organic,18-24,US,0,1,0,0,0
u_002161,2026-04-13,creator,25-34,Canada,1,0,1,1,0
u_002162,2026-04-03,campus,18-24,US,1,0,0,1,0
u_002163,2026-04-29,creator,25-34,Canada,1,0,0,0,0
u_002164,2026-04-08,instagram,18-24,US,1,0,1,0,0
u_002165,2026-04-25,referral,18-24,Canada,0,1,0,0,0
u_002166,2026-04-28,creator,18-24,Other,1,0,1,0,0
u_002167,2026-04-13,organic,18-24,US,0,1,0,0,0
u_002168,2026-04-17,instagram,25-34,Other,1,0,1,0,0
u_002169,2026-05-01,organic,18-24,Canada,1,0,0,1,1
u_002170,2026-04-27,organic,18-24,US,0,1,0,0,0
u_002171,2026-04-19,instagram,35-44,Canada,1,1,1,0,0
u_002172,2026-04-09,search,18-24,US,1,1,1,1,0
u_002173,2026-04-19,organic,18-24,US,1,1,0,1,0
u_002174,2026-04-03,referral,18-24,US,1,1,0,1,1
u_002175,2026-04-17,referral,35-44,US,0,1,1,0,0
u_002176,2026-04-24,instagram,45+,US,1,0,0,0,0
u_002177,2026-04-24,instagram,35-44,US,0,1,0,0,0
u_002178,2026-04-04,campus,25-34,US,0,1,1,0,0
u_002179,2026-04-16,campus,25-34,US,1,1,0,1,0
u_002180,2026-04-22,instagram,45+,US,1,1,0,0,0
u_002181,2026-04-27,tiktok,18-24,US,1,1,1,0,0
u_002182,2026-04-18,campus,18-24,US,0,1,0,1,0
u_002183,2026-04-29,instagram,18-24,US,0,1,0,0,0
u_002184,2026-04-19,search,18-24,UK,1,0,0,1,0
u_002185,2026-04-18,instagram,18-24,US,1,1,1,0,0
u_002186,2026-04-18,organic,18-24,Australia,1,0,0,1,1
u_002187,2026-04-21,referral,18-24,US,1,0,1,1,0
u_002188,2026-04-30,instagram,25-34,US,0,1,0,1,1
u_002189,2026-04-26,organic,18-24,US,0,1,0,0,0
u_002190,2026-04-10,creator,25-34,UK,0,1,0,0,0
u_002191,2026-04-14,organic,18-24,US,1,0,0,0,0
u_002192,2026-04-06,organic,35-44,Canada,0,1,1,1,1
u_002193,2026-04-20,referral,18-24,US,0,1,1,0,0
u_002194,2026-04-20,tiktok,18-24,US,1,0,1,0,0
u_002195,2026-04-01,organic,18-24,UK,0,1,0,0,0
u_002196,2026-04-03,organic,18-24,US,1,0,1,1,0
u_002197,2026-04-16,referral,25-34,US,0,1,1,1,0
u_002198,2026-04-27,creator,25-34,US,1,0,1,1,0
u_002199,2026-04-08,creator,18-24,US,1,0,0,1,1
u_002200,2026-04-19,referral,35-44,US,1,0,1,1,0
u_002201,2026-04-14,instagram,18-24,Canada,0,1,0,1,0
u_002202,2026-04-04,referral,18-24,US,0,1,0,0,0
u_002203,2026-04-29,campus,18-24,UK,1,1,1,1,0
u_002204,2026-04-15,referral,25-34,Australia,0,1,1,0,0
u_002205,2026-04-11,organic,25-34,US,1,1,1,0,0
u_002206,2026-04-05,creator,18-24,US,0,1,0,0,0
u_002207,2026-04-08,instagram,18-24,Other,0,1,0,1,0
u_002208,2026-04-10,organic,25-34,US,1,0,0,1,0
u_002209,2026-04-25,organic,45+,UK,1,1,1,1,0
u_002210,2026-04-30,organic,35-44,US,1,0,1,1,0
u_002211,2026-04-01,instagram,18-24,US,1,0,1,1,1
u_002212,2026-04-26,organic,18-24,US,0,1,1,0,0
u_002213,2026-04-03,search,18-24,US,0,1,1,1,0
u_002214,2026-04-18,tiktok,18-24,US,1,0,0,1,1
u_002215,2026-04-29,organic,35-44,Canada,0,1,0,1,0
u_002216,2026-04-29,search,35-44,Other,1,0,1,1,0
u_002217,2026-04-18,organic,35-44,US,1,0,0,0,0
u_002218,2026-04-27,referral,18-24,UK,1,1,1,0,0
u_002219,2026-04-26,organic,18-24,US,0,1,1,0,0
u_002220,2026-04-27,tiktok,18-24,US,1,1,0,0,0
u_002221,2026-04-19,creator,35-44,US,1,1,1,1,1
u_002222,2026-04-08,organic,25-34,US,1,1,1,1,0
u_002223,2026-04-03,search,25-34,Canada,0,1,1,1,0
u_002224,2026-04-12,referral,25-34,US,0,1,0,0,0
u_002225,2026-04-01,search,18-24,US,0,1,0,0,0
u_002226,2026-04-23,campus,18-24,US,1,1,0,0,0
u_002227,2026-04-11,referral,25-34,UK,0,1,0,0,0
u_002228,2026-04-19,search,18-24,Other,0,1,0,0,0
u_002229,2026-04-29,organic,18-24,US,1,0,1,1,0
u_002230,2026-04-17,creator,18-24,US,1,0,1,0,0
u_002231,2026-04-12,organic,25-34,US,1,0,1,1,1
u_002232,2026-04-30,campus,25-34,US,1,0,1,1,0
u_002233,2026-04-23,referral,18-24,UK,1,1,1,1,0
u_002234,2026-04-01,tiktok,35-44,Other,0,1,0,0,0
u_002235,2026-04-25,search,18-24,US,1,1,0,1,0
u_002236,2026-04-19,referral,18-24,US,0,1,0,0,0
u_002237,2026-04-17,campus,18-24,US,0,1,0,0,0
u_002238,2026-04-13,tiktok,18-24,Canada,1,1,0,1,0
u_002239,2026-04-01,organic,18-24,US,1,0,1,0,0
u_002240,2026-05-01,organic,18-24,US,1,0,0,0,0
u_002241,2026-04-07,referral,25-34,US,1,0,0,1,1
u_002242,2026-04-26,organic,18-24,US,1,1,0,0,0
u_002243,2026-04-17,campus,25-34,US,0,1,1,1,0
u_002244,2026-05-01,tiktok,45+,US,0,1,0,0,0
u_002245,2026-05-01,referral,35-44,US,0,1,1,0,0
u_002246,2026-04-20,tiktok,25-34,Other,1,0,0,0,0
u_002247,2026-04-06,instagram,45+,US,1,1,0,1,1
u_002248,2026-04-08,tiktok,18-24,Other,0,1,0,1,0
u_002249,2026-04-23,tiktok,18-24,Other,1,1,1,1,0
u_002250,2026-04-11,instagram,25-34,US,1,1,1,0,0
u_002251,2026-04-29,organic,25-34,US,1,0,1,0,0
u_002252,2026-04-29,tiktok,18-24,US,1,0,1,0,0
u_002253,2026-04-28,search,35-44,US,1,1,1,1,0
u_002254,2026-04-28,referral,18-24,US,1,0,1,1,0
u_002255,2026-04-16,organic,25-34,US,1,1,0,1,1
u_002256,2026-04-12,organic,25-34,US,0,1,0,1,0
u_002257,2026-04-07,referral,18-24,Other,1,0,1,0,0
u_002258,2026-04-26,referral,25-34,US,0,1,0,1,0
u_002259,2026-04-04,tiktok,25-34,US,1,0,0,1,0
u_002260,2026-04-23,campus,18-24,US,0,1,1,1,0
u_002261,2026-04-18,referral,18-24,US,0,1,0,0,0
u_002262,2026-04-04,organic,18-24,UK,1,1,0,0,0
u_002263,2026-04-26,creator,18-24,UK,1,1,0,0,0
u_002264,2026-04-07,referral,25-34,US,1,0,0,0,1
u_002265,2026-04-07,creator,18-24,US,1,1,1,1,1
u_002266,2026-04-07,search,18-24,US,1,0,0,1,1
u_002267,2026-04-23,organic,18-24,UK,1,0,0,1,0
u_002268,2026-04-13,referral,18-24,US,1,0,1,0,0
u_002269,2026-04-29,referral,25-34,US,1,0,1,1,0
u_002270,2026-04-17,creator,45+,US,0,1,0,1,0
u_002271,2026-04-30,referral,18-24,Canada,1,0,0,0,0
u_002272,2026-04-23,tiktok,25-34,US,1,1,1,1,0
u_002273,2026-05-01,campus,18-24,US,0,1,0,0,0
u_002274,2026-04-17,creator,25-34,US,1,1,1,0,0
u_002275,2026-04-23,organic,18-24,US,0,1,0,0,0
u_002276,2026-04-22,creator,18-24,US,1,0,1,0,0
u_002277,2026-04-23,instagram,18-24,UK,0,1,1,0,0
u_002278,2026-04-30,referral,25-34,US,0,1,0,0,0
u_002279,2026-04-11,organic,18-24,US,1,1,0,1,1
u_002280,2026-04-11,referral,18-24,Other,0,1,0,0,0
u_002281,2026-04-04,organic,25-34,Australia,1,1,1,1,0
u_002282,2026-04-18,instagram,18-24,Canada,0,1,0,0,0
u_002283,2026-04-05,instagram,18-24,Canada,1,1,1,1,1
u_002284,2026-04-22,search,25-34,UK,0,1,0,0,0
u_002285,2026-04-26,referral,35-44,US,1,0,0,0,0
u_002286,2026-04-30,tiktok,18-24,US,1,0,0,0,1
u_002287,2026-04-21,organic,25-34,US,0,1,1,0,0
u_002288,2026-04-19,tiktok,18-24,US,0,1,1,1,0
u_002289,2026-04-09,organic,18-24,US,1,1,1,1,1
u_002290,2026-04-27,search,35-44,US,1,0,1,1,0
u_002291,2026-04-26,instagram,18-24,US,1,0,1,1,0
u_002292,2026-04-14,creator,18-24,US,0,1,0,0,0
u_002293,2026-04-10,tiktok,18-24,UK,1,1,1,1,0
u_002294,2026-04-17,referral,25-34,US,1,1,0,0,0
u_002295,2026-04-16,organic,18-24,US,1,1,0,0,0
u_002296,2026-04-10,tiktok,25-34,US,1,0,1,0,0
u_002297,2026-04-20,referral,18-24,US,1,1,1,1,0
u_002298,2026-04-14,instagram,18-24,US,1,1,1,0,0
u_002299,2026-04-02,search,18-24,Australia,0,1,0,0,0
u_002300,2026-05-01,organic,18-24,US,0,1,1,1,0
u_002301,2026-04-18,campus,25-34,US,1,0,1,1,0
u_002302,2026-04-11,organic,45+,Other,1,0,1,1,1
u_002303,2026-04-22,instagram,18-24,US,0,1,1,0,0
u_002304,2026-04-18,organic,35-44,US,0,1,1,1,0
u_002305,2026-04-01,organic,18-24,US,1,0,0,1,0
u_002306,2026-04-09,instagram,25-34,US,0,1,0,0,0
u_002307,2026-04-04,creator,18-24,US,1,0,1,0,0
u_002308,2026-04-02,referral,18-24,US,1,0,0,0,0
u_002309,2026-04-23,search,25-34,UK,1,1,1,0,0
u_002310,2026-04-27,search,25-34,US,1,0,1,1,0
u_002311,2026-04-03,creator,25-34,US,0,1,1,1,0
u_002312,2026-04-10,referral,18-24,UK,1,0,0,1,0
u_002313,2026-04-27,organic,18-24,UK,1,0,0,1,0
u_002314,2026-04-09,referral,25-34,US,1,0,0,0,0
u_002315,2026-04-06,search,18-24,US,1,0,1,0,0
u_002316,2026-04-19,organic,18-24,US,0,1,0,1,0
u_002317,2026-04-19,instagram,18-24,US,1,0,1,0,1
u_002318,2026-04-20,organic,25-34,US,1,1,1,1,1
u_002319,2026-04-12,referral,18-24,US,0,1,1,0,0
u_002320,2026-04-05,tiktok,18-24,US,1,0,1,0,0
u_002321,2026-04-25,tiktok,18-24,US,0,1,0,1,0
u_002322,2026-04-24,organic,25-34,US,1,0,1,0,0
u_002323,2026-04-01,creator,35-44,US,1,0,1,1,0
u_002324,2026-04-06,search,25-34,Australia,1,0,0,1,0
u_002325,2026-04-16,tiktok,18-24,US,1,0,0,1,0
u_002326,2026-04-07,referral,25-34,Other,1,1,0,1,1
u_002327,2026-04-03,instagram,45+,US,0,1,0,0,1
u_002328,2026-04-06,organic,45+,US,1,0,0,0,0
u_002329,2026-04-09,tiktok,18-24,US,1,1,0,1,0
u_002330,2026-04-09,instagram,18-24,Other,0,1,0,0,0
u_002331,2026-04-14,creator,25-34,US,0,1,0,1,0
u_002332,2026-04-30,organic,18-24,Australia,0,1,0,1,0
u_002333,2026-04-11,instagram,18-24,US,1,1,1,1,1
u_002334,2026-04-30,referral,25-34,Other,1,0,1,0,0
u_002335,2026-04-05,instagram,18-24,US,0,1,1,0,0
u_002336,2026-05-01,organic,18-24,Other,1,0,1,1,0
u_002337,2026-04-14,instagram,25-34,US,1,1,0,1,0
u_002338,2026-05-01,tiktok,45+,US,1,1,1,1,0
u_002339,2026-04-11,search,25-34,Other,1,0,1,0,0
u_002340,2026-04-04,referral,18-24,Australia,1,0,0,1,1
u_002341,2026-04-14,instagram,18-24,Australia,1,0,1,1,0
u_002342,2026-04-20,referral,45+,UK,0,1,0,1,1
u_002343,2026-04-14,organic,45+,US,1,1,1,1,0
u_002344,2026-04-27,referral,18-24,US,1,1,1,1,0
u_002345,2026-04-06,organic,18-24,UK,1,1,1,1,0
u_002346,2026-04-18,creator,18-24,US,0,1,0,0,0
u_002347,2026-04-18,campus,25-34,US,1,1,1,1,0
u_002348,2026-04-12,tiktok,35-44,US,1,0,0,0,0
u_002349,2026-05-01,campus,18-24,US,1,0,0,0,0
u_002350,2026-04-29,tiktok,45+,UK,0,1,0,1,1
u_002351,2026-04-05,referral,25-34,US,1,0,1,0,1
u_002352,2026-04-30,creator,18-24,Australia,1,1,1,0,0
u_002353,2026-04-01,creator,18-24,US,1,0,1,1,0
u_002354,2026-04-23,organic,18-24,Australia,0,1,1,0,0
u_002355,2026-04-15,creator,18-24,US,1,0,1,0,0
u_002356,2026-04-26,tiktok,18-24,US,1,0,1,1,0
u_002357,2026-04-07,search,35-44,US,1,0,1,0,0
u_002358,2026-04-18,organic,18-24,US,1,1,1,1,0
u_002359,2026-04-03,creator,18-24,US,1,1,1,1,0
u_002360,2026-04-02,referral,18-24,US,1,0,1,1,1
u_002361,2026-04-09,creator,25-34,US,0,1,0,1,1
u_002362,2026-04-02,organic,18-24,Other,1,0,1,1,1
u_002363,2026-04-20,campus,18-24,US,1,1,0,0,0
u_002364,2026-04-06,organic,18-24,US,1,0,1,1,0
u_002365,2026-04-29,tiktok,18-24,US,0,1,1,0,0
u_002366,2026-04-05,organic,18-24,US,0,1,0,0,0
u_002367,2026-04-04,organic,25-34,US,1,0,0,0,1
u_002368,2026-04-04,organic,25-34,US,1,0,0,0,0
u_002369,2026-04-21,organic,18-24,UK,1,0,0,1,1
u_002370,2026-04-25,referral,25-34,UK,1,0,0,0,1
u_002371,2026-04-02,organic,18-24,US,1,0,1,1,0
u_002372,2026-04-12,referral,18-24,US,1,0,0,1,0
u_002373,2026-04-19,creator,35-44,US,1,0,0,0,0
u_002374,2026-04-12,search,25-34,US,1,0,1,1,0
u_002375,2026-04-08,referral,18-24,US,0,1,1,1,0
u_002376,2026-04-26,tiktok,18-24,US,1,1,1,1,0
u_002377,2026-04-07,referral,18-24,US,0,1,0,0,0
u_002378,2026-04-15,referral,25-34,US,1,0,1,0,0
u_002379,2026-04-10,referral,18-24,US,1,0,0,0,0
u_002380,2026-04-19,organic,25-34,US,0,1,0,0,0
u_002381,2026-04-05,tiktok,25-34,US,0,1,0,0,1
u_002382,2026-04-01,organic,18-24,US,0,1,0,0,0
u_002383,2026-05-01,campus,18-24,Canada,1,1,1,1,0
u_002384,2026-04-19,tiktok,25-34,US,0,1,1,1,0
u_002385,2026-04-19,referral,35-44,US,1,0,0,0,0
u_002386,2026-04-01,tiktok,18-24,US,0,1,0,1,0
u_002387,2026-04-12,instagram,45+,US,1,0,0,0,0
u_002388,2026-04-21,campus,25-34,US,0,1,0,0,0
u_002389,2026-04-21,referral,18-24,US,1,0,1,0,0
u_002390,2026-04-08,instagram,18-24,Australia,0,1,1,0,0
u_002391,2026-04-28,tiktok,18-24,Australia,0,1,0,0,0
u_002392,2026-04-16,referral,18-24,UK,1,0,1,0,0
u_002393,2026-04-02,campus,25-34,US,1,0,1,1,0
u_002394,2026-04-03,tiktok,18-24,US,0,1,0,0,0
u_002395,2026-05-01,campus,35-44,US,0,1,0,0,0
u_002396,2026-05-01,tiktok,25-34,US,0,1,0,0,0
u_002397,2026-04-04,instagram,25-34,Canada,1,0,1,0,0
u_002398,2026-04-05,organic,18-24,US,0,1,0,0,0
u_002399,2026-04-09,search,45+,US,1,0,1,1,0
u_002400,2026-04-20,instagram,35-44,US,1,0,1,1,0
u_002401,2026-04-02,tiktok,25-34,US,1,0,0,1,0
u_002402,2026-04-20,instagram,18-24,US,1,0,1,1,0
u_002403,2026-05-01,referral,18-24,US,0,1,0,0,0
u_002404,2026-04-05,referral,18-24,US,1,1,1,1,0
u_002405,2026-04-07,tiktok,18-24,US,1,1,1,0,0
u_002406,2026-05-01,instagram,18-24,US,0,1,0,0,0
u_002407,2026-04-08,referral,35-44,US,0,1,1,0,0
u_002408,2026-04-12,referral,25-34,US,1,1,1,1,0
u_002409,2026-04-28,tiktok,18-24,US,1,1,0,1,0
u_002410,2026-04-27,instagram,18-24,US,0,1,1,0,0
u_002411,2026-04-10,organic,25-34,Canada,1,0,1,0,0
u_002412,2026-04-18,organic,18-24,US,1,1,1,1,0
u_002413,2026-04-29,search,25-34,US,1,0,0,0,0
u_002414,2026-04-09,referral,18-24,US,1,1,1,1,1
u_002415,2026-04-11,tiktok,18-24,Canada,0,1,1,1,0
u_002416,2026-04-07,tiktok,18-24,US,1,0,0,0,0
u_002417,2026-04-09,campus,25-34,Other,1,1,1,1,0
u_002418,2026-04-05,search,18-24,US,1,0,1,1,0
u_002419,2026-04-11,tiktok,25-34,UK,1,0,0,0,0
u_002420,2026-05-01,referral,18-24,Canada,1,1,1,1,0
u_002421,2026-04-20,instagram,25-34,UK,0,1,0,0,0
u_002422,2026-04-22,creator,25-34,US,1,1,1,1,0
u_002423,2026-04-26,organic,25-34,US,0,1,1,0,0
u_002424,2026-04-06,referral,18-24,US,0,1,0,1,0
u_002425,2026-05-01,referral,25-34,US,0,1,0,1,0
u_002426,2026-04-14,search,18-24,Canada,1,1,1,1,0
u_002427,2026-04-12,creator,18-24,US,1,0,1,1,0
u_002428,2026-04-23,referral,25-34,US,0,1,0,0,0
u_002429,2026-04-29,campus,18-24,US,1,0,0,1,0
u_002430,2026-04-20,creator,35-44,US,1,0,1,1,0
u_002431,2026-04-25,instagram,18-24,US,0,1,0,0,0
u_002432,2026-04-03,creator,18-24,US,1,1,1,1,0
u_002433,2026-04-27,instagram,18-24,US,1,1,1,1,0
u_002434,2026-04-30,referral,18-24,Canada,1,0,0,1,0
u_002435,2026-04-29,tiktok,35-44,UK,0,1,0,0,0
u_002436,2026-04-24,referral,18-24,UK,1,0,0,0,0
u_002437,2026-04-24,instagram,35-44,US,0,1,0,1,0
u_002438,2026-04-24,organic,18-24,US,0,1,1,1,0
u_002439,2026-04-10,creator,18-24,US,0,1,0,0,0
u_002440,2026-04-03,tiktok,35-44,US,1,0,1,0,0
u_002441,2026-04-19,organic,35-44,US,0,1,0,0,0
u_002442,2026-04-14,campus,18-24,Other,1,1,1,1,0
u_002443,2026-04-07,referral,18-24,Other,1,0,1,1,1
u_002444,2026-04-09,organic,18-24,US,1,0,1,1,0
u_002445,2026-04-17,organic,18-24,UK,0,1,0,0,0
u_002446,2026-04-07,referral,35-44,US,1,0,0,0,0
u_002447,2026-04-28,search,18-24,US,1,0,1,1,0
u_002448,2026-04-27,organic,18-24,US,0,1,1,0,0
u_002449,2026-04-30,instagram,25-34,US,0,1,0,0,0
u_002450,2026-04-25,campus,25-34,Australia,1,0,1,1,0
u_002451,2026-04-06,tiktok,18-24,US,0,1,1,1,0
u_002452,2026-04-13,instagram,35-44,Other,1,0,1,0,0
u_002453,2026-04-16,creator,18-24,Canada,0,1,1,0,0
u_002454,2026-04-02,tiktok,18-24,US,1,0,1,1,0
u_002455,2026-04-09,tiktok,35-44,US,0,1,0,0,0
u_002456,2026-04-09,tiktok,18-24,UK,1,0,0,1,0
u_002457,2026-04-07,instagram,25-34,US,1,1,1,1,0
u_002458,2026-04-10,search,45+,UK,1,0,1,1,0
u_002459,2026-04-06,instagram,18-24,US,1,0,0,0,0
u_002460,2026-04-14,tiktok,25-34,US,1,1,0,1,0
u_002461,2026-04-01,tiktok,18-24,Other,0,1,0,0,0
u_002462,2026-04-25,campus,18-24,US,1,0,1,1,0
u_002463,2026-04-22,creator,18-24,Other,0,1,0,0,0
u_002464,2026-04-11,creator,18-24,US,0,1,1,0,0
u_002465,2026-04-01,organic,25-34,US,0,1,0,0,0
u_002466,2026-04-14,organic,25-34,US,1,1,1,1,0
u_002467,2026-04-19,campus,25-34,US,1,0,1,0,0
u_002468,2026-04-07,creator,18-24,US,1,0,1,0,0
u_002469,2026-04-26,organic,18-24,US,1,0,1,1,0
u_002470,2026-04-11,referral,18-24,US,0,1,0,1,0
u_002471,2026-04-30,creator,25-34,US,1,0,1,1,1
u_002472,2026-04-20,instagram,18-24,US,1,0,0,1,0
u_002473,2026-04-24,instagram,18-24,UK,1,0,1,1,0
u_002474,2026-04-07,creator,18-24,US,1,1,1,0,0
u_002475,2026-04-17,organic,25-34,US,0,1,0,1,0
u_002476,2026-04-24,organic,18-24,US,0,1,0,0,0
u_002477,2026-04-09,search,25-34,US,1,0,1,0,0
u_002478,2026-04-14,search,18-24,US,1,1,0,1,1
u_002479,2026-04-21,referral,18-24,US,1,1,1,1,0
u_002480,2026-04-08,referral,25-34,US,1,0,1,1,0
u_002481,2026-04-19,campus,18-24,US,0,1,0,0,0
u_002482,2026-04-09,organic,18-24,US,1,0,1,0,0
u_002483,2026-04-18,organic,18-24,Other,0,1,0,0,0
u_002484,2026-04-03,organic,18-24,US,1,0,1,0,0
u_002485,2026-04-01,referral,25-34,US,0,1,0,0,0
u_002486,2026-04-06,search,35-44,UK,1,0,1,0,0
u_002487,2026-04-26,search,25-34,US,1,1,0,0,0
u_002488,2026-04-10,referral,18-24,US,1,1,0,1,0
u_002489,2026-04-05,search,25-34,UK,1,0,1,1,1
u_002490,2026-04-20,creator,45+,Other,0,1,0,0,0
u_002491,2026-04-16,organic,18-24,US,1,1,1,1,0
u_002492,2026-04-02,search,35-44,US,1,0,1,1,0
u_002493,2026-04-14,tiktok,18-24,US,0,1,0,1,0
u_002494,2026-04-21,referral,25-34,US,0,1,1,0,0
u_002495,2026-04-15,organic,35-44,UK,0,1,0,1,0
u_002496,2026-04-17,instagram,25-34,US,0,1,1,0,0
u_002497,2026-04-20,referral,18-24,Canada,0,1,0,1,0
u_002498,2026-04-26,referral,18-24,US,1,0,1,1,0
u_002499,2026-04-25,search,18-24,US,0,1,0,1,0
u_002500,2026-04-13,organic,18-24,US,0,1,0,0,0
u_002501,2026-04-13,referral,18-24,US,1,0,1,1,0
u_002502,2026-04-16,instagram,18-24,Australia,1,0,0,1,0
u_002503,2026-04-18,instagram,18-24,Canada,0,1,0,0,0
u_002504,2026-04-19,referral,35-44,US,1,1,1,1,1
u_002505,2026-04-01,search,18-24,US,0,1,0,0,0
u_002506,2026-04-22,organic,25-34,US,1,0,0,0,1
u_002507,2026-04-08,search,25-34,US,0,1,0,1,0
u_002508,2026-04-22,campus,18-24,US,0,1,0,0,0
u_002509,2026-04-16,search,25-34,US,0,1,1,0,0
u_002510,2026-04-27,tiktok,18-24,US,1,0,1,0,0
u_002511,2026-04-03,tiktok,18-24,US,0,1,0,0,0
u_002512,2026-04-10,instagram,18-24,Other,0,1,0,0,1
u_002513,2026-04-02,tiktok,25-34,US,0,1,1,0,0
u_002514,2026-04-24,campus,18-24,US,1,1,1,1,0
u_002515,2026-04-23,organic,25-34,US,0,1,0,0,0
u_002516,2026-04-21,search,18-24,US,1,1,1,1,0
u_002517,2026-04-15,creator,35-44,US,1,1,0,0,0
u_002518,2026-04-07,search,18-24,US,1,1,1,0,0
u_002519,2026-04-14,search,18-24,US,1,0,0,0,0
u_002520,2026-04-30,referral,18-24,US,1,0,1,1,1
u_002521,2026-04-27,referral,25-34,UK,1,1,1,1,0
u_002522,2026-04-12,tiktok,18-24,Canada,0,1,0,0,0
u_002523,2026-04-14,organic,25-34,Canada,1,0,1,1,1
u_002524,2026-04-04,instagram,25-34,UK,0,1,0,1,0
u_002525,2026-04-08,campus,25-34,Other,1,0,1,1,0
u_002526,2026-04-14,referral,35-44,US,1,0,0,1,0
u_002527,2026-04-29,instagram,18-24,US,1,0,0,0,0
u_002528,2026-04-19,creator,18-24,US,0,1,0,0,0
u_002529,2026-04-23,referral,25-34,Other,1,1,1,0,0
u_002530,2026-04-03,search,18-24,US,0,1,1,0,0
u_002531,2026-04-07,tiktok,18-24,US,1,0,1,1,0
u_002532,2026-04-06,tiktok,18-24,Australia,0,1,1,0,0
u_002533,2026-04-19,referral,35-44,US,1,1,1,1,0
u_002534,2026-04-21,tiktok,25-34,US,1,1,1,1,0
u_002535,2026-04-08,search,18-24,US,1,0,1,1,1
u_002536,2026-04-04,instagram,18-24,US,0,1,1,1,0
u_002537,2026-04-14,tiktok,35-44,US,0,1,0,0,0
u_002538,2026-04-15,instagram,18-24,US,0,1,0,0,1
u_002539,2026-04-20,referral,18-24,US,1,0,0,0,0
u_002540,2026-04-08,search,18-24,US,0,1,0,0,0
u_002541,2026-04-12,tiktok,25-34,UK,1,0,0,1,0
u_002542,2026-04-14,referral,18-24,Australia,1,0,1,1,0
u_002543,2026-04-07,campus,18-24,US,1,0,0,0,0
u_002544,2026-04-30,campus,18-24,US,0,1,0,0,0
u_002545,2026-04-27,organic,18-24,Australia,1,0,1,1,0
u_002546,2026-04-17,instagram,25-34,US,1,0,0,1,0
u_002547,2026-04-17,tiktok,18-24,Other,0,1,0,0,0
u_002548,2026-04-08,creator,18-24,US,1,0,1,1,0
u_002549,2026-04-16,search,18-24,US,1,0,0,0,0
u_002550,2026-04-03,tiktok,25-34,US,1,0,0,1,0
u_002551,2026-04-28,search,25-34,US,0,1,1,0,0
u_002552,2026-04-23,campus,25-34,US,1,0,1,1,0
u_002553,2026-04-16,organic,18-24,US,0,1,0,0,0
u_002554,2026-04-01,tiktok,18-24,UK,0,1,1,0,0
u_002555,2026-04-17,organic,18-24,US,1,0,0,0,0
u_002556,2026-04-16,organic,25-34,US,1,0,1,0,0
u_002557,2026-04-10,referral,45+,US,0,1,0,0,0
u_002558,2026-04-21,instagram,18-24,US,1,0,0,1,0
u_002559,2026-04-12,instagram,18-24,Canada,1,0,1,1,0
u_002560,2026-04-26,organic,18-24,Canada,1,1,1,0,0
u_002561,2026-04-08,creator,35-44,Other,0,1,1,0,0
u_002562,2026-04-25,instagram,25-34,US,0,1,1,0,0
u_002563,2026-04-01,instagram,25-34,US,0,1,1,1,0
u_002564,2026-04-03,organic,35-44,Australia,0,1,0,0,0
u_002565,2026-04-18,referral,25-34,US,0,1,0,0,1
u_002566,2026-04-05,instagram,35-44,Canada,1,1,0,0,0
u_002567,2026-04-22,creator,18-24,US,1,1,0,0,0
u_002568,2026-04-10,referral,18-24,US,0,1,0,0,0
u_002569,2026-04-15,organic,18-24,US,1,0,0,0,0
u_002570,2026-04-10,organic,45+,US,0,1,1,1,0
u_002571,2026-04-18,tiktok,18-24,US,0,1,0,0,0
u_002572,2026-04-15,tiktok,18-24,Australia,1,0,0,0,1
u_002573,2026-04-13,search,45+,Australia,0,1,1,1,0
u_002574,2026-04-01,instagram,25-34,US,0,1,1,0,0
u_002575,2026-04-22,tiktok,18-24,Canada,1,1,1,1,0
u_002576,2026-04-27,tiktok,25-34,UK,0,1,0,0,0
u_002577,2026-04-01,creator,25-34,US,1,1,1,0,0
u_002578,2026-04-07,creator,45+,US,1,0,1,1,0
u_002579,2026-04-11,organic,18-24,US,0,1,1,0,0
u_002580,2026-04-07,referral,18-24,US,1,0,0,0,0
u_002581,2026-05-01,instagram,25-34,US,0,1,1,0,0
u_002582,2026-04-06,search,25-34,US,1,0,1,0,0
u_002583,2026-04-28,referral,18-24,UK,1,0,1,1,0
u_002584,2026-04-23,organic,25-34,US,1,0,0,1,0
u_002585,2026-04-11,instagram,18-24,US,1,0,0,1,0
u_002586,2026-04-02,creator,25-34,US,1,1,1,0,1
u_002587,2026-04-28,search,25-34,Other,0,1,0,0,0
u_002588,2026-04-14,instagram,18-24,US,1,1,1,0,0
u_002589,2026-04-09,instagram,35-44,US,0,1,0,0,0
u_002590,2026-04-10,organic,25-34,US,0,1,0,0,0
u_002591,2026-04-06,instagram,18-24,Other,0,1,0,1,1
u_002592,2026-04-26,organic,18-24,US,0,1,0,0,0
u_002593,2026-05-01,instagram,18-24,US,1,0,1,1,0
u_002594,2026-04-24,tiktok,25-34,US,1,0,1,1,0
u_002595,2026-04-29,instagram,18-24,US,1,0,1,0,0
u_002596,2026-04-20,search,18-24,US,0,1,0,0,0
u_002597,2026-04-22,search,18-24,Australia,1,0,1,1,1
u_002598,2026-05-01,tiktok,18-24,Other,1,0,1,1,1
u_002599,2026-04-27,tiktok,25-34,US,1,1,1,1,0
u_002600,2026-04-30,campus,45+,UK,1,0,1,1,0
u_002601,2026-04-25,instagram,18-24,US,1,0,1,0,0
u_002602,2026-04-12,organic,25-34,US,1,1,0,0,1
u_002603,2026-04-24,tiktok,18-24,US,1,0,1,1,0
u_002604,2026-04-17,instagram,18-24,US,1,0,1,0,0
u_002605,2026-04-06,tiktok,18-24,US,0,1,0,0,0
u_002606,2026-04-15,creator,18-24,Canada,0,1,0,0,1
u_002607,2026-04-16,instagram,18-24,US,1,0,1,0,0
u_002608,2026-04-01,organic,25-34,US,1,1,1,1,1
u_002609,2026-04-13,referral,25-34,Canada,1,0,0,1,0
u_002610,2026-04-10,organic,35-44,US,1,1,0,0,0
u_002611,2026-04-10,creator,18-24,US,1,0,1,0,0
u_002612,2026-04-21,tiktok,35-44,US,0,1,0,0,0
u_002613,2026-04-07,instagram,18-24,US,0,1,0,0,0
u_002614,2026-04-16,search,18-24,US,1,1,1,1,1
u_002615,2026-04-25,organic,18-24,US,0,1,0,0,0
u_002616,2026-04-02,tiktok,18-24,US,1,1,0,0,0
u_002617,2026-04-29,organic,25-34,US,0,1,0,0,0
u_002618,2026-04-12,creator,35-44,US,1,1,0,0,0
u_002619,2026-04-11,organic,18-24,Australia,1,1,1,1,0
u_002620,2026-04-14,instagram,25-34,US,1,0,0,1,0
u_002621,2026-04-25,organic,25-34,US,0,1,1,1,0
u_002622,2026-04-22,tiktok,25-34,US,1,0,1,1,0
u_002623,2026-04-25,organic,18-24,US,1,1,1,0,1
u_002624,2026-04-02,referral,25-34,US,0,1,1,1,0
u_002625,2026-04-13,search,18-24,US,0,1,0,0,0
u_002626,2026-04-11,referral,25-34,Canada,0,1,1,0,0
u_002627,2026-04-11,tiktok,45+,Canada,1,0,0,0,0
u_002628,2026-04-19,referral,18-24,US,1,1,0,1,0
u_002629,2026-04-18,tiktok,18-24,Other,1,1,1,1,0
u_002630,2026-04-20,organic,18-24,US,1,0,0,1,0
u_002631,2026-04-11,instagram,18-24,US,1,0,0,0,0
u_002632,2026-04-28,organic,18-24,US,0,1,1,0,0
u_002633,2026-04-13,tiktok,18-24,US,1,0,1,1,1
u_002634,2026-04-08,organic,25-34,US,1,0,0,1,0
u_002635,2026-04-10,search,18-24,US,1,1,1,0,0
u_002636,2026-04-10,organic,25-34,US,1,0,1,1,0
u_002637,2026-04-04,tiktok,35-44,Other,1,1,1,1,0
u_002638,2026-04-12,tiktok,18-24,US,1,0,1,1,0
u_002639,2026-04-10,tiktok,35-44,US,0,1,1,1,0
u_002640,2026-04-21,tiktok,18-24,US,1,1,1,0,0
u_002641,2026-04-25,tiktok,25-34,Australia,1,0,1,0,0
u_002642,2026-04-25,organic,18-24,US,0,1,0,0,0
u_002643,2026-04-06,referral,25-34,UK,1,0,1,0,0
u_002644,2026-04-15,organic,18-24,US,1,0,0,0,0
u_002645,2026-04-03,referral,35-44,US,1,0,0,1,0
u_002646,2026-04-20,instagram,18-24,US,0,1,0,1,0
u_002647,2026-04-11,referral,18-24,Australia,1,1,1,1,0
u_002648,2026-04-03,organic,18-24,US,1,0,1,1,0
u_002649,2026-04-15,search,25-34,US,0,1,0,0,0
u_002650,2026-04-17,organic,18-24,US,1,0,1,0,1
u_002651,2026-04-08,campus,18-24,Australia,1,0,0,0,0
u_002652,2026-04-04,search,18-24,Canada,0,1,1,0,0
u_002653,2026-04-21,referral,35-44,Canada,0,1,0,1,0
u_002654,2026-04-04,tiktok,45+,US,1,0,1,0,0
u_002655,2026-04-30,tiktok,25-34,US,0,1,0,0,0
u_002656,2026-04-23,organic,25-34,UK,0,1,1,0,0
u_002657,2026-04-24,instagram,25-34,UK,0,1,0,0,0
u_002658,2026-04-01,instagram,18-24,UK,1,0,1,1,0
u_002659,2026-04-17,organic,25-34,US,0,1,0,0,0
u_002660,2026-04-23,search,25-34,US,0,1,1,0,0
u_002661,2026-04-26,instagram,18-24,US,0,1,1,1,0
u_002662,2026-04-16,search,25-34,UK,1,0,0,0,0
u_002663,2026-04-19,tiktok,35-44,US,1,0,1,1,0
u_002664,2026-04-19,creator,25-34,US,1,1,0,0,0
u_002665,2026-04-29,referral,18-24,US,1,1,0,0,0
u_002666,2026-04-18,campus,18-24,US,0,1,1,0,0
u_002667,2026-04-16,creator,35-44,Australia,1,1,1,1,0
u_002668,2026-04-04,creator,18-24,US,1,1,0,1,0
u_002669,2026-04-20,instagram,25-34,US,1,0,0,0,0
u_002670,2026-04-18,organic,25-34,US,0,1,0,1,0
u_002671,2026-04-28,instagram,25-34,US,1,1,1,1,0
u_002672,2026-04-18,instagram,18-24,US,1,1,1,1,1
u_002673,2026-04-28,organic,25-34,US,1,1,0,0,0
u_002674,2026-04-10,organic,18-24,US,1,0,0,0,0
u_002675,2026-04-03,creator,35-44,US,1,0,0,0,0
u_002676,2026-04-10,search,45+,US,1,0,1,1,0
u_002677,2026-04-03,organic,18-24,Canada,1,1,0,0,0
u_002678,2026-04-18,referral,35-44,Other,0,1,0,1,0
u_002679,2026-04-29,referral,18-24,US,1,1,0,0,0
u_002680,2026-04-07,instagram,25-34,US,1,0,1,0,0
u_002681,2026-04-19,search,18-24,US,0,1,0,0,0
u_002682,2026-04-22,referral,25-34,US,1,1,0,0,0
u_002683,2026-04-09,tiktok,18-24,Other,1,1,1,1,0
u_002684,2026-04-03,tiktok,18-24,US,0,1,1,0,0
u_002685,2026-04-02,organic,25-34,US,0,1,0,1,0
u_002686,2026-04-17,creator,18-24,US,1,0,1,0,0
u_002687,2026-04-29,referral,18-24,Australia,0,1,0,0,0
u_002688,2026-04-13,organic,18-24,UK,0,1,0,1,0
u_002689,2026-04-25,instagram,18-24,US,1,1,1,0,0
u_002690,2026-04-02,tiktok,18-24,Canada,1,1,1,1,0
u_002691,2026-04-12,tiktok,25-34,US,1,0,1,1,0
u_002692,2026-04-30,organic,18-24,US,0,1,0,0,1
u_002693,2026-04-23,creator,18-24,Other,1,0,1,1,0
u_002694,2026-04-16,organic,35-44,US,0,1,1,0,0
u_002695,2026-04-02,organic,25-34,US,1,0,1,0,0
u_002696,2026-04-30,instagram,25-34,US,1,0,1,1,0
u_002697,2026-04-11,search,18-24,US,0,1,0,0,0
u_002698,2026-04-17,tiktok,18-24,US,0,1,0,0,0
u_002699,2026-04-22,tiktok,18-24,US,0,1,1,1,0
u_002700,2026-04-26,search,18-24,US,1,1,1,1,0
u_002701,2026-04-07,search,35-44,US,1,0,0,1,1
u_002702,2026-04-03,instagram,25-34,US,1,0,1,1,0
u_002703,2026-04-03,organic,35-44,Other,0,1,0,0,0
u_002704,2026-04-07,creator,18-24,US,1,1,1,1,1
u_002705,2026-05-01,referral,35-44,US,1,0,1,1,0
u_002706,2026-04-24,referral,25-34,US,0,1,0,0,0
u_002707,2026-04-16,organic,18-24,Other,1,0,0,0,1
u_002708,2026-04-14,organic,18-24,Canada,0,1,1,1,0
u_002709,2026-04-26,instagram,35-44,US,1,0,0,0,0
u_002710,2026-04-24,tiktok,18-24,US,1,0,1,0,0
u_002711,2026-04-06,organic,18-24,US,0,1,1,0,0
u_002712,2026-04-08,tiktok,25-34,US,0,1,0,1,0
u_002713,2026-04-26,instagram,18-24,US,0,1,0,0,0
u_002714,2026-04-03,instagram,18-24,US,1,1,1,0,0
u_002715,2026-04-09,organic,25-34,US,0,1,1,1,0
u_002716,2026-04-30,creator,18-24,US,1,0,1,0,0
u_002717,2026-04-09,organic,25-34,US,1,0,0,1,0
u_002718,2026-04-19,tiktok,18-24,US,1,0,0,0,0
u_002719,2026-04-04,creator,18-24,US,1,1,1,1,0
u_002720,2026-04-12,creator,25-34,US,0,1,0,0,0
u_002721,2026-04-21,tiktok,18-24,US,1,1,0,1,0
u_002722,2026-04-26,tiktok,45+,US,0,1,0,0,0
u_002723,2026-04-26,tiktok,25-34,US,1,1,0,1,0
u_002724,2026-04-12,tiktok,25-34,UK,0,1,1,1,0
u_002725,2026-04-18,search,35-44,US,0,1,0,1,0
u_002726,2026-04-29,organic,35-44,US,1,1,0,0,0
u_002727,2026-04-24,campus,18-24,US,1,0,0,0,0
u_002728,2026-04-11,instagram,35-44,US,1,1,1,1,0
u_002729,2026-04-21,creator,25-34,Canada,0,1,1,0,0
u_002730,2026-04-22,campus,35-44,US,1,1,0,1,0
u_002731,2026-04-26,instagram,25-34,US,0,1,1,0,0
u_002732,2026-04-09,organic,25-34,Other,1,1,1,1,0
u_002733,2026-04-24,creator,18-24,US,0,1,0,1,1
u_002734,2026-04-25,campus,25-34,US,1,1,1,1,0
u_002735,2026-04-30,instagram,18-24,UK,0,1,1,1,1
u_002736,2026-04-14,organic,25-34,US,1,0,1,0,0
u_002737,2026-04-10,instagram,18-24,US,0,1,1,0,0
u_002738,2026-04-01,referral,18-24,US,0,1,0,0,0
u_002739,2026-04-12,organic,35-44,US,1,0,1,1,1
u_002740,2026-04-27,instagram,25-34,US,0,1,1,1,0
u_002741,2026-04-11,tiktok,35-44,US,1,0,1,0,0
u_002742,2026-04-07,tiktok,18-24,US,1,0,0,1,0
u_002743,2026-04-01,instagram,25-34,Other,0,1,0,0,0
u_002744,2026-04-09,referral,18-24,US,0,1,0,1,0
u_002745,2026-04-11,campus,18-24,US,1,0,1,1,1
u_002746,2026-04-10,search,18-24,US,1,1,1,1,0
u_002747,2026-04-11,referral,25-34,US,0,1,0,0,0
u_002748,2026-04-05,campus,35-44,US,0,1,0,0,1
u_002749,2026-04-23,search,18-24,Other,1,1,0,1,0
u_002750,2026-04-21,referral,18-24,US,0,1,0,0,0
u_002751,2026-04-10,search,18-24,US,1,1,0,0,0
u_002752,2026-04-18,creator,25-34,US,1,1,1,1,0
u_002753,2026-04-25,referral,18-24,Other,1,1,1,0,0
u_002754,2026-04-20,search,25-34,US,1,1,0,1,0
u_002755,2026-04-30,tiktok,25-34,US,1,0,0,1,0
u_002756,2026-04-18,instagram,18-24,Canada,1,0,0,0,0
u_002757,2026-04-09,instagram,18-24,UK,0,1,0,0,0
u_002758,2026-04-10,instagram,25-34,US,1,1,1,0,0
u_002759,2026-04-29,campus,25-34,US,0,1,0,1,0
u_002760,2026-04-13,organic,18-24,US,1,0,1,1,0
u_002761,2026-04-24,tiktok,18-24,Canada,1,1,1,0,1
u_002762,2026-04-13,organic,18-24,US,1,0,0,1,0
u_002763,2026-04-03,referral,18-24,US,0,1,0,1,0
u_002764,2026-04-30,creator,18-24,US,1,1,1,1,0
u_002765,2026-04-09,instagram,18-24,US,1,1,1,0,0
u_002766,2026-04-09,search,18-24,US,0,1,0,0,0
u_002767,2026-04-23,instagram,18-24,US,1,1,0,1,1
u_002768,2026-04-07,creator,25-34,US,1,1,1,1,0
u_002769,2026-04-29,referral,18-24,UK,1,0,1,1,1
u_002770,2026-04-22,referral,25-34,Canada,1,1,0,0,0
u_002771,2026-04-26,instagram,18-24,US,1,0,0,0,0
u_002772,2026-04-03,referral,25-34,US,0,1,0,0,0
u_002773,2026-04-19,campus,25-34,US,0,1,0,0,0
u_002774,2026-04-05,creator,25-34,US,1,0,0,1,1
u_002775,2026-04-24,tiktok,18-24,Canada,0,1,0,0,0
u_002776,2026-04-09,organic,18-24,UK,1,0,1,1,0
u_002777,2026-04-29,campus,25-34,Other,0,1,1,0,0
u_002778,2026-04-14,organic,25-34,US,1,1,1,0,0
u_002779,2026-04-30,organic,25-34,US,0,1,0,0,0
u_002780,2026-04-27,search,25-34,UK,1,0,1,1,1
u_002781,2026-04-15,organic,35-44,US,1,1,1,1,0
u_002782,2026-04-13,organic,25-34,UK,1,1,1,1,0
u_002783,2026-04-06,campus,18-24,US,0,1,0,1,0
u_002784,2026-04-07,organic,45+,US,0,1,1,0,0
u_002785,2026-04-28,instagram,25-34,US,1,1,0,1,0
u_002786,2026-04-19,organic,18-24,US,0,1,1,1,0
u_002787,2026-04-20,tiktok,18-24,Other,1,0,0,1,0
u_002788,2026-04-09,search,35-44,Australia,0,1,0,0,0
u_002789,2026-04-14,organic,45+,US,1,0,1,0,0
u_002790,2026-04-13,tiktok,25-34,Canada,1,1,1,0,0
u_002791,2026-04-19,search,18-24,US,0,1,0,0,0
u_002792,2026-04-14,search,25-34,US,1,1,1,1,0
u_002793,2026-04-04,organic,35-44,US,1,1,1,0,0
u_002794,2026-04-20,search,18-24,Canada,0,1,0,0,0
u_002795,2026-04-16,referral,25-34,US,1,0,0,1,0
u_002796,2026-04-23,search,18-24,US,1,0,1,1,0
u_002797,2026-04-21,instagram,18-24,US,1,0,1,1,0
u_002798,2026-04-18,organic,18-24,UK,1,0,1,1,0
u_002799,2026-04-28,organic,25-34,Other,0,1,1,1,0
u_002800,2026-04-01,tiktok,18-24,UK,1,1,1,0,0
u_002801,2026-04-16,search,18-24,Canada,0,1,1,1,0
u_002802,2026-04-08,campus,18-24,US,1,1,0,1,0
u_002803,2026-04-24,search,35-44,US,1,1,0,1,0
u_002804,2026-04-15,organic,25-34,US,0,1,0,1,0
u_002805,2026-04-27,organic,18-24,UK,0,1,0,0,1
u_002806,2026-04-10,referral,18-24,US,1,0,1,0,0
u_002807,2026-04-30,tiktok,35-44,Canada,1,0,1,1,0
u_002808,2026-04-12,search,35-44,US,0,1,0,0,0
u_002809,2026-04-07,tiktok,18-24,US,0,1,0,0,0
u_002810,2026-04-23,referral,25-34,US,1,1,1,0,0
u_002811,2026-04-04,creator,18-24,Australia,0,1,0,0,0
u_002812,2026-04-09,referral,18-24,Canada,1,0,1,0,0
u_002813,2026-04-11,search,18-24,Canada,0,1,0,0,0
u_002814,2026-04-20,organic,18-24,UK,1,0,1,1,0
u_002815,2026-04-03,tiktok,18-24,US,0,1,1,0,0
u_002816,2026-05-01,referral,35-44,US,1,0,0,0,0
u_002817,2026-04-19,tiktok,18-24,Canada,1,1,0,0,0
u_002818,2026-04-24,organic,18-24,US,1,0,0,0,0
u_002819,2026-04-14,referral,18-24,US,1,1,1,1,0
u_002820,2026-04-19,referral,25-34,US,0,1,1,0,1
u_002821,2026-04-23,referral,25-34,US,1,1,0,0,0
u_002822,2026-04-21,instagram,25-34,UK,0,1,1,0,0
u_002823,2026-04-13,organic,18-24,US,0,1,0,0,0
u_002824,2026-04-26,instagram,18-24,US,0,1,1,0,0
u_002825,2026-04-18,campus,18-24,US,0,1,0,0,0
u_002826,2026-04-01,creator,25-34,US,1,1,0,1,0
u_002827,2026-04-20,organic,18-24,US,1,0,0,0,0
u_002828,2026-04-05,search,18-24,US,1,0,1,0,0
u_002829,2026-04-24,referral,18-24,US,0,1,0,0,0
u_002830,2026-04-21,creator,35-44,US,1,1,0,0,0
u_002831,2026-04-26,instagram,18-24,US,1,0,1,1,0
u_002832,2026-04-04,instagram,25-34,US,0,1,1,0,0
u_002833,2026-04-13,creator,18-24,Australia,1,0,0,0,0
u_002834,2026-04-04,campus,35-44,US,1,0,0,0,0
u_002835,2026-04-08,referral,25-34,US,0,1,1,0,0
u_002836,2026-04-12,organic,18-24,UK,1,1,0,0,0
u_002837,2026-04-28,tiktok,25-34,US,0,1,1,0,0
u_002838,2026-05-01,organic,18-24,Canada,1,0,0,1,1
u_002839,2026-04-17,instagram,25-34,Canada,1,0,1,1,1
u_002840,2026-04-12,organic,18-24,US,0,1,0,1,0
u_002841,2026-04-17,organic,18-24,Canada,1,1,0,1,0
u_002842,2026-04-07,organic,35-44,US,0,1,0,1,0
u_002843,2026-04-05,instagram,18-24,UK,1,0,1,1,1
u_002844,2026-04-04,instagram,18-24,US,1,0,0,0,0
u_002845,2026-04-27,instagram,18-24,US,1,0,1,0,0
u_002846,2026-04-28,tiktok,18-24,US,1,0,0,1,0
u_002847,2026-04-15,tiktok,25-34,US,1,0,1,0,1
u_002848,2026-04-21,campus,18-24,US,1,1,0,0,0
u_002849,2026-04-25,tiktok,18-24,US,0,1,0,0,0
u_002850,2026-04-28,referral,25-34,Canada,0,1,0,0,0
u_002851,2026-04-20,instagram,18-24,US,1,0,1,0,0
u_002852,2026-04-25,referral,25-34,US,0,1,0,0,0
u_002853,2026-04-04,referral,18-24,US,1,0,1,1,0
u_002854,2026-04-13,organic,25-34,US,1,1,1,1,1
u_002855,2026-04-19,organic,18-24,UK,0,1,1,0,1
u_002856,2026-04-18,referral,25-34,US,1,0,1,0,0
u_002857,2026-04-07,instagram,18-24,US,1,0,0,0,0
u_002858,2026-04-10,instagram,18-24,US,0,1,0,0,0
u_002859,2026-04-14,instagram,18-24,US,1,1,1,1,0
u_002860,2026-04-28,organic,25-34,US,0,1,0,0,0
u_002861,2026-04-14,search,18-24,US,1,1,1,1,0
u_002862,2026-04-24,creator,18-24,Canada,1,1,1,0,0
u_002863,2026-04-07,referral,18-24,US,0,1,0,0,0
u_002864,2026-04-16,campus,45+,US,1,1,1,0,0
u_002865,2026-04-16,instagram,18-24,US,1,0,1,1,1
u_002866,2026-04-03,instagram,18-24,US,0,1,1,0,0
u_002867,2026-04-14,tiktok,18-24,US,1,1,1,1,0
u_002868,2026-04-05,search,18-24,US,1,1,0,1,0
u_002869,2026-04-12,organic,18-24,US,0,1,1,1,0
u_002870,2026-04-13,instagram,35-44,US,0,1,0,1,0
u_002871,2026-05-01,search,45+,US,1,0,1,1,1
u_002872,2026-04-18,creator,25-34,US,1,0,1,1,0
u_002873,2026-04-06,referral,35-44,US,1,0,1,0,0
u_002874,2026-04-25,referral,35-44,US,0,1,0,0,1
u_002875,2026-04-13,creator,35-44,Other,1,0,1,0,0
u_002876,2026-04-09,organic,18-24,US,1,0,0,0,0
u_002877,2026-04-22,tiktok,18-24,US,0,1,0,0,0
u_002878,2026-04-09,instagram,18-24,US,1,0,1,1,0
u_002879,2026-04-10,instagram,35-44,US,1,1,1,1,0
u_002880,2026-05-01,search,18-24,US,1,0,0,0,0
u_002881,2026-04-27,referral,45+,US,0,1,1,1,0
u_002882,2026-04-19,organic,18-24,US,0,1,0,0,0
u_002883,2026-04-04,referral,25-34,Other,0,1,0,0,0
u_002884,2026-04-28,search,25-34,UK,1,1,1,1,1
u_002885,2026-04-05,organic,25-34,US,0,1,0,0,0
u_002886,2026-04-24,organic,18-24,US,0,1,0,0,0
u_002887,2026-04-21,referral,18-24,US,0,1,0,0,0
u_002888,2026-04-07,instagram,18-24,US,0,1,0,0,0
u_002889,2026-04-06,search,45+,US,0,1,0,0,0
u_002890,2026-05-01,organic,18-24,US,0,1,0,0,0
u_002891,2026-04-13,organic,35-44,US,0,1,0,1,0
u_002892,2026-04-05,organic,18-24,US,1,0,0,0,0
u_002893,2026-04-28,instagram,35-44,US,0,1,0,1,0
u_002894,2026-04-05,creator,18-24,UK,0,1,0,0,0
u_002895,2026-04-28,organic,35-44,Other,1,1,1,1,1
u_002896,2026-04-21,tiktok,25-34,US,0,1,0,0,0
u_002897,2026-04-26,organic,18-24,US,1,0,1,1,0
u_002898,2026-04-13,tiktok,18-24,UK,1,1,1,0,0
u_002899,2026-04-05,campus,25-34,US,1,0,0,1,0
u_002900,2026-04-20,organic,25-34,US,1,1,1,1,0
u_002901,2026-04-22,organic,45+,UK,1,0,0,1,0
u_002902,2026-04-07,organic,18-24,US,0,1,1,0,0
u_002903,2026-04-23,creator,18-24,US,1,1,1,0,0
u_002904,2026-04-12,tiktok,18-24,US,1,0,1,1,0
u_002905,2026-04-12,creator,25-34,US,1,0,0,0,0
u_002906,2026-04-09,tiktok,18-24,US,1,1,0,1,0
u_002907,2026-04-27,organic,18-24,US,0,1,0,0,0
u_002908,2026-04-04,creator,18-24,Canada,1,1,1,1,0
u_002909,2026-05-01,search,18-24,US,0,1,1,0,0
u_002910,2026-04-07,instagram,25-34,US,1,0,1,1,0
u_002911,2026-04-08,instagram,25-34,US,0,1,0,0,0
u_002912,2026-04-30,organic,25-34,US,1,1,0,0,0
u_002913,2026-04-24,organic,18-24,Canada,1,0,0,0,0
u_002914,2026-04-18,referral,18-24,US,1,0,0,1,0
u_002915,2026-04-05,creator,18-24,US,0,1,1,0,0
u_002916,2026-04-11,instagram,18-24,Canada,0,1,0,0,0
u_002917,2026-04-19,organic,18-24,US,1,1,0,0,0
u_002918,2026-04-10,search,35-44,US,0,1,0,0,0
u_002919,2026-04-19,organic,25-34,US,0,1,1,0,0
u_002920,2026-04-01,tiktok,25-34,Australia,0,1,0,1,0
u_002921,2026-04-02,organic,18-24,Australia,1,0,0,0,0
u_002922,2026-04-10,search,18-24,Other,0,1,0,0,0
u_002923,2026-04-15,tiktok,18-24,Australia,1,0,0,0,0
u_002924,2026-04-21,tiktok,25-34,UK,1,1,1,1,0
u_002925,2026-04-26,organic,25-34,US,1,1,1,1,0
u_002926,2026-04-10,campus,18-24,UK,1,1,1,1,1
u_002927,2026-04-06,organic,18-24,US,1,0,1,1,0
u_002928,2026-04-13,search,25-34,US,1,1,0,0,1
u_002929,2026-04-11,referral,35-44,US,1,0,1,0,0
u_002930,2026-04-29,organic,25-34,US,1,0,0,0,0
u_002931,2026-05-01,campus,18-24,US,0,1,0,0,1
u_002932,2026-04-01,organic,18-24,Canada,1,1,1,1,0
u_002933,2026-04-06,organic,25-34,Canada,0,1,1,1,0
u_002934,2026-04-30,referral,18-24,US,0,1,1,0,0
u_002935,2026-04-05,search,18-24,Other,0,1,1,1,0
u_002936,2026-04-13,search,18-24,Canada,0,1,0,0,0
u_002937,2026-04-29,referral,18-24,US,1,1,1,0,0
u_002938,2026-04-02,organic,25-34,US,1,0,1,1,0
u_002939,2026-04-18,instagram,18-24,UK,0,1,1,0,0
u_002940,2026-04-19,referral,25-34,Canada,1,0,1,0,0
u_002941,2026-04-04,creator,18-24,Other,1,1,0,0,0
u_002942,2026-04-22,organic,35-44,Canada,1,0,0,0,0
u_002943,2026-04-17,referral,18-24,US,1,0,1,0,0
u_002944,2026-04-16,creator,35-44,US,0,1,1,0,0
u_002945,2026-04-22,instagram,25-34,UK,0,1,0,1,0
u_002946,2026-04-10,instagram,18-24,Australia,0,1,0,0,0
u_002947,2026-04-29,tiktok,18-24,Australia,1,1,1,1,0
u_002948,2026-04-26,referral,45+,US,1,1,1,1,0
u_002949,2026-04-04,referral,45+,Other,1,1,0,1,0
u_002950,2026-04-09,search,18-24,US,0,1,0,1,0
u_002951,2026-04-22,instagram,25-34,US,1,0,1,0,0
u_002952,2026-04-07,organic,18-24,US,1,0,1,0,0
u_002953,2026-04-30,referral,18-24,US,0,1,1,0,0
u_002954,2026-04-20,tiktok,25-34,UK,1,0,1,0,0
u_002955,2026-04-26,creator,35-44,US,1,1,0,0,0
u_002956,2026-04-03,organic,25-34,US,0,1,1,0,0
u_002957,2026-04-01,search,18-24,US,1,0,1,0,0
u_002958,2026-04-17,instagram,25-34,US,0,1,0,1,0
u_002959,2026-04-28,organic,18-24,US,1,0,1,0,0
u_002960,2026-04-17,referral,18-24,US,0,1,1,1,0
u_002961,2026-04-05,search,35-44,US,0,1,0,0,0
u_002962,2026-04-18,organic,18-24,Other,1,1,1,1,0
u_002963,2026-04-20,organic,18-24,US,1,1,1,1,0
u_002964,2026-04-07,search,18-24,US,0,1,1,0,0
u_002965,2026-04-18,organic,18-24,Canada,1,1,0,0,0
u_002966,2026-04-09,search,18-24,US,1,1,1,1,0
u_002967,2026-04-02,creator,25-34,US,0,1,0,0,0
u_002968,2026-04-12,instagram,25-34,UK,1,1,0,0,0
u_002969,2026-04-20,referral,18-24,US,1,0,0,1,0
u_002970,2026-04-02,organic,18-24,US,0,1,1,0,0
u_002971,2026-04-21,instagram,18-24,US,0,1,0,1,0
u_002972,2026-04-24,organic,25-34,Australia,1,1,1,1,0
u_002973,2026-04-04,tiktok,18-24,US,0,1,0,0,0
u_002974,2026-04-16,creator,18-24,US,0,1,1,0,0
u_002975,2026-04-30,instagram,25-34,US,1,0,1,1,0
u_002976,2026-04-27,instagram,25-34,US,0,1,0,1,1
u_002977,2026-04-04,referral,18-24,UK,0,1,1,0,0
u_002978,2026-04-15,instagram,18-24,Australia,1,0,1,0,0
u_002979,2026-04-14,referral,25-34,US,0,1,1,1,0
u_002980,2026-04-17,tiktok,35-44,US,1,0,1,0,0
u_002981,2026-04-30,organic,18-24,Canada,1,1,1,1,0
u_002982,2026-04-15,tiktok,18-24,US,0,1,0,0,1
u_002983,2026-04-25,organic,18-24,US,0,1,0,0,0
u_002984,2026-05-01,tiktok,25-34,UK,0,1,0,0,0
u_002985,2026-04-25,organic,35-44,Canada,1,0,0,0,0
u_002986,2026-04-10,organic,25-34,Other,0,1,0,0,1
u_002987,2026-04-10,search,18-24,US,1,1,0,0,0
u_002988,2026-04-25,tiktok,25-34,UK,1,1,0,1,0
u_002989,2026-04-22,creator,18-24,US,1,1,1,1,0
u_002990,2026-04-28,referral,45+,US,1,0,0,1,1
u_002991,2026-04-07,referral,18-24,US,1,1,1,1,1
u_002992,2026-04-11,instagram,25-34,US,1,1,1,1,0
u_002993,2026-04-23,search,25-34,US,0,1,1,0,0
u_002994,2026-04-16,tiktok,18-24,Australia,1,0,0,0,0
u_002995,2026-04-12,search,25-34,US,1,0,0,0,0
u_002996,2026-04-18,referral,25-34,Australia,1,0,1,1,1
u_002997,2026-04-11,referral,25-34,US,1,0,0,1,0
u_002998,2026-04-18,tiktok,18-24,US,1,0,0,0,0
u_002999,2026-04-27,campus,35-44,US,1,0,0,0,0
u_003000,2026-04-03,campus,35-44,US,0,1,0,0,0
u_003001,2026-04-05,tiktok,18-24,UK,0,1,0,1,0
u_003002,2026-04-14,creator,18-24,US,1,1,1,1,0
u_003003,2026-04-22,organic,25-34,US,0,1,1,0,0
u_003004,2026-04-15,tiktok,18-24,Other,0,1,0,1,0
u_003005,2026-04-21,organic,35-44,US,0,1,1,0,0
u_003006,2026-04-14,instagram,18-24,US,1,0,1,1,0
u_003007,2026-04-25,organic,18-24,US,0,1,0,0,0
u_003008,2026-04-26,organic,18-24,US,1,0,1,1,0
u_003009,2026-04-28,campus,18-24,US,0,1,1,0,0
u_003010,2026-04-07,campus,25-34,US,1,0,0,0,0
u_003011,2026-04-28,creator,18-24,Canada,0,1,1,1,0
u_003012,2026-04-02,organic,18-24,US,0,1,0,0,0
u_003013,2026-04-30,tiktok,18-24,US,1,1,0,1,0
u_003014,2026-04-20,organic,18-24,US,1,0,0,0,0
u_003015,2026-04-30,instagram,18-24,US,1,1,0,1,0
u_003016,2026-04-18,instagram,25-34,US,1,0,1,1,1
u_003017,2026-04-09,instagram,18-24,US,0,1,0,1,0
u_003018,2026-04-12,instagram,18-24,US,0,1,1,1,1
u_003019,2026-04-02,tiktok,18-24,US,1,0,1,1,0
u_003020,2026-04-07,organic,18-24,US,0,1,1,0,0
u_003021,2026-04-13,organic,18-24,US,1,0,0,1,0
u_003022,2026-04-19,tiktok,25-34,US,1,1,0,1,0
u_003023,2026-04-17,referral,25-34,US,1,1,0,0,0
u_003024,2026-04-30,search,18-24,Australia,1,0,1,1,0
u_003025,2026-04-29,referral,18-24,US,1,1,1,1,0
u_003026,2026-04-11,organic,25-34,UK,1,0,1,1,0
u_003027,2026-04-21,referral,25-34,US,1,0,1,1,0
u_003028,2026-04-02,organic,18-24,US,0,1,0,0,0
u_003029,2026-04-29,organic,18-24,US,0,1,1,1,0
u_003030,2026-04-29,campus,18-24,US,1,0,1,1,0
u_003031,2026-04-19,tiktok,18-24,US,0,1,0,0,0
u_003032,2026-04-17,organic,35-44,Other,1,0,0,0,0
u_003033,2026-04-04,instagram,25-34,US,0,1,1,1,1
u_003034,2026-04-04,tiktok,18-24,US,1,0,1,1,1
u_003035,2026-04-24,referral,25-34,UK,0,1,1,0,0
u_003036,2026-04-10,tiktok,25-34,US,0,1,0,0,0
u_003037,2026-04-13,search,18-24,Australia,1,0,0,1,1
u_003038,2026-04-17,search,18-24,US,0,1,0,1,1
u_003039,2026-04-26,instagram,18-24,Canada,0,1,0,1,0
u_003040,2026-04-06,referral,25-34,US,1,0,1,0,0
u_003041,2026-04-25,referral,25-34,US,1,0,1,1,0
u_003042,2026-04-17,creator,18-24,US,1,0,0,0,0
u_003043,2026-04-16,campus,18-24,US,1,0,0,0,0
u_003044,2026-04-05,organic,18-24,Other,1,1,1,1,0
u_003045,2026-04-02,instagram,18-24,Australia,0,1,0,0,0
u_003046,2026-04-08,referral,18-24,US,1,1,0,1,0
u_003047,2026-04-20,campus,18-24,US,0,1,1,0,0
u_003048,2026-04-28,search,18-24,US,1,1,0,1,0
u_003049,2026-04-23,referral,35-44,US,1,1,0,0,0
u_003050,2026-04-26,tiktok,18-24,US,1,0,0,1,0
u_003051,2026-04-10,campus,18-24,US,1,1,1,1,1
u_003052,2026-04-28,tiktok,18-24,US,0,1,1,0,0
u_003053,2026-04-20,instagram,18-24,US,1,0,1,1,0
u_003054,2026-04-09,organic,18-24,US,1,0,0,0,0
u_003055,2026-04-14,search,35-44,US,1,1,1,1,0
u_003056,2026-05-01,organic,18-24,UK,0,1,1,1,0
u_003057,2026-04-17,tiktok,18-24,US,0,1,1,0,0
u_003058,2026-04-21,referral,18-24,US,0,1,1,0,0
u_003059,2026-04-22,referral,45+,US,1,0,0,1,0
u_003060,2026-04-15,instagram,18-24,Other,1,1,1,0,0
u_003061,2026-04-21,referral,25-34,US,1,0,0,1,0
u_003062,2026-04-10,campus,35-44,US,1,0,1,1,1
u_003063,2026-04-15,referral,25-34,US,1,0,0,1,1
u_003064,2026-04-24,organic,25-34,US,0,1,0,0,0
u_003065,2026-04-28,instagram,18-24,Other,1,0,0,1,0
u_003066,2026-04-28,organic,18-24,US,1,0,1,0,1
u_003067,2026-04-19,campus,18-24,US,1,1,1,0,0
u_003068,2026-04-30,organic,18-24,US,1,0,1,1,0
u_003069,2026-04-17,organic,25-34,US,1,1,1,0,1
u_003070,2026-04-18,referral,18-24,Canada,1,0,0,0,0
u_003071,2026-04-06,search,25-34,US,1,0,1,0,1
u_003072,2026-04-24,organic,25-34,US,1,0,1,0,0
u_003073,2026-04-23,tiktok,18-24,US,1,0,0,0,0
u_003074,2026-04-01,referral,18-24,US,0,1,1,1,0
u_003075,2026-04-03,referral,18-24,US,0,1,0,0,0
u_003076,2026-04-01,search,18-24,US,1,0,1,0,0
u_003077,2026-04-08,instagram,18-24,Canada,1,0,1,1,0
u_003078,2026-04-12,search,18-24,US,0,1,0,1,0
u_003079,2026-04-30,tiktok,25-34,US,0,1,1,1,0
u_003080,2026-04-16,referral,18-24,US,1,0,1,1,0
u_003081,2026-04-11,instagram,35-44,US,1,0,0,1,0
u_003082,2026-04-19,instagram,18-24,US,0,1,0,1,0
u_003083,2026-04-20,organic,18-24,US,0,1,0,0,0
u_003084,2026-04-25,campus,25-34,US,0,1,1,1,0
u_003085,2026-04-27,organic,25-34,Canada,1,0,1,0,0
u_003086,2026-04-25,instagram,25-34,US,1,1,1,0,0
u_003087,2026-04-04,referral,18-24,US,0,1,0,0,0
u_003088,2026-04-08,tiktok,18-24,US,1,1,0,1,1
u_003089,2026-05-01,creator,25-34,US,0,1,1,1,0
u_003090,2026-04-09,referral,18-24,Other,1,1,1,0,0
u_003091,2026-04-20,organic,18-24,US,1,0,1,0,0
u_003092,2026-04-12,creator,25-34,US,1,1,1,1,0
u_003093,2026-04-19,tiktok,18-24,US,0,1,1,0,0
u_003094,2026-04-01,search,25-34,US,1,1,0,0,0
u_003095,2026-04-06,tiktok,35-44,US,1,1,0,0,0
u_003096,2026-05-01,referral,35-44,US,1,0,0,1,0
u_003097,2026-05-01,campus,35-44,US,1,0,0,1,0
u_003098,2026-04-12,instagram,18-24,Canada,0,1,1,1,0
u_003099,2026-05-01,creator,35-44,US,1,0,0,1,0
u_003100,2026-04-26,search,25-34,UK,0,1,0,0,0
u_003101,2026-04-01,tiktok,25-34,US,1,0,1,1,0
u_003102,2026-04-20,referral,18-24,Canada,0,1,1,0,0
u_003103,2026-04-02,instagram,18-24,US,1,0,1,1,0
u_003104,2026-04-21,search,25-34,US,0,1,0,0,0
u_003105,2026-04-30,organic,18-24,UK,0,1,0,0,0
u_003106,2026-05-01,campus,18-24,US,0,1,0,0,0
u_003107,2026-04-07,tiktok,18-24,US,0,1,0,0,0
u_003108,2026-05-01,instagram,18-24,US,1,0,1,0,0
u_003109,2026-04-20,referral,18-24,US,1,0,1,0,0
u_003110,2026-04-18,organic,18-24,US,1,0,1,1,0
u_003111,2026-04-27,organic,18-24,US,1,0,1,1,1
u_003112,2026-05-01,tiktok,18-24,US,0,1,0,1,1
u_003113,2026-04-01,instagram,35-44,US,1,1,1,0,0
u_003114,2026-04-16,tiktok,35-44,Australia,1,1,1,1,0
u_003115,2026-04-11,organic,25-34,US,0,1,0,1,0
u_003116,2026-04-22,campus,18-24,US,0,1,0,0,0
u_003117,2026-04-05,campus,18-24,US,0,1,0,0,0
u_003118,2026-04-02,search,35-44,US,0,1,0,0,0
u_003119,2026-04-13,tiktok,35-44,US,0,1,1,1,0
u_003120,2026-04-15,campus,25-34,US,1,0,1,0,0
u_003121,2026-04-11,organic,25-34,UK,1,0,0,0,0
u_003122,2026-04-11,organic,18-24,Other,1,1,1,1,0
u_003123,2026-04-19,organic,25-34,US,1,0,1,1,1
u_003124,2026-04-20,tiktok,18-24,US,1,0,1,1,0
u_003125,2026-04-27,campus,18-24,US,1,1,1,1,0
u_003126,2026-05-01,organic,18-24,US,0,1,0,0,0
u_003127,2026-04-09,campus,18-24,US,0,1,1,1,1
u_003128,2026-04-08,instagram,18-24,US,0,1,0,0,0
u_003129,2026-04-22,campus,25-34,UK,1,1,1,1,0
u_003130,2026-04-24,instagram,25-34,Other,1,1,1,1,1
u_003131,2026-04-26,instagram,25-34,US,1,1,0,1,0
u_003132,2026-04-14,creator,18-24,US,1,0,1,0,0
u_003133,2026-04-21,campus,25-34,US,0,1,1,0,0
u_003134,2026-04-01,search,45+,US,0,1,0,0,0
u_003135,2026-04-15,instagram,18-24,US,1,1,1,1,0
u_003136,2026-04-02,organic,18-24,US,0,1,1,1,0
u_003137,2026-04-29,referral,35-44,US,1,0,1,0,0
u_003138,2026-04-04,referral,18-24,US,0,1,0,0,0
u_003139,2026-04-25,search,25-34,Australia,1,0,0,1,0
u_003140,2026-04-07,referral,18-24,US,0,1,0,0,0
u_003141,2026-04-01,organic,18-24,US,1,1,1,1,0
u_003142,2026-04-19,tiktok,25-34,US,0,1,0,0,0
u_003143,2026-04-11,campus,45+,UK,0,1,0,0,0
u_003144,2026-04-22,instagram,25-34,US,0,1,0,0,0
u_003145,2026-04-05,campus,25-34,US,0,1,0,0,0
u_003146,2026-04-13,instagram,18-24,US,0,1,1,0,0
u_003147,2026-04-05,tiktok,25-34,US,0,1,1,0,0
u_003148,2026-04-08,search,18-24,Other,0,1,1,0,0
u_003149,2026-04-05,tiktok,18-24,US,0,1,0,0,0
u_003150,2026-04-02,organic,35-44,US,1,1,1,0,0
u_003151,2026-04-28,organic,35-44,US,0,1,0,1,1
u_003152,2026-04-19,organic,25-34,US,1,0,0,0,1
u_003153,2026-04-08,referral,18-24,US,0,1,1,0,0
u_003154,2026-04-13,instagram,25-34,US,1,0,1,1,0
u_003155,2026-04-09,tiktok,18-24,US,1,0,0,0,0
u_003156,2026-04-16,organic,18-24,US,1,1,1,1,1
u_003157,2026-04-13,referral,18-24,US,0,1,1,0,1
u_003158,2026-04-13,search,18-24,UK,1,1,1,1,0
u_003159,2026-04-23,campus,18-24,US,0,1,0,0,0
u_003160,2026-04-22,referral,25-34,UK,1,1,1,0,0
u_003161,2026-04-14,search,25-34,Canada,0,1,1,0,0
u_003162,2026-04-12,tiktok,35-44,US,0,1,1,0,0
u_003163,2026-04-04,organic,45+,US,1,1,1,1,0
u_003164,2026-04-07,search,25-34,US,1,0,0,0,1
u_003165,2026-04-01,referral,25-34,US,0,1,0,1,0
u_003166,2026-04-14,tiktok,25-34,US,0,1,0,0,0
u_003167,2026-04-23,creator,35-44,Canada,0,1,1,0,0
u_003168,2026-04-30,tiktok,35-44,UK,0,1,1,0,0
u_003169,2026-04-01,creator,18-24,Other,0,1,1,1,1
u_003170,2026-04-10,campus,25-34,US,1,0,1,0,0
u_003171,2026-04-23,tiktok,18-24,US,1,0,1,1,0
u_003172,2026-04-11,creator,18-24,US,1,1,1,1,0
u_003173,2026-04-22,organic,25-34,US,1,1,0,1,0
u_003174,2026-04-26,tiktok,18-24,Other,0,1,1,0,0
u_003175,2026-04-10,search,35-44,US,1,0,1,0,1
u_003176,2026-04-11,tiktok,25-34,US,1,0,0,0,0
u_003177,2026-04-18,campus,35-44,US,0,1,1,0,0
u_003178,2026-04-13,campus,18-24,US,1,0,1,0,1
u_003179,2026-04-14,tiktok,25-34,US,1,1,1,1,0
u_003180,2026-04-14,organic,25-34,US,1,0,0,1,0
u_003181,2026-04-14,instagram,25-34,US,0,1,0,1,0
u_003182,2026-04-18,organic,18-24,US,1,0,1,0,0
u_003183,2026-04-05,instagram,25-34,US,0,1,0,0,0
u_003184,2026-04-10,creator,45+,UK,1,0,1,0,0
u_003185,2026-05-01,search,18-24,US,1,0,0,0,0
u_003186,2026-04-06,referral,25-34,Canada,0,1,0,0,0
u_003187,2026-04-06,referral,18-24,US,0,1,0,1,0
u_003188,2026-04-14,referral,18-24,Other,1,1,1,1,0
u_003189,2026-04-01,campus,35-44,Other,1,1,1,0,0
u_003190,2026-04-25,organic,18-24,US,0,1,0,0,0
u_003191,2026-04-22,tiktok,18-24,US,0,1,1,0,0
u_003192,2026-04-14,organic,35-44,US,1,0,1,1,0
u_003193,2026-04-09,instagram,45+,US,1,0,1,0,0
u_003194,2026-05-01,organic,25-34,Canada,0,1,1,0,1
u_003195,2026-04-04,instagram,18-24,Australia,0,1,0,0,0
u_003196,2026-04-18,referral,18-24,US,1,0,1,0,0
u_003197,2026-04-30,instagram,25-34,US,0,1,0,0,1
u_003198,2026-04-11,search,25-34,US,1,1,1,1,0
u_003199,2026-04-10,organic,18-24,US,1,1,1,1,0
u_003200,2026-04-07,instagram,18-24,US,1,1,0,0,0
u_003201,2026-04-15,creator,18-24,US,1,0,0,1,0
u_003202,2026-04-26,organic,18-24,US,0,1,1,1,1
u_003203,2026-04-24,referral,18-24,US,1,0,0,0,0
u_003204,2026-04-26,referral,18-24,US,1,1,1,1,0
u_003205,2026-04-08,creator,25-34,Other,0,1,1,0,0
u_003206,2026-04-08,search,18-24,US,1,0,0,0,1
u_003207,2026-04-25,referral,25-34,US,0,1,0,0,0
u_003208,2026-04-25,creator,25-34,UK,0,1,1,0,0
u_003209,2026-04-11,organic,25-34,US,0,1,0,0,0
u_003210,2026-04-18,campus,18-24,Canada,0,1,0,0,0
u_003211,2026-04-18,campus,18-24,Australia,1,1,0,1,1
u_003212,2026-04-17,instagram,35-44,US,0,1,1,1,0
u_003213,2026-04-13,creator,18-24,US,1,0,0,0,0
u_003214,2026-04-02,organic,25-34,US,1,0,0,1,0
u_003215,2026-04-14,organic,18-24,US,1,1,1,1,0
u_003216,2026-04-23,organic,25-34,Australia,0,1,1,0,0
u_003217,2026-04-08,tiktok,18-24,UK,0,1,0,0,0
u_003218,2026-04-01,search,25-34,US,1,1,1,1,1
u_003219,2026-04-23,search,18-24,US,1,0,1,1,1
u_003220,2026-04-14,instagram,18-24,US,0,1,1,0,0
u_003221,2026-04-02,tiktok,25-34,US,1,0,1,1,0
u_003222,2026-04-13,search,25-34,US,1,0,0,0,0
u_003223,2026-04-02,creator,18-24,US,1,0,1,0,0
u_003224,2026-04-17,referral,18-24,Canada,1,0,1,1,0
u_003225,2026-04-27,creator,18-24,US,0,1,0,0,0
u_003226,2026-04-28,instagram,25-34,US,0,1,0,0,0
u_003227,2026-04-28,referral,18-24,Canada,1,0,0,1,0
u_003228,2026-04-10,tiktok,18-24,Australia,1,1,1,1,0
u_003229,2026-04-13,referral,18-24,Other,1,0,0,0,0
u_003230,2026-04-17,creator,18-24,US,0,1,0,0,0
u_003231,2026-04-04,instagram,35-44,US,0,1,0,0,0
u_003232,2026-04-21,instagram,35-44,US,1,1,1,1,0
u_003233,2026-04-13,campus,18-24,US,1,0,0,1,0
u_003234,2026-04-08,tiktok,18-24,US,1,0,0,0,0
u_003235,2026-04-15,referral,18-24,US,1,0,1,1,0
u_003236,2026-04-16,referral,35-44,UK,0,1,0,1,1
u_003237,2026-04-27,tiktok,18-24,US,0,1,1,1,0
u_003238,2026-04-08,organic,18-24,US,0,1,0,0,0
u_003239,2026-04-08,tiktok,18-24,US,1,1,0,1,0
u_003240,2026-04-02,organic,35-44,Australia,0,1,0,0,0
u_003241,2026-04-26,organic,18-24,Other,1,1,1,1,0
u_003242,2026-04-14,referral,18-24,Other,1,1,1,0,0
u_003243,2026-04-01,organic,45+,Other,1,0,1,1,0
u_003244,2026-04-29,search,35-44,US,0,1,0,1,0
u_003245,2026-04-20,organic,25-34,US,1,0,0,0,0
u_003246,2026-04-06,organic,25-34,US,0,1,0,0,0
u_003247,2026-04-08,organic,35-44,US,0,1,1,1,1
u_003248,2026-04-25,tiktok,45+,US,1,1,1,0,0
u_003249,2026-04-09,referral,18-24,US,1,1,0,1,0
u_003250,2026-04-23,instagram,25-34,US,0,1,0,1,0
u_003251,2026-04-17,campus,25-34,US,1,1,1,1,0
u_003252,2026-04-12,creator,25-34,US,0,1,0,1,0
u_003253,2026-04-09,campus,35-44,US,1,0,1,1,0
u_003254,2026-04-22,tiktok,25-34,Other,0,1,1,1,0
u_003255,2026-04-11,organic,18-24,US,1,0,0,0,0
u_003256,2026-04-15,referral,25-34,Australia,0,1,0,0,0
u_003257,2026-04-28,organic,18-24,US,0,1,0,0,0
u_003258,2026-04-13,instagram,18-24,US,1,0,0,0,0
u_003259,2026-04-20,tiktok,35-44,Australia,1,0,0,0,0
u_003260,2026-04-02,referral,18-24,US,0,1,0,0,0
u_003261,2026-04-18,search,25-34,US,1,1,1,1,0
u_003262,2026-04-24,instagram,18-24,US,1,1,1,0,0
u_003263,2026-04-05,referral,35-44,US,1,1,1,1,0
u_003264,2026-04-05,search,45+,Other,1,0,1,1,0
u_003265,2026-04-26,tiktok,18-24,US,1,0,1,1,0
u_003266,2026-04-09,referral,18-24,US,1,0,0,1,1
u_003267,2026-04-04,organic,25-34,US,1,1,0,0,0
u_003268,2026-04-12,tiktok,25-34,US,1,0,0,0,0
u_003269,2026-04-19,instagram,18-24,US,1,0,0,0,0
u_003270,2026-04-01,creator,18-24,US,1,1,0,1,0
u_003271,2026-04-10,organic,35-44,US,0,1,0,0,0
u_003272,2026-04-01,campus,35-44,US,1,0,0,0,1
u_003273,2026-04-22,campus,18-24,US,1,0,0,1,0
u_003274,2026-04-01,instagram,35-44,Australia,1,0,0,0,0
u_003275,2026-04-11,organic,35-44,Australia,0,1,1,0,0
u_003276,2026-04-16,organic,18-24,Australia,1,1,1,1,0
u_003277,2026-04-15,tiktok,18-24,US,0,1,0,0,0
u_003278,2026-04-29,referral,18-24,US,1,0,0,1,0
u_003279,2026-04-19,organic,18-24,US,0,1,0,0,0
u_003280,2026-04-13,search,18-24,US,1,0,0,1,0
u_003281,2026-04-13,tiktok,45+,US,1,0,1,0,0
u_003282,2026-04-08,referral,18-24,UK,1,1,0,1,0
u_003283,2026-04-10,campus,18-24,US,1,0,0,0,0
u_003284,2026-05-01,organic,18-24,Other,1,0,1,1,0
u_003285,2026-04-30,search,18-24,US,0,1,1,1,0
u_003286,2026-04-15,referral,18-24,UK,1,1,0,0,0
u_003287,2026-04-21,creator,18-24,Canada,0,1,1,0,0
u_003288,2026-04-28,creator,18-24,US,0,1,0,0,0
u_003289,2026-04-22,referral,45+,US,0,1,1,1,0
u_003290,2026-04-08,tiktok,18-24,US,0,1,1,0,0
u_003291,2026-04-09,creator,25-34,US,0,1,1,0,0
u_003292,2026-04-14,search,18-24,UK,1,0,1,1,1
u_003293,2026-04-04,creator,18-24,US,1,0,0,0,0
u_003294,2026-04-29,referral,25-34,Other,0,1,0,0,0
u_003295,2026-04-03,instagram,25-34,US,0,1,0,1,0
u_003296,2026-04-11,creator,18-24,US,1,0,1,0,0
u_003297,2026-04-23,campus,18-24,US,0,1,1,1,0
u_003298,2026-04-19,organic,35-44,US,1,1,1,1,0
u_003299,2026-04-01,referral,18-24,Other,1,1,1,0,0
u_003300,2026-04-13,referral,18-24,US,0,1,0,0,0
u_003301,2026-04-18,search,18-24,Canada,1,1,0,0,0
u_003302,2026-04-26,organic,25-34,US,1,0,1,0,0
u_003303,2026-04-03,search,18-24,UK,1,0,0,0,0
u_003304,2026-04-20,search,25-34,US,1,0,1,1,0
u_003305,2026-04-11,organic,18-24,US,0,1,0,1,0
u_003306,2026-04-20,organic,35-44,US,1,1,0,0,0
u_003307,2026-04-17,instagram,25-34,US,0,1,1,1,0
u_003308,2026-04-24,tiktok,18-24,US,1,1,1,1,0
u_003309,2026-04-10,campus,35-44,US,0,1,0,0,0
u_003310,2026-04-30,organic,35-44,US,1,1,0,0,0
u_003311,2026-04-17,instagram,25-34,US,1,0,0,0,0
u_003312,2026-04-07,tiktok,18-24,Other,0,1,0,0,0
u_003313,2026-04-28,search,18-24,US,1,0,1,0,0
u_003314,2026-04-24,instagram,45+,UK,1,1,1,1,0
u_003315,2026-04-03,referral,25-34,US,0,1,0,0,0
u_003316,2026-04-22,organic,18-24,Canada,1,0,0,1,0
u_003317,2026-04-30,creator,35-44,Other,1,0,0,1,0
u_003318,2026-04-24,instagram,18-24,US,1,1,0,0,0
u_003319,2026-04-21,campus,18-24,Australia,1,0,0,1,0
u_003320,2026-04-05,organic,18-24,UK,0,1,0,0,0
u_003321,2026-04-18,instagram,25-34,US,1,0,1,0,0
u_003322,2026-04-22,search,25-34,US,1,0,1,1,0
u_003323,2026-04-29,tiktok,25-34,US,0,1,0,1,0
u_003324,2026-04-25,tiktok,25-34,US,0,1,1,0,0
u_003325,2026-04-05,referral,18-24,US,1,1,0,0,0
u_003326,2026-04-19,organic,18-24,Australia,0,1,0,0,0
u_003327,2026-04-07,referral,18-24,US,0,1,0,0,0
u_003328,2026-04-21,referral,18-24,US,1,0,1,1,0
u_003329,2026-04-10,search,25-34,US,0,1,0,0,0
u_003330,2026-04-25,tiktok,18-24,US,1,0,0,1,0
u_003331,2026-04-27,organic,18-24,US,1,0,0,1,0
u_003332,2026-04-06,instagram,25-34,Other,0,1,1,0,0
u_003333,2026-04-05,referral,18-24,US,0,1,0,0,0
u_003334,2026-04-17,organic,18-24,US,1,1,0,1,0
u_003335,2026-04-26,instagram,18-24,US,1,1,0,0,0
u_003336,2026-04-16,tiktok,25-34,Australia,1,1,1,1,0
u_003337,2026-04-24,tiktok,25-34,US,0,1,0,0,0
u_003338,2026-05-01,tiktok,18-24,US,0,1,0,0,0
u_003339,2026-04-12,tiktok,18-24,US,1,1,1,0,0
u_003340,2026-04-06,tiktok,25-34,US,0,1,0,0,1
u_003341,2026-04-12,search,25-34,US,0,1,1,0,0
u_003342,2026-04-26,referral,18-24,US,1,0,0,1,0
u_003343,2026-04-10,referral,35-44,Canada,0,1,0,1,0
u_003344,2026-04-04,referral,25-34,UK,0,1,0,0,0
u_003345,2026-04-15,referral,35-44,US,0,1,1,0,0
u_003346,2026-04-27,referral,18-24,UK,1,0,1,1,1
u_003347,2026-04-08,instagram,18-24,Canada,0,1,0,0,0
u_003348,2026-04-11,tiktok,18-24,Canada,1,1,1,0,0
u_003349,2026-04-15,instagram,18-24,US,0,1,0,1,0
u_003350,2026-04-30,creator,18-24,US,1,1,0,0,0
u_003351,2026-04-08,tiktok,35-44,Australia,1,0,0,0,0
u_003352,2026-04-06,organic,18-24,Other,0,1,0,0,0
u_003353,2026-04-06,campus,25-34,Canada,0,1,0,1,0
u_003354,2026-04-01,creator,25-34,Canada,0,1,1,0,0
u_003355,2026-04-25,organic,18-24,UK,1,1,1,1,0
u_003356,2026-04-01,referral,25-34,US,1,0,0,1,0
u_003357,2026-04-27,organic,25-34,US,0,1,1,1,0
u_003358,2026-04-11,organic,18-24,US,0,1,0,1,0
u_003359,2026-04-14,instagram,45+,US,0,1,1,0,0
u_003360,2026-04-12,tiktok,18-24,US,0,1,0,1,0
u_003361,2026-04-20,tiktok,25-34,US,0,1,0,0,0
u_003362,2026-04-11,tiktok,25-34,UK,1,0,1,1,0
u_003363,2026-04-16,organic,25-34,US,1,0,1,0,0
u_003364,2026-04-29,tiktok,35-44,US,1,1,0,0,0
u_003365,2026-04-17,organic,35-44,US,1,1,0,0,0
u_003366,2026-04-21,tiktok,25-34,US,1,1,1,1,0
u_003367,2026-04-11,organic,18-24,US,0,1,0,0,0
u_003368,2026-04-03,referral,18-24,US,1,0,1,1,1
u_003369,2026-04-01,search,25-34,UK,0,1,0,1,0
u_003370,2026-04-13,campus,18-24,US,1,1,0,1,0
u_003371,2026-04-07,referral,25-34,US,1,0,1,1,0
u_003372,2026-04-22,campus,25-34,Canada,0,1,0,1,0
u_003373,2026-04-02,tiktok,18-24,US,1,0,1,1,0
u_003374,2026-04-07,organic,25-34,US,0,1,0,1,0
u_003375,2026-05-01,organic,25-34,US,1,1,1,1,0
u_003376,2026-04-16,tiktok,25-34,US,1,0,0,1,0
u_003377,2026-04-16,instagram,35-44,US,0,1,0,1,1
u_003378,2026-04-21,instagram,18-24,US,1,1,1,0,0
u_003379,2026-04-08,organic,18-24,US,1,1,1,1,0
u_003380,2026-04-20,instagram,18-24,US,0,1,0,0,0
u_003381,2026-04-15,tiktok,18-24,UK,1,0,0,0,0
u_003382,2026-04-16,organic,25-34,US,1,0,0,1,0
u_003383,2026-04-05,organic,18-24,US,1,1,1,0,0
u_003384,2026-04-23,organic,18-24,US,1,1,0,0,0
u_003385,2026-04-25,organic,25-34,US,1,1,0,0,0
u_003386,2026-04-14,organic,35-44,US,0,1,0,0,0
u_003387,2026-04-07,referral,18-24,US,1,1,1,1,1
u_003388,2026-04-09,search,25-34,US,1,0,1,1,0
u_003389,2026-04-18,creator,18-24,UK,1,1,1,1,0
u_003390,2026-04-14,search,18-24,US,0,1,1,1,0
u_003391,2026-04-20,search,18-24,US,0,1,1,1,0
u_003392,2026-04-26,organic,18-24,US,1,1,0,1,1
u_003393,2026-04-24,search,25-34,UK,1,0,0,1,1
u_003394,2026-04-27,tiktok,25-34,US,1,1,0,1,0
u_003395,2026-04-03,referral,18-24,US,1,0,1,1,0
u_003396,2026-04-11,tiktok,18-24,US,1,1,1,0,0
u_003397,2026-04-30,search,18-24,US,0,1,0,0,0
u_003398,2026-05-01,search,18-24,US,1,1,1,1,0
u_003399,2026-04-09,search,18-24,Other,1,0,0,0,0
u_003400,2026-04-23,campus,18-24,US,1,1,1,0,0
u_003401,2026-04-19,search,18-24,UK,1,0,1,1,0
u_003402,2026-04-26,creator,25-34,US,0,1,0,0,0
u_003403,2026-04-18,instagram,18-24,US,1,0,0,0,0
u_003404,2026-04-16,campus,25-34,US,0,1,1,1,1
u_003405,2026-04-20,instagram,18-24,US,1,1,1,0,0
u_003406,2026-04-17,referral,18-24,US,1,1,0,1,1
u_003407,2026-04-22,instagram,18-24,Canada,1,1,1,1,0
u_003408,2026-04-01,instagram,18-24,US,0,1,1,0,0
u_003409,2026-04-05,campus,35-44,UK,1,1,0,0,0
u_003410,2026-04-15,campus,18-24,US,1,0,0,1,0
u_003411,2026-04-11,referral,18-24,US,0,1,0,0,0
u_003412,2026-04-29,campus,25-34,US,1,0,0,1,1
u_003413,2026-04-06,creator,25-34,US,0,1,1,1,0
u_003414,2026-04-16,referral,18-24,US,1,1,1,0,0
u_003415,2026-04-01,search,25-34,US,1,1,1,0,0
u_003416,2026-04-24,tiktok,18-24,UK,0,1,1,1,0
u_003417,2026-04-26,campus,18-24,US,1,1,0,0,0
u_003418,2026-04-26,referral,35-44,US,0,1,1,0,0
u_003419,2026-04-28,creator,25-34,UK,1,1,1,1,0
u_003420,2026-04-09,organic,25-34,US,0,1,0,1,0
u_003421,2026-04-10,search,25-34,US,1,1,1,0,0
u_003422,2026-04-04,instagram,25-34,US,1,0,1,1,0
u_003423,2026-04-27,search,25-34,US,1,0,1,1,0
u_003424,2026-04-16,creator,18-24,US,1,0,1,0,0
u_003425,2026-04-07,search,25-34,Other,0,1,1,0,0
u_003426,2026-04-05,organic,25-34,US,1,0,0,0,0
u_003427,2026-04-08,creator,18-24,US,1,0,1,1,0
u_003428,2026-04-27,referral,25-34,Other,1,0,0,1,0
u_003429,2026-04-05,tiktok,18-24,US,0,1,0,1,0
u_003430,2026-04-22,campus,18-24,Australia,0,1,0,0,1
u_003431,2026-04-30,organic,45+,Other,1,0,1,1,0
u_003432,2026-04-10,organic,25-34,US,0,1,0,0,0
u_003433,2026-04-04,campus,25-34,US,1,0,0,0,0
u_003434,2026-04-15,tiktok,35-44,US,0,1,1,0,0
u_003435,2026-04-19,campus,18-24,US,0,1,1,0,0
u_003436,2026-04-23,referral,18-24,US,0,1,0,0,0
u_003437,2026-04-23,creator,18-24,US,0,1,0,1,0
u_003438,2026-04-30,referral,35-44,US,1,1,1,1,1
u_003439,2026-04-03,instagram,18-24,US,1,0,0,0,0
u_003440,2026-04-07,referral,25-34,US,1,1,1,0,1
u_003441,2026-04-02,creator,45+,US,1,1,1,1,0
u_003442,2026-04-15,creator,35-44,US,1,0,1,1,0
u_003443,2026-04-04,tiktok,18-24,US,1,1,1,0,0
u_003444,2026-04-21,search,35-44,US,1,1,0,0,0
u_003445,2026-04-23,referral,18-24,US,0,1,0,1,0
u_003446,2026-04-12,campus,18-24,US,1,0,0,1,0
u_003447,2026-04-25,instagram,35-44,US,0,1,1,1,0
u_003448,2026-04-22,organic,35-44,US,0,1,0,1,0
u_003449,2026-04-30,organic,25-34,Canada,0,1,0,0,0
u_003450,2026-04-19,organic,25-34,US,0,1,1,0,0
u_003451,2026-04-24,search,25-34,US,1,1,1,1,0
u_003452,2026-04-10,tiktok,18-24,Other,1,0,1,1,0
u_003453,2026-04-15,campus,25-34,US,0,1,0,0,0
u_003454,2026-04-26,tiktok,25-34,UK,1,0,1,1,0
u_003455,2026-04-02,search,18-24,US,1,0,1,1,0
u_003456,2026-04-08,search,18-24,Australia,1,1,0,0,0
u_003457,2026-04-01,organic,45+,US,1,0,1,1,0
u_003458,2026-04-20,organic,35-44,US,1,1,1,0,0
u_003459,2026-04-08,creator,18-24,US,1,0,1,1,0
u_003460,2026-04-03,referral,25-34,US,0,1,0,0,0
u_003461,2026-04-15,referral,25-34,Other,0,1,0,0,0
u_003462,2026-04-11,organic,18-24,US,1,1,0,1,0
u_003463,2026-04-22,organic,18-24,US,0,1,0,0,0
u_003464,2026-04-09,organic,35-44,US,0,1,1,0,0
u_003465,2026-04-25,creator,25-34,US,0,1,0,0,0
u_003466,2026-04-10,tiktok,25-34,US,1,0,0,1,1
u_003467,2026-04-20,search,18-24,US,0,1,1,0,0
u_003468,2026-04-01,organic,18-24,US,1,0,0,0,0
u_003469,2026-04-20,referral,18-24,Canada,0,1,1,0,0
u_003470,2026-04-19,instagram,18-24,US,1,1,1,1,0
u_003471,2026-04-16,referral,45+,Canada,0,1,0,1,0
u_003472,2026-04-11,search,45+,Canada,1,0,1,0,0
u_003473,2026-04-11,referral,25-34,US,1,0,1,0,0
u_003474,2026-04-05,instagram,18-24,US,1,0,0,0,0
u_003475,2026-04-26,instagram,18-24,US,0,1,0,1,0
u_003476,2026-04-07,tiktok,35-44,UK,1,1,0,1,0
u_003477,2026-04-07,organic,18-24,US,1,1,1,1,0
u_003478,2026-04-09,instagram,35-44,Other,1,0,0,0,0
u_003479,2026-04-08,referral,18-24,UK,0,1,0,0,0
u_003480,2026-04-15,search,18-24,Canada,0,1,1,0,0
u_003481,2026-04-26,instagram,18-24,US,1,0,0,0,0
u_003482,2026-04-01,instagram,18-24,Canada,0,1,0,0,0
u_003483,2026-04-05,instagram,25-34,US,1,0,1,1,0
u_003484,2026-04-05,campus,25-34,US,0,1,1,0,0
u_003485,2026-04-13,referral,25-34,US,1,0,0,0,0
u_003486,2026-04-30,referral,18-24,US,0,1,1,1,0
u_003487,2026-04-20,organic,25-34,Other,0,1,0,1,0
u_003488,2026-04-22,campus,18-24,US,1,0,0,0,0
u_003489,2026-04-13,referral,25-34,US,0,1,1,0,0
u_003490,2026-04-17,search,18-24,Other,0,1,0,0,0
u_003491,2026-04-29,referral,18-24,US,1,0,1,1,0
u_003492,2026-04-04,instagram,25-34,US,1,1,1,1,0
u_003493,2026-04-22,organic,35-44,US,1,1,1,0,0
u_003494,2026-04-20,referral,35-44,US,0,1,1,1,1
u_003495,2026-04-21,search,18-24,US,0,1,1,0,0
u_003496,2026-04-10,creator,18-24,Canada,1,0,1,1,0
u_003497,2026-04-06,referral,35-44,US,0,1,0,0,0
u_003498,2026-04-14,tiktok,18-24,US,1,0,1,0,0
u_003499,2026-04-02,referral,25-34,US,0,1,1,0,0
u_003500,2026-04-13,search,18-24,UK,1,1,1,1,1
u_003501,2026-04-30,tiktok,18-24,US,1,0,1,1,0
u_003502,2026-04-06,referral,35-44,US,1,1,1,1,0
u_003503,2026-04-06,instagram,25-34,US,1,0,0,1,1
u_003504,2026-04-16,organic,18-24,US,0,1,0,0,0
u_003505,2026-05-01,instagram,25-34,US,0,1,0,0,0
u_003506,2026-04-01,referral,35-44,US,1,0,1,1,0
u_003507,2026-04-11,search,25-34,Other,0,1,0,0,0
u_003508,2026-04-23,organic,18-24,US,1,1,1,0,0
u_003509,2026-04-05,creator,35-44,UK,1,0,1,1,0
u_003510,2026-05-01,campus,25-34,US,1,1,0,1,0
u_003511,2026-04-23,instagram,18-24,US,1,0,1,1,0
u_003512,2026-04-02,organic,18-24,Canada,1,0,1,1,0
u_003513,2026-04-15,tiktok,35-44,Australia,0,1,1,0,0
u_003514,2026-04-27,instagram,45+,UK,1,1,1,1,1
u_003515,2026-04-08,instagram,18-24,UK,0,1,0,0,0
u_003516,2026-04-26,tiktok,25-34,US,1,0,1,1,1
u_003517,2026-04-18,creator,18-24,US,0,1,0,1,0
u_003518,2026-04-29,tiktok,18-24,Australia,1,1,1,1,0
u_003519,2026-04-01,organic,35-44,Australia,0,1,0,1,0
u_003520,2026-04-22,search,35-44,Other,1,0,0,0,0
u_003521,2026-04-24,campus,18-24,US,1,1,0,1,0
u_003522,2026-04-18,tiktok,18-24,Australia,0,1,1,1,0
u_003523,2026-04-01,instagram,25-34,US,0,1,0,1,0
u_003524,2026-05-01,tiktok,18-24,US,0,1,1,0,0
u_003525,2026-04-03,organic,18-24,Australia,1,0,1,0,0
u_003526,2026-04-23,tiktok,18-24,US,1,1,0,1,0
u_003527,2026-04-12,referral,25-34,US,0,1,0,1,1
u_003528,2026-04-24,referral,45+,Canada,1,1,1,1,0
u_003529,2026-04-03,tiktok,18-24,Australia,0,1,1,0,0
u_003530,2026-04-16,tiktok,25-34,Australia,0,1,1,1,0
u_003531,2026-04-18,campus,18-24,US,0,1,1,0,0
u_003532,2026-04-23,instagram,18-24,US,0,1,1,1,0
u_003533,2026-04-22,campus,18-24,Australia,1,1,1,0,0
u_003534,2026-04-18,instagram,18-24,UK,0,1,1,1,0
u_003535,2026-04-24,search,35-44,US,1,0,1,1,0
u_003536,2026-04-30,organic,25-34,US,1,1,1,1,0
u_003537,2026-04-17,tiktok,18-24,US,0,1,0,0,0
u_003538,2026-04-16,organic,18-24,US,1,1,1,0,0
u_003539,2026-04-06,search,18-24,US,0,1,1,1,0
u_003540,2026-04-21,instagram,35-44,US,1,0,0,1,0
u_003541,2026-04-11,referral,25-34,US,1,0,1,1,0
u_003542,2026-04-17,creator,25-34,US,0,1,1,0,0
u_003543,2026-04-11,tiktok,25-34,Other,1,1,0,1,0
u_003544,2026-04-07,tiktok,35-44,US,0,1,0,0,0
u_003545,2026-04-02,search,18-24,Australia,1,0,0,0,0
u_003546,2026-04-15,instagram,18-24,US,1,0,1,1,0
u_003547,2026-04-18,campus,35-44,US,0,1,0,0,0
u_003548,2026-04-20,tiktok,18-24,Other,1,0,1,1,1
u_003549,2026-04-25,organic,25-34,US,0,1,0,0,0
u_003550,2026-04-23,instagram,25-34,US,0,1,1,0,0
u_003551,2026-04-24,campus,45+,US,0,1,0,1,0
u_003552,2026-04-14,instagram,25-34,US,1,0,0,0,1
u_003553,2026-04-21,instagram,35-44,US,1,0,0,1,0
u_003554,2026-04-06,campus,18-24,US,1,1,0,0,0
u_003555,2026-04-07,organic,18-24,US,0,1,0,0,0
u_003556,2026-04-16,creator,18-24,US,1,0,1,1,0
u_003557,2026-04-28,search,25-34,US,1,1,1,1,0
u_003558,2026-04-20,organic,18-24,US,0,1,0,0,0
u_003559,2026-04-04,instagram,18-24,US,0,1,0,0,0
u_003560,2026-04-13,search,18-24,US,0,1,1,0,0
u_003561,2026-04-16,referral,18-24,US,1,0,1,1,0
u_003562,2026-04-13,organic,18-24,Other,1,0,0,0,0
u_003563,2026-04-05,referral,18-24,UK,1,0,1,0,0
u_003564,2026-04-12,tiktok,25-34,US,1,1,1,0,0
u_003565,2026-04-17,tiktok,35-44,UK,0,1,1,0,1
u_003566,2026-04-12,organic,18-24,US,1,1,0,1,0
u_003567,2026-04-21,instagram,18-24,US,1,1,1,1,0
u_003568,2026-04-18,instagram,25-34,UK,0,1,1,0,0
u_003569,2026-04-27,instagram,18-24,Other,0,1,0,1,0
u_003570,2026-04-08,search,18-24,US,1,1,1,0,0
u_003571,2026-04-26,organic,25-34,UK,1,1,0,0,0
u_003572,2026-04-18,organic,35-44,UK,1,1,1,0,0
u_003573,2026-04-12,creator,18-24,US,1,1,0,0,0
u_003574,2026-04-17,referral,18-24,US,1,1,0,0,0
u_003575,2026-04-18,instagram,18-24,US,1,0,0,1,1
u_003576,2026-04-19,organic,25-34,US,1,1,1,0,0
u_003577,2026-04-10,organic,18-24,US,1,0,0,1,1
u_003578,2026-04-11,organic,18-24,US,0,1,0,0,0
u_003579,2026-04-27,organic,18-24,US,1,1,1,0,0
u_003580,2026-04-11,tiktok,18-24,UK,1,0,0,1,0
u_003581,2026-04-23,tiktok,18-24,US,0,1,1,0,0
u_003582,2026-04-13,creator,18-24,Canada,1,1,0,1,0
u_003583,2026-04-20,instagram,18-24,US,1,0,0,1,0
u_003584,2026-04-05,tiktok,18-24,Other,1,1,1,1,0
u_003585,2026-04-18,instagram,35-44,Canada,0,1,1,1,1
u_003586,2026-04-18,instagram,18-24,US,1,0,0,1,0
u_003587,2026-04-02,search,25-34,US,1,0,0,0,0
u_003588,2026-04-08,tiktok,18-24,Other,1,1,0,0,0
u_003589,2026-04-22,referral,35-44,US,1,1,1,1,0
u_003590,2026-04-30,organic,18-24,US,0,1,1,0,0
u_003591,2026-04-27,search,18-24,US,1,0,1,1,0
u_003592,2026-04-03,instagram,18-24,US,0,1,0,0,0
u_003593,2026-04-01,search,18-24,US,1,0,1,1,0
u_003594,2026-04-20,organic,18-24,US,1,1,1,1,0
u_003595,2026-04-11,organic,25-34,US,0,1,0,0,0
u_003596,2026-04-19,instagram,18-24,US,1,0,1,1,0
u_003597,2026-04-18,tiktok,35-44,Australia,1,0,0,0,0
u_003598,2026-04-27,tiktok,35-44,US,0,1,0,0,0
u_003599,2026-04-27,tiktok,18-24,US,1,1,1,0,0
u_003600,2026-04-09,search,18-24,US,1,0,1,0,0
u_003601,2026-05-01,tiktok,18-24,US,1,0,1,0,0
u_003602,2026-04-22,referral,18-24,Canada,0,1,0,0,0
u_003603,2026-04-01,campus,25-34,US,0,1,0,0,0
u_003604,2026-04-24,referral,25-34,US,1,0,0,0,0
u_003605,2026-04-01,search,35-44,Canada,0,1,1,0,0
u_003606,2026-04-23,tiktok,18-24,US,1,0,1,1,0
u_003607,2026-04-26,instagram,45+,Other,1,0,1,0,0
u_003608,2026-04-19,search,18-24,US,1,0,0,0,0
u_003609,2026-04-12,search,18-24,US,1,1,1,1,0
u_003610,2026-04-20,tiktok,25-34,US,0,1,0,0,0
u_003611,2026-04-26,instagram,25-34,US,0,1,1,0,0
u_003612,2026-04-01,tiktok,18-24,US,1,0,1,1,1
u_003613,2026-04-11,organic,18-24,UK,0,1,0,0,0
u_003614,2026-04-29,instagram,35-44,Australia,1,1,0,1,0
u_003615,2026-04-16,referral,25-34,US,1,1,1,1,0
u_003616,2026-04-01,instagram,25-34,UK,0,1,0,0,0
u_003617,2026-04-07,organic,25-34,US,1,1,0,0,0
u_003618,2026-04-22,organic,25-34,US,0,1,0,0,0
u_003619,2026-04-22,creator,18-24,US,0,1,1,1,0
u_003620,2026-04-27,search,18-24,US,1,1,0,1,0
u_003621,2026-04-23,referral,25-34,Canada,1,1,1,0,0
u_003622,2026-04-25,organic,18-24,US,0,1,0,1,0
u_003623,2026-04-23,search,18-24,UK,1,1,1,1,0
u_003624,2026-04-17,tiktok,18-24,US,0,1,0,1,0
u_003625,2026-04-24,tiktok,18-24,UK,0,1,1,0,0
u_003626,2026-04-21,referral,18-24,US,1,1,1,0,0
u_003627,2026-04-11,tiktok,35-44,US,1,1,0,0,0
u_003628,2026-04-24,organic,18-24,Australia,0,1,0,0,0
u_003629,2026-04-05,tiktok,18-24,US,0,1,0,0,0
u_003630,2026-04-15,tiktok,45+,US,0,1,0,1,0
u_003631,2026-04-04,organic,18-24,US,1,1,1,0,0
u_003632,2026-04-19,campus,25-34,US,0,1,1,0,0
u_003633,2026-04-22,tiktok,18-24,Canada,0,1,0,0,0
u_003634,2026-04-06,creator,18-24,US,0,1,0,0,0
u_003635,2026-04-09,referral,18-24,Other,1,0,1,0,0
u_003636,2026-04-29,tiktok,35-44,Other,1,1,0,1,1
u_003637,2026-04-04,tiktok,18-24,US,1,0,1,0,0
u_003638,2026-04-08,tiktok,18-24,UK,0,1,0,1,0
u_003639,2026-04-01,tiktok,18-24,US,0,1,0,1,0
u_003640,2026-04-30,organic,18-24,US,0,1,1,0,0
u_003641,2026-04-23,campus,18-24,US,0,1,1,0,0
u_003642,2026-04-26,search,18-24,UK,0,1,1,0,0
u_003643,2026-04-23,creator,18-24,US,1,1,0,0,0
u_003644,2026-04-16,instagram,45+,US,1,1,0,0,0
u_003645,2026-04-16,organic,35-44,US,0,1,1,1,1
u_003646,2026-04-30,creator,25-34,US,0,1,0,0,0
u_003647,2026-04-11,instagram,18-24,Australia,1,0,0,0,1
u_003648,2026-04-22,organic,45+,Australia,1,1,0,0,1
u_003649,2026-04-26,tiktok,45+,UK,1,1,1,0,0
u_003650,2026-04-07,organic,25-34,UK,1,1,0,1,0
u_003651,2026-04-15,instagram,18-24,US,1,1,1,1,0
u_003652,2026-04-12,instagram,25-34,US,0,1,0,0,0
u_003653,2026-04-24,search,25-34,US,1,0,1,1,0
u_003654,2026-04-12,organic,18-24,US,1,0,1,0,0
u_003655,2026-04-22,search,18-24,UK,1,0,0,0,0
u_003656,2026-04-09,campus,25-34,Canada,1,0,1,1,0
u_003657,2026-04-04,search,18-24,US,0,1,0,0,0
u_003658,2026-04-07,instagram,18-24,US,0,1,0,0,0
u_003659,2026-04-10,creator,18-24,US,1,0,0,0,0
u_003660,2026-04-14,referral,18-24,US,1,0,0,1,0
u_003661,2026-04-14,referral,25-34,US,1,0,1,1,0
u_003662,2026-04-23,search,25-34,US,1,1,0,0,0
u_003663,2026-04-15,campus,25-34,UK,1,0,1,1,0
u_003664,2026-04-09,creator,25-34,US,1,0,0,1,0
u_003665,2026-04-08,organic,45+,Canada,0,1,0,0,0
u_003666,2026-04-17,instagram,18-24,US,1,0,0,0,0
u_003667,2026-04-29,organic,35-44,US,1,0,1,1,0
u_003668,2026-04-23,tiktok,18-24,US,1,0,1,1,0
u_003669,2026-04-09,instagram,18-24,US,1,0,0,0,0
u_003670,2026-04-29,tiktok,25-34,US,1,0,0,1,0
u_003671,2026-04-22,referral,18-24,US,1,0,1,1,1
u_003672,2026-04-15,organic,25-34,US,1,0,0,0,0
u_003673,2026-04-08,organic,18-24,Canada,0,1,1,0,0
u_003674,2026-04-13,organic,25-34,UK,0,1,0,0,0
u_003675,2026-04-17,creator,18-24,US,1,0,0,1,0
u_003676,2026-04-30,creator,18-24,Australia,1,0,1,1,0
u_003677,2026-04-14,organic,18-24,Canada,0,1,1,1,0
u_003678,2026-04-10,organic,18-24,US,0,1,1,0,0
u_003679,2026-04-11,instagram,18-24,Other,0,1,0,0,0
u_003680,2026-04-30,organic,25-34,US,1,0,0,1,0
u_003681,2026-04-16,instagram,25-34,UK,1,1,1,1,0
u_003682,2026-04-27,campus,25-34,US,0,1,0,0,0
u_003683,2026-04-26,tiktok,35-44,US,0,1,0,0,0
u_003684,2026-04-06,organic,35-44,US,1,0,0,0,0
u_003685,2026-04-03,creator,18-24,UK,1,0,0,0,0
u_003686,2026-04-14,campus,25-34,US,0,1,0,0,0
u_003687,2026-04-06,creator,35-44,US,1,1,0,0,0
u_003688,2026-04-12,campus,18-24,US,1,1,0,0,0
u_003689,2026-04-15,instagram,25-34,US,1,0,1,1,0
u_003690,2026-04-27,tiktok,18-24,UK,1,0,1,1,1
u_003691,2026-04-30,organic,25-34,US,1,0,0,0,1
u_003692,2026-04-12,tiktok,25-34,Other,1,1,1,0,0
u_003693,2026-04-28,campus,35-44,US,0,1,1,0,0
u_003694,2026-04-20,instagram,45+,US,1,1,0,0,0
u_003695,2026-04-25,referral,35-44,Canada,1,1,0,0,1
u_003696,2026-04-19,tiktok,35-44,US,1,0,1,0,0
u_003697,2026-04-12,tiktok,25-34,US,1,0,1,1,0
u_003698,2026-04-07,search,25-34,UK,0,1,1,1,0
u_003699,2026-04-21,referral,18-24,US,1,0,0,1,0
u_003700,2026-04-03,referral,25-34,US,1,0,0,0,0
u_003701,2026-04-30,instagram,18-24,US,0,1,1,1,0
u_003702,2026-04-28,tiktok,45+,US,0,1,0,1,0
u_003703,2026-04-18,tiktok,25-34,US,1,1,0,0,0
u_003704,2026-04-28,tiktok,18-24,US,0,1,0,0,0
u_003705,2026-04-24,campus,18-24,US,1,0,1,1,0
u_003706,2026-04-18,creator,18-24,US,0,1,0,1,0
u_003707,2026-04-25,tiktok,18-24,UK,1,1,1,1,0
u_003708,2026-04-26,search,25-34,US,1,0,0,0,0
u_003709,2026-04-11,referral,18-24,US,1,0,1,0,0
u_003710,2026-04-15,organic,25-34,UK,1,1,1,0,0
u_003711,2026-04-09,creator,18-24,US,0,1,0,1,0
u_003712,2026-04-09,search,35-44,Canada,0,1,0,0,0
u_003713,2026-04-07,tiktok,25-34,Canada,1,1,1,0,0
u_003714,2026-04-14,referral,25-34,US,0,1,0,0,0
u_003715,2026-04-03,organic,18-24,US,1,0,0,1,0
u_003716,2026-04-08,search,25-34,US,1,1,1,1,0
u_003717,2026-04-19,instagram,18-24,US,0,1,0,0,0
u_003718,2026-04-20,organic,35-44,US,1,1,1,1,0
u_003719,2026-04-04,organic,25-34,Other,0,1,1,0,0
u_003720,2026-04-13,organic,25-34,US,0,1,1,1,0
u_003721,2026-04-02,search,18-24,US,1,0,1,1,0
u_003722,2026-04-21,search,25-34,UK,0,1,1,0,0
u_003723,2026-04-18,tiktok,35-44,US,1,0,1,1,0
u_003724,2026-04-08,campus,18-24,UK,1,0,0,0,1
u_003725,2026-04-24,creator,18-24,US,1,1,0,0,0
u_003726,2026-04-07,search,18-24,US,0,1,0,1,0
u_003727,2026-04-25,instagram,18-24,Australia,0,1,0,1,1
u_003728,2026-04-09,tiktok,18-24,Other,1,0,1,0,0
u_003729,2026-04-06,instagram,35-44,US,0,1,0,0,0
u_003730,2026-04-20,creator,18-24,US,0,1,0,0,0
u_003731,2026-04-04,search,18-24,US,1,0,0,1,1
u_003732,2026-04-18,tiktok,25-34,Canada,1,0,1,1,0
u_003733,2026-04-15,instagram,25-34,US,0,1,0,0,0
u_003734,2026-04-19,creator,25-34,Australia,1,1,1,0,0
u_003735,2026-04-13,referral,25-34,US,0,1,0,1,0
u_003736,2026-04-20,referral,35-44,US,1,0,1,1,0
u_003737,2026-04-08,tiktok,18-24,US,0,1,1,0,1
u_003738,2026-04-05,creator,35-44,US,1,0,0,0,0
u_003739,2026-04-05,tiktok,18-24,US,1,0,1,0,0
u_003740,2026-04-20,organic,25-34,US,1,0,0,1,0
u_003741,2026-04-29,tiktok,45+,US,1,0,0,0,0
u_003742,2026-04-24,organic,18-24,US,1,0,1,0,0
u_003743,2026-04-24,instagram,18-24,US,0,1,1,1,0
u_003744,2026-04-19,instagram,18-24,Other,0,1,0,1,0
u_003745,2026-04-17,creator,18-24,US,0,1,0,0,0
u_003746,2026-04-01,organic,35-44,Canada,0,1,0,0,0
u_003747,2026-04-01,tiktok,18-24,US,1,1,1,0,0
u_003748,2026-04-22,creator,25-34,US,0,1,0,0,0
u_003749,2026-04-30,referral,25-34,US,1,0,1,1,0
u_003750,2026-04-25,organic,18-24,UK,1,0,1,1,0
u_003751,2026-04-19,campus,18-24,US,1,1,1,1,0
u_003752,2026-04-28,search,18-24,Canada,1,0,1,1,0
u_003753,2026-04-21,tiktok,18-24,US,1,0,0,1,0
u_003754,2026-04-27,referral,18-24,Australia,1,0,0,1,1
u_003755,2026-04-19,creator,18-24,US,0,1,0,0,0
u_003756,2026-04-07,instagram,18-24,US,0,1,0,0,0
u_003757,2026-04-04,campus,45+,US,1,0,0,0,0
u_003758,2026-04-24,referral,18-24,US,1,1,1,1,0
u_003759,2026-04-04,search,18-24,US,0,1,0,0,0
u_003760,2026-04-08,tiktok,25-34,UK,0,1,0,1,1
u_003761,2026-04-22,tiktok,35-44,Other,0,1,0,0,0
u_003762,2026-04-09,search,18-24,Other,1,1,1,1,0
u_003763,2026-04-22,instagram,25-34,Canada,0,1,0,0,1
u_003764,2026-04-19,tiktok,25-34,US,1,1,0,0,0
u_003765,2026-04-06,instagram,18-24,Canada,0,1,0,0,0
u_003766,2026-04-14,search,18-24,US,1,1,0,1,0
u_003767,2026-04-20,creator,18-24,US,1,1,0,0,0
u_003768,2026-04-22,campus,25-34,US,0,1,1,1,0
u_003769,2026-04-25,tiktok,18-24,US,1,1,1,1,0
u_003770,2026-04-18,campus,25-34,US,0,1,0,0,0
u_003771,2026-04-09,search,25-34,US,1,1,1,1,0
u_003772,2026-04-13,tiktok,35-44,US,0,1,0,1,0
u_003773,2026-04-17,referral,45+,US,1,0,0,1,0
u_003774,2026-04-16,tiktok,18-24,US,0,1,1,1,0
u_003775,2026-04-13,search,18-24,US,0,1,1,0,0
u_003776,2026-04-29,organic,18-24,US,1,1,1,1,1
u_003777,2026-04-03,organic,18-24,US,1,0,0,1,0
u_003778,2026-04-08,creator,18-24,US,0,1,0,1,0
u_003779,2026-04-21,tiktok,18-24,US,1,0,0,0,0
u_003780,2026-04-10,instagram,25-34,US,1,1,1,1,0
u_003781,2026-05-01,organic,25-34,US,1,1,1,1,0
u_003782,2026-04-15,organic,45+,US,1,0,0,0,0
u_003783,2026-04-12,tiktok,18-24,US,1,0,1,0,1
u_003784,2026-04-06,campus,18-24,US,0,1,0,0,0
u_003785,2026-04-07,creator,35-44,US,0,1,1,1,0
u_003786,2026-04-28,creator,18-24,US,1,0,1,1,0
u_003787,2026-04-30,creator,18-24,UK,0,1,1,0,0
u_003788,2026-04-18,tiktok,18-24,US,0,1,0,0,0
u_003789,2026-04-23,instagram,25-34,US,1,1,0,0,0
u_003790,2026-04-10,instagram,18-24,Canada,0,1,1,0,0
u_003791,2026-04-14,referral,18-24,US,1,0,1,1,0
u_003792,2026-04-16,organic,18-24,US,1,1,0,0,0
u_003793,2026-04-09,tiktok,18-24,US,1,0,0,1,0
u_003794,2026-04-16,organic,18-24,US,0,1,1,0,0
u_003795,2026-04-26,tiktok,35-44,Canada,1,1,0,1,0
u_003796,2026-04-06,referral,25-34,US,1,0,1,1,0
u_003797,2026-04-05,referral,35-44,US,1,0,1,1,0
u_003798,2026-04-23,organic,18-24,Canada,1,1,0,1,1
u_003799,2026-04-24,search,35-44,US,1,1,1,1,0
u_003800,2026-04-26,tiktok,18-24,Other,1,1,1,1,0
u_003801,2026-04-24,organic,18-24,US,1,1,1,0,0
u_003802,2026-04-15,tiktok,18-24,US,1,0,0,0,0
u_003803,2026-04-30,campus,18-24,US,1,1,0,0,0
u_003804,2026-04-06,creator,25-34,US,1,0,1,0,0
u_003805,2026-04-11,referral,18-24,Australia,0,1,0,1,0
u_003806,2026-04-14,tiktok,18-24,US,1,1,0,1,0
u_003807,2026-04-24,instagram,35-44,US,0,1,0,1,0
u_003808,2026-04-02,referral,18-24,US,0,1,1,0,0
u_003809,2026-04-12,referral,18-24,US,0,1,0,0,0
u_003810,2026-04-02,organic,18-24,US,1,0,1,0,0
u_003811,2026-04-25,referral,25-34,US,0,1,1,0,0
u_003812,2026-04-08,organic,25-34,US,0,1,0,0,0
u_003813,2026-04-26,tiktok,35-44,Australia,1,0,0,1,0
u_003814,2026-04-23,organic,18-24,US,0,1,0,0,0
u_003815,2026-04-05,organic,18-24,Canada,1,1,1,1,0
u_003816,2026-04-05,instagram,18-24,US,1,1,0,0,0
u_003817,2026-04-21,tiktok,25-34,UK,1,0,1,0,0
u_003818,2026-04-18,instagram,18-24,US,1,0,1,1,0
u_003819,2026-04-02,referral,25-34,US,1,0,0,1,0
u_003820,2026-04-07,organic,35-44,US,1,1,1,0,0
u_003821,2026-04-19,organic,18-24,Canada,0,1,1,0,0
u_003822,2026-04-28,campus,25-34,US,1,1,1,1,1
u_003823,2026-04-01,instagram,18-24,US,0,1,0,0,0
u_003824,2026-04-16,organic,25-34,Australia,1,1,1,1,0
u_003825,2026-04-22,search,18-24,US,0,1,1,0,0
u_003826,2026-04-25,campus,25-34,US,0,1,0,0,0
u_003827,2026-04-30,creator,25-34,Canada,0,1,0,1,0
u_003828,2026-04-02,referral,45+,Other,0,1,1,0,0
u_003829,2026-04-03,organic,18-24,Australia,1,0,1,1,1
u_003830,2026-04-27,organic,35-44,US,1,1,1,1,0
u_003831,2026-04-16,referral,25-34,US,1,0,0,1,0
u_003832,2026-04-06,instagram,18-24,US,1,0,1,0,0
u_003833,2026-04-08,referral,18-24,US,1,0,0,0,0
u_003834,2026-04-27,organic,18-24,Canada,1,1,0,1,0
u_003835,2026-04-18,organic,18-24,UK,0,1,0,0,0
u_003836,2026-04-01,organic,25-34,US,1,0,1,0,0
u_003837,2026-04-27,organic,18-24,US,1,0,0,1,0
u_003838,2026-04-06,campus,18-24,UK,1,0,1,1,0
u_003839,2026-04-24,instagram,18-24,US,1,0,0,1,0
u_003840,2026-04-11,search,35-44,US,1,1,1,1,0
u_003841,2026-04-26,tiktok,35-44,US,1,1,0,0,0
u_003842,2026-04-17,campus,18-24,US,1,0,0,0,1
u_003843,2026-04-04,campus,18-24,US,1,0,0,0,0
u_003844,2026-04-06,instagram,18-24,UK,1,0,1,1,0
u_003845,2026-04-20,creator,35-44,US,0,1,1,0,1
u_003846,2026-04-24,organic,35-44,Other,1,1,1,1,0
u_003847,2026-04-29,instagram,18-24,US,1,0,0,1,1
u_003848,2026-04-01,search,18-24,Other,1,0,1,1,0
u_003849,2026-04-03,instagram,18-24,US,0,1,0,0,0
u_003850,2026-04-22,campus,18-24,US,1,1,0,0,0
u_003851,2026-04-18,instagram,18-24,US,0,1,0,0,0
u_003852,2026-04-05,organic,25-34,US,1,0,1,0,0
u_003853,2026-04-28,tiktok,18-24,US,1,0,0,0,0
u_003854,2026-04-25,instagram,18-24,US,1,1,0,1,0
u_003855,2026-04-02,campus,25-34,Australia,0,1,0,0,0
u_003856,2026-04-11,organic,18-24,US,1,0,1,0,0
u_003857,2026-04-18,organic,18-24,US,1,0,1,0,0
u_003858,2026-04-11,tiktok,25-34,US,1,0,1,1,0
u_003859,2026-04-24,referral,18-24,US,0,1,1,1,1
u_003860,2026-04-08,instagram,25-34,UK,0,1,0,0,0
u_003861,2026-04-13,organic,18-24,US,1,0,1,1,0
u_003862,2026-04-20,referral,18-24,US,1,0,1,0,0
u_003863,2026-04-11,campus,35-44,US,1,1,1,1,0
u_003864,2026-04-05,organic,25-34,US,0,1,0,0,0
u_003865,2026-04-18,organic,18-24,US,1,0,1,0,0
u_003866,2026-04-04,creator,18-24,US,0,1,1,0,0
u_003867,2026-04-15,search,25-34,US,1,0,1,0,0
u_003868,2026-04-09,referral,18-24,US,1,1,1,1,0
u_003869,2026-04-06,referral,35-44,US,1,0,0,1,0
u_003870,2026-04-19,search,25-34,US,0,1,0,0,0
u_003871,2026-04-08,referral,18-24,US,1,1,0,1,0
u_003872,2026-04-17,creator,45+,US,1,0,0,0,0
u_003873,2026-04-10,campus,25-34,US,1,1,1,1,0
u_003874,2026-04-12,search,18-24,Other,0,1,1,0,0
u_003875,2026-04-02,instagram,18-24,Other,1,0,0,0,0
u_003876,2026-04-04,tiktok,45+,US,1,1,0,0,0
u_003877,2026-04-08,instagram,18-24,US,1,0,0,0,0
u_003878,2026-04-06,search,25-34,Other,1,1,1,0,0
u_003879,2026-04-03,creator,25-34,US,0,1,0,0,0
u_003880,2026-04-19,campus,18-24,US,0,1,1,1,0
u_003881,2026-04-13,organic,18-24,US,1,0,1,1,0
u_003882,2026-04-03,search,25-34,US,1,1,0,0,0
u_003883,2026-04-23,search,35-44,Canada,1,0,1,0,0
u_003884,2026-04-09,campus,18-24,US,0,1,0,0,0
u_003885,2026-04-30,referral,18-24,US,0,1,1,1,0
u_003886,2026-04-02,referral,18-24,Australia,1,0,0,0,0
u_003887,2026-05-01,campus,18-24,US,1,0,0,0,0
u_003888,2026-04-15,referral,18-24,US,1,0,1,1,0
u_003889,2026-05-01,tiktok,35-44,Australia,1,1,0,0,0
u_003890,2026-04-06,search,18-24,US,1,1,1,0,0
u_003891,2026-04-30,organic,25-34,US,1,0,1,1,0
u_003892,2026-04-14,instagram,18-24,US,0,1,0,1,0
u_003893,2026-04-16,instagram,25-34,US,0,1,0,0,0
u_003894,2026-04-06,tiktok,18-24,US,1,0,1,0,0
u_003895,2026-04-30,organic,25-34,US,0,1,0,1,0
u_003896,2026-04-14,tiktok,18-24,US,1,1,0,0,0
u_003897,2026-04-20,referral,25-34,UK,0,1,1,1,0
u_003898,2026-04-28,tiktok,25-34,Other,1,0,0,1,0
u_003899,2026-04-05,instagram,25-34,Canada,0,1,1,0,1
u_003900,2026-04-04,referral,25-34,US,1,0,1,1,0
u_003901,2026-04-04,tiktok,18-24,US,0,1,1,0,0
u_003902,2026-04-21,instagram,18-24,Other,1,1,1,1,1
u_003903,2026-04-11,referral,18-24,US,1,0,1,1,0
u_003904,2026-04-03,organic,25-34,US,0,1,0,0,0
u_003905,2026-04-25,instagram,18-24,US,1,0,1,1,1
u_003906,2026-04-15,instagram,25-34,UK,1,0,1,1,0
u_003907,2026-04-13,search,18-24,US,1,0,0,1,0
u_003908,2026-04-11,tiktok,25-34,US,1,0,1,1,0
u_003909,2026-04-26,search,18-24,US,0,1,0,1,0
u_003910,2026-04-05,referral,35-44,US,1,0,1,0,0
u_003911,2026-04-10,search,25-34,Other,1,0,1,1,0
u_003912,2026-04-26,campus,18-24,US,1,1,0,1,0
u_003913,2026-05-01,tiktok,18-24,US,0,1,1,1,0
u_003914,2026-04-03,referral,25-34,US,0,1,1,0,0
u_003915,2026-04-21,search,18-24,US,0,1,0,0,0
u_003916,2026-04-02,instagram,25-34,UK,1,1,1,1,1
u_003917,2026-04-10,referral,18-24,Canada,1,0,1,1,0
u_003918,2026-04-14,referral,25-34,US,1,1,1,1,0
u_003919,2026-04-07,tiktok,35-44,US,1,0,1,1,1
u_003920,2026-04-14,tiktok,18-24,US,1,1,1,0,1
u_003921,2026-04-14,tiktok,35-44,Canada,0,1,0,0,0
u_003922,2026-04-15,organic,35-44,UK,1,1,0,0,0
u_003923,2026-04-26,tiktok,25-34,US,0,1,0,1,1
u_003924,2026-04-05,search,18-24,US,0,1,0,0,0
u_003925,2026-04-10,search,18-24,Other,0,1,1,1,0
u_003926,2026-04-10,tiktok,18-24,UK,1,0,1,0,0
u_003927,2026-04-10,instagram,35-44,US,1,1,1,0,0
u_003928,2026-04-10,referral,25-34,US,0,1,1,1,0
u_003929,2026-04-06,tiktok,18-24,US,0,1,0,1,0
u_003930,2026-04-27,instagram,35-44,US,1,1,1,1,1
u_003931,2026-04-26,referral,18-24,US,0,1,0,0,0
u_003932,2026-04-24,tiktok,18-24,US,0,1,0,0,0
u_003933,2026-04-29,instagram,25-34,US,0,1,1,0,0
u_003934,2026-04-23,organic,25-34,US,0,1,0,0,0
u_003935,2026-04-03,search,25-34,US,0,1,1,1,0
u_003936,2026-04-20,referral,25-34,US,0,1,0,1,0
u_003937,2026-04-06,instagram,18-24,US,1,0,1,0,1
u_003938,2026-04-08,organic,18-24,US,0,1,0,1,1
u_003939,2026-04-10,instagram,35-44,Australia,0,1,0,1,1
u_003940,2026-04-08,referral,25-34,Australia,1,1,1,0,0
u_003941,2026-04-07,referral,18-24,US,0,1,1,0,0
u_003942,2026-04-08,instagram,18-24,Australia,0,1,1,0,0
u_003943,2026-04-13,tiktok,45+,US,0,1,1,0,0
u_003944,2026-04-22,organic,25-34,US,0,1,1,1,0
u_003945,2026-04-22,search,25-34,US,0,1,0,0,0
u_003946,2026-04-04,organic,18-24,Canada,1,0,0,0,0
u_003947,2026-04-30,referral,25-34,US,0,1,0,1,0
u_003948,2026-04-27,instagram,35-44,US,1,1,1,0,1
u_003949,2026-04-14,creator,18-24,US,0,1,0,0,0
u_003950,2026-04-04,tiktok,45+,UK,1,1,1,0,0
u_003951,2026-04-10,campus,18-24,US,1,1,1,1,1
u_003952,2026-04-04,campus,35-44,US,0,1,0,0,0
u_003953,2026-04-11,search,18-24,US,0,1,1,1,0
u_003954,2026-04-05,search,18-24,US,1,0,1,0,0
u_003955,2026-04-14,organic,18-24,US,1,0,1,1,0
u_003956,2026-04-04,creator,18-24,US,1,0,1,0,0
u_003957,2026-04-05,tiktok,25-34,UK,0,1,0,0,0
u_003958,2026-04-27,search,18-24,US,1,0,1,1,0
u_003959,2026-04-30,organic,18-24,Australia,0,1,0,0,0
u_003960,2026-04-23,creator,18-24,UK,0,1,0,0,0
u_003961,2026-04-13,instagram,25-34,US,1,1,1,0,0
u_003962,2026-04-11,tiktok,18-24,US,1,1,1,1,0
u_003963,2026-04-02,organic,25-34,US,1,1,1,1,1
u_003964,2026-04-16,search,18-24,US,1,0,0,0,0
u_003965,2026-04-23,organic,45+,US,0,1,0,0,0
u_003966,2026-04-24,instagram,25-34,Australia,1,0,0,1,0
u_003967,2026-04-21,campus,25-34,Other,1,1,1,1,0
u_003968,2026-04-30,creator,25-34,US,0,1,0,0,0
u_003969,2026-05-01,search,35-44,US,1,0,0,1,1
u_003970,2026-04-30,organic,18-24,US,0,1,0,0,0
u_003971,2026-04-29,tiktok,18-24,Australia,0,1,0,0,0
u_003972,2026-04-22,tiktok,25-34,US,1,0,0,0,0
u_003973,2026-04-25,tiktok,25-34,US,1,0,1,0,0
u_003974,2026-04-23,search,18-24,Other,0,1,0,0,0
u_003975,2026-04-21,organic,35-44,US,0,1,1,0,0
u_003976,2026-04-05,search,18-24,US,1,0,1,1,0
u_003977,2026-04-04,tiktok,18-24,US,1,1,1,1,1
u_003978,2026-04-11,organic,25-34,US,0,1,1,0,0
u_003979,2026-04-12,instagram,18-24,US,1,0,1,1,0
u_003980,2026-04-02,search,25-34,US,1,0,0,0,0
u_003981,2026-04-19,creator,18-24,US,1,0,1,1,0
u_003982,2026-04-12,instagram,25-34,US,0,1,1,1,0
u_003983,2026-04-05,tiktok,25-34,US,0,1,0,0,0
u_003984,2026-05-01,campus,18-24,UK,0,1,0,0,0
u_003985,2026-04-28,instagram,18-24,US,1,0,0,1,0
u_003986,2026-04-22,referral,25-34,UK,0,1,0,0,0
u_003987,2026-04-14,organic,18-24,US,0,1,1,0,0
u_003988,2026-04-15,referral,25-34,US,1,0,1,1,0
u_003989,2026-04-12,tiktok,18-24,US,1,1,0,0,0
u_003990,2026-04-12,tiktok,18-24,UK,1,0,0,1,0
u_003991,2026-04-04,creator,18-24,US,0,1,1,0,0
u_003992,2026-04-03,instagram,18-24,UK,1,0,1,1,0
u_003993,2026-04-01,organic,35-44,US,0,1,0,0,0
u_003994,2026-04-16,search,18-24,US,1,1,0,1,0
u_003995,2026-04-11,instagram,35-44,US,1,0,1,1,0
u_003996,2026-04-18,organic,25-34,UK,1,1,1,0,0
u_003997,2026-04-13,instagram,25-34,US,0,1,1,0,0
u_003998,2026-05-01,search,18-24,Canada,0,1,0,0,0
u_003999,2026-04-23,organic,35-44,UK,0,1,0,0,0
u_004000,2026-04-01,instagram,25-34,US,1,1,0,1,0
u_004001,2026-04-16,referral,25-34,US,1,0,1,1,0
u_004002,2026-04-04,instagram,18-24,UK,1,0,0,0,0
u_004003,2026-04-17,campus,18-24,Canada,0,1,1,1,0
u_004004,2026-05-01,organic,18-24,US,0,1,1,1,0
u_004005,2026-05-01,search,18-24,US,1,1,0,0,0
u_004006,2026-04-30,tiktok,25-34,US,1,0,1,1,0
u_004007,2026-04-30,tiktok,18-24,US,0,1,1,1,1
u_004008,2026-04-16,instagram,25-34,US,1,0,0,0,0
u_004009,2026-04-25,instagram,18-24,US,1,1,1,1,1
u_004010,2026-04-26,creator,18-24,US,1,0,0,0,1
u_004011,2026-04-23,creator,25-34,US,0,1,1,0,0
u_004012,2026-04-25,tiktok,45+,US,1,0,0,1,0
u_004013,2026-04-11,organic,25-34,US,1,0,0,0,0
u_004014,2026-04-04,organic,18-24,UK,1,1,1,1,0
u_004015,2026-04-13,referral,25-34,US,1,0,0,0,0
u_004016,2026-04-09,creator,18-24,US,1,0,0,0,1
u_004017,2026-04-13,organic,18-24,Australia,1,0,0,1,0
u_004018,2026-04-14,tiktok,25-34,US,1,0,0,1,1
u_004019,2026-04-15,search,25-34,US,1,1,0,0,0
u_004020,2026-04-17,campus,35-44,US,1,1,1,0,0
u_004021,2026-04-14,tiktok,18-24,US,1,0,0,1,0
u_004022,2026-04-22,campus,18-24,US,1,0,0,0,0
u_004023,2026-04-01,organic,18-24,US,1,1,1,1,1
u_004024,2026-04-13,creator,35-44,UK,1,0,0,1,0
u_004025,2026-04-11,organic,18-24,Other,1,1,0,1,1
u_004026,2026-04-13,instagram,18-24,Other,0,1,1,1,0
u_004027,2026-04-14,creator,18-24,US,1,1,0,1,0
u_004028,2026-04-17,search,18-24,Canada,0,1,0,0,0
u_004029,2026-04-28,search,25-34,Australia,1,0,1,1,0
u_004030,2026-04-18,organic,18-24,US,1,0,0,0,0
u_004031,2026-04-16,search,18-24,US,0,1,1,0,1
u_004032,2026-04-24,instagram,25-34,US,0,1,0,0,0
u_004033,2026-04-08,instagram,25-34,US,1,1,1,0,0
u_004034,2026-04-28,referral,25-34,Other,0,1,0,0,0
u_004035,2026-04-21,search,25-34,US,1,1,0,0,0
u_004036,2026-04-05,search,18-24,UK,1,0,1,1,0
u_004037,2026-04-08,campus,18-24,US,0,1,1,0,0
u_004038,2026-04-23,creator,25-34,US,1,1,1,1,0
u_004039,2026-04-27,organic,35-44,US,1,0,0,0,0
u_004040,2026-04-06,organic,35-44,US,0,1,1,1,0
u_004041,2026-04-27,creator,18-24,US,1,0,0,1,0
u_004042,2026-04-20,referral,18-24,US,0,1,1,1,0
u_004043,2026-04-20,organic,18-24,US,1,1,1,1,0
u_004044,2026-04-12,referral,18-24,US,1,1,0,1,1
u_004045,2026-04-30,instagram,18-24,US,0,1,0,1,0
u_004046,2026-04-09,creator,18-24,US,0,1,0,0,0
u_004047,2026-04-20,search,18-24,Australia,1,0,0,0,0
u_004048,2026-04-27,referral,25-34,US,0,1,1,0,0
u_004049,2026-04-22,search,25-34,US,1,0,0,0,0
u_004050,2026-04-15,instagram,18-24,US,1,0,0,1,0
u_004051,2026-04-14,creator,35-44,US,0,1,1,0,0
u_004052,2026-04-25,search,25-34,US,0,1,0,0,0
u_004053,2026-04-11,creator,18-24,UK,1,0,0,1,0
u_004054,2026-04-22,organic,25-34,US,0,1,0,0,0
u_004055,2026-04-21,referral,35-44,US,1,1,1,1,0
u_004056,2026-04-06,search,18-24,US,1,0,0,0,0
u_004057,2026-04-16,tiktok,35-44,US,0,1,0,1,0
u_004058,2026-04-19,instagram,25-34,US,0,1,0,0,0
u_004059,2026-04-18,search,18-24,Canada,1,0,0,0,0
u_004060,2026-04-16,tiktok,18-24,US,0,1,0,0,0
u_004061,2026-04-30,organic,18-24,US,0,1,1,0,0
u_004062,2026-04-24,search,45+,Canada,1,1,1,0,0
u_004063,2026-04-09,tiktok,25-34,US,1,1,1,1,1
u_004064,2026-04-25,campus,35-44,US,1,1,0,0,0
u_004065,2026-04-28,organic,18-24,US,1,0,1,0,1
u_004066,2026-04-24,referral,18-24,US,0,1,1,1,0
u_004067,2026-04-03,creator,18-24,US,1,0,1,1,0
u_004068,2026-04-25,creator,25-34,UK,1,0,1,1,1
u_004069,2026-04-06,instagram,25-34,US,1,0,1,1,0
u_004070,2026-04-09,instagram,18-24,US,0,1,0,1,0
u_004071,2026-04-25,tiktok,18-24,Other,0,1,0,0,0
u_004072,2026-04-16,referral,18-24,US,0,1,0,0,0
u_004073,2026-04-14,referral,25-34,UK,0,1,0,0,0
u_004074,2026-04-07,referral,18-24,US,1,1,0,1,0
u_004075,2026-04-23,creator,18-24,US,0,1,1,1,0
u_004076,2026-04-08,creator,18-24,US,1,0,0,1,0
u_004077,2026-04-29,search,18-24,US,1,0,0,0,0
u_004078,2026-04-23,tiktok,18-24,Other,1,1,0,1,0
u_004079,2026-04-15,referral,18-24,Australia,0,1,0,0,0
u_004080,2026-04-17,tiktok,25-34,Canada,1,1,0,1,0
u_004081,2026-04-06,referral,18-24,US,0,1,0,0,0
u_004082,2026-04-08,organic,25-34,US,1,1,0,0,0
u_004083,2026-05-01,referral,18-24,US,1,1,1,0,0
u_004084,2026-04-24,campus,35-44,US,1,0,0,1,0
u_004085,2026-04-25,campus,18-24,US,0,1,1,0,0
u_004086,2026-04-19,organic,18-24,US,1,1,1,0,0
u_004087,2026-04-13,instagram,18-24,Canada,1,0,0,1,0
u_004088,2026-04-08,tiktok,25-34,UK,1,0,0,0,0
u_004089,2026-04-15,organic,35-44,US,1,0,0,1,0
u_004090,2026-04-19,instagram,45+,US,1,0,1,0,0
u_004091,2026-04-20,creator,18-24,US,0,1,1,1,0
u_004092,2026-04-02,organic,18-24,US,1,1,0,0,0
u_004093,2026-04-08,tiktok,25-34,US,0,1,0,0,0
u_004094,2026-04-03,referral,18-24,US,0,1,0,0,0
u_004095,2026-04-08,instagram,18-24,US,1,0,1,1,0
u_004096,2026-04-19,tiktok,25-34,Other,1,1,0,1,0
u_004097,2026-04-02,referral,25-34,US,0,1,0,1,0
u_004098,2026-04-03,campus,25-34,US,1,1,0,1,0
u_004099,2026-04-07,instagram,18-24,UK,0,1,1,1,1
u_004100,2026-04-11,instagram,25-34,US,0,1,0,0,0
u_004101,2026-04-17,instagram,18-24,Canada,1,1,0,0,0
u_004102,2026-04-17,organic,18-24,US,0,1,0,0,0
u_004103,2026-04-20,organic,18-24,Canada,0,1,1,0,0
u_004104,2026-04-07,referral,18-24,US,1,0,1,1,0
u_004105,2026-04-15,organic,35-44,US,1,0,1,1,0
u_004106,2026-04-22,organic,18-24,US,0,1,0,1,0
u_004107,2026-04-28,tiktok,18-24,US,1,0,1,1,0
u_004108,2026-04-19,search,18-24,UK,1,0,1,0,0
u_004109,2026-04-13,campus,18-24,US,0,1,0,0,1
u_004110,2026-04-09,instagram,18-24,US,1,0,1,1,0
u_004111,2026-04-12,search,18-24,US,1,1,1,1,0
u_004112,2026-04-08,search,18-24,US,1,0,1,1,0
u_004113,2026-04-24,search,18-24,US,0,1,0,0,0
u_004114,2026-05-01,referral,35-44,US,1,0,0,0,0
u_004115,2026-04-07,organic,18-24,Canada,0,1,1,1,1
u_004116,2026-04-02,referral,25-34,UK,0,1,0,0,0
u_004117,2026-04-01,organic,18-24,UK,1,1,0,1,0
u_004118,2026-04-19,campus,45+,US,0,1,0,0,0
u_004119,2026-04-18,organic,25-34,Other,1,1,1,0,0
u_004120,2026-04-25,tiktok,18-24,US,0,1,1,0,1
u_004121,2026-04-12,creator,25-34,US,1,0,1,1,0
u_004122,2026-04-11,instagram,35-44,Other,1,0,0,1,0
u_004123,2026-04-29,referral,25-34,Canada,0,1,0,0,0
u_004124,2026-04-10,organic,25-34,Canada,1,0,0,0,0
u_004125,2026-05-01,tiktok,25-34,US,1,1,1,1,0
u_004126,2026-04-04,creator,25-34,Other,0,1,0,0,0
u_004127,2026-04-08,search,25-34,US,1,1,1,1,1
u_004128,2026-04-11,search,18-24,US,1,1,0,1,0
u_004129,2026-04-20,organic,18-24,US,0,1,1,0,0
u_004130,2026-04-16,creator,18-24,US,1,0,1,1,0
u_004131,2026-04-16,creator,35-44,UK,1,0,1,1,0
u_004132,2026-04-10,instagram,25-34,US,1,1,1,1,0
u_004133,2026-04-05,tiktok,18-24,US,1,1,1,1,0
u_004134,2026-04-18,organic,18-24,US,1,1,0,0,0
u_004135,2026-04-26,referral,18-24,US,0,1,1,0,0
u_004136,2026-04-27,referral,18-24,US,1,0,1,1,1
u_004137,2026-04-25,search,18-24,UK,1,0,0,0,1
u_004138,2026-04-08,instagram,25-34,US,0,1,0,0,0
u_004139,2026-04-02,creator,25-34,US,1,1,1,1,0
u_004140,2026-04-09,tiktok,18-24,US,1,0,1,1,0
u_004141,2026-04-22,tiktok,25-34,US,1,1,1,0,0
u_004142,2026-04-27,campus,45+,US,1,0,0,0,0
u_004143,2026-04-16,organic,18-24,US,0,1,0,1,0
u_004144,2026-04-21,instagram,18-24,US,0,1,0,1,0
u_004145,2026-04-21,instagram,18-24,US,1,0,0,1,0
u_004146,2026-04-11,instagram,25-34,UK,1,1,1,1,0
u_004147,2026-04-20,referral,18-24,US,1,0,0,0,0
u_004148,2026-04-05,tiktok,18-24,Other,1,0,1,1,1
u_004149,2026-04-29,instagram,35-44,US,0,1,1,1,1
u_004150,2026-04-28,tiktok,45+,US,1,1,0,0,0
u_004151,2026-04-16,referral,18-24,US,1,0,0,1,0
u_004152,2026-04-06,tiktok,35-44,US,1,0,0,1,1
u_004153,2026-04-13,creator,45+,US,1,0,1,1,0
u_004154,2026-04-22,search,25-34,Australia,1,0,0,0,0
u_004155,2026-04-03,campus,25-34,US,0,1,0,1,0
u_004156,2026-04-27,campus,18-24,US,0,1,0,0,0
u_004157,2026-04-15,tiktok,18-24,US,0,1,1,0,0
u_004158,2026-04-07,organic,25-34,US,1,0,0,1,0
u_004159,2026-04-07,organic,18-24,US,1,0,1,1,0
u_004160,2026-04-06,organic,18-24,US,0,1,0,0,0
u_004161,2026-04-12,tiktok,25-34,US,1,1,0,0,0
u_004162,2026-04-01,search,18-24,US,1,1,0,0,0
u_004163,2026-04-12,creator,18-24,US,1,0,1,1,0
u_004164,2026-04-27,creator,18-24,Australia,0,1,0,0,0
u_004165,2026-04-05,organic,35-44,US,0,1,0,0,0
u_004166,2026-04-24,creator,25-34,UK,1,1,0,1,0
u_004167,2026-04-12,referral,25-34,Australia,1,0,1,1,0
u_004168,2026-04-15,organic,18-24,US,1,0,1,0,0
u_004169,2026-04-08,creator,18-24,UK,0,1,1,1,0
u_004170,2026-04-18,creator,18-24,Australia,1,0,1,1,0
u_004171,2026-04-17,search,18-24,US,1,0,1,0,0
u_004172,2026-04-17,organic,18-24,US,0,1,0,0,0
u_004173,2026-04-21,creator,18-24,US,0,1,0,0,0
u_004174,2026-04-23,referral,35-44,UK,1,0,1,1,0
u_004175,2026-04-29,search,45+,Canada,0,1,1,1,0
u_004176,2026-04-07,referral,18-24,US,1,0,1,1,0
u_004177,2026-04-22,organic,45+,US,1,1,1,1,0
u_004178,2026-04-04,referral,18-24,US,1,0,0,1,1
u_004179,2026-04-21,instagram,18-24,UK,0,1,0,1,0
u_004180,2026-04-03,instagram,25-34,Canada,0,1,0,0,0
u_004181,2026-04-24,tiktok,45+,US,0,1,0,0,0
u_004182,2026-04-05,referral,18-24,US,0,1,0,0,0
u_004183,2026-04-25,referral,25-34,US,0,1,1,0,0
u_004184,2026-04-22,tiktok,25-34,US,0,1,1,0,0
u_004185,2026-04-16,organic,18-24,US,0,1,0,1,1
u_004186,2026-04-21,referral,25-34,US,0,1,0,0,0
u_004187,2026-04-13,tiktok,35-44,US,1,0,1,0,0
u_004188,2026-04-20,creator,35-44,US,1,0,0,0,0
u_004189,2026-04-25,instagram,35-44,US,0,1,1,0,0
u_004190,2026-04-30,organic,35-44,Australia,1,0,1,1,0
u_004191,2026-04-04,search,18-24,US,1,0,0,0,0
u_004192,2026-04-11,referral,18-24,US,1,0,0,0,0
u_004193,2026-04-17,tiktok,35-44,US,1,0,0,0,0
u_004194,2026-04-10,search,18-24,Canada,0,1,0,0,0
u_004195,2026-04-27,referral,45+,US,0,1,0,0,0
u_004196,2026-04-03,campus,25-34,Other,0,1,0,0,0
u_004197,2026-04-04,campus,18-24,US,0,1,0,0,0
u_004198,2026-04-16,instagram,25-34,Other,1,1,0,1,0
u_004199,2026-04-01,instagram,18-24,Other,1,0,0,1,1
u_004200,2026-04-28,search,25-34,Canada,0,1,0,0,0
u_004201,2026-04-10,organic,18-24,US,1,0,1,1,0
u_004202,2026-04-19,campus,18-24,UK,0,1,1,1,0
u_004203,2026-04-07,referral,18-24,Canada,1,0,0,1,0
u_004204,2026-04-09,search,18-24,US,1,1,1,1,0
u_004205,2026-04-19,referral,18-24,US,0,1,0,1,0
u_004206,2026-04-04,instagram,25-34,Other,0,1,1,1,1
u_004207,2026-04-02,instagram,45+,US,1,1,0,1,0
u_004208,2026-04-29,creator,45+,US,0,1,0,0,0
u_004209,2026-04-23,tiktok,18-24,US,1,0,1,0,0
u_004210,2026-04-28,organic,18-24,UK,0,1,1,0,0
u_004211,2026-04-08,tiktok,18-24,Canada,1,1,1,0,0
u_004212,2026-04-26,tiktok,18-24,US,1,1,1,1,0
u_004213,2026-04-12,instagram,25-34,UK,1,1,0,1,0
u_004214,2026-04-13,creator,18-24,US,0,1,1,0,0
u_004215,2026-04-24,tiktok,18-24,Canada,0,1,0,0,0
u_004216,2026-04-22,referral,35-44,Canada,1,0,1,1,1
u_004217,2026-04-05,organic,25-34,US,0,1,1,1,0
u_004218,2026-04-13,instagram,18-24,US,0,1,1,0,1
u_004219,2026-04-03,referral,25-34,US,0,1,1,0,0
u_004220,2026-04-26,campus,18-24,US,0,1,0,0,0
u_004221,2026-04-12,instagram,25-34,US,0,1,0,0,0
u_004222,2026-04-10,organic,18-24,US,1,0,1,0,0
u_004223,2026-04-04,tiktok,18-24,US,1,0,1,1,0
u_004224,2026-04-11,creator,18-24,Other,1,1,0,0,0
u_004225,2026-04-25,instagram,25-34,US,1,0,1,1,0
u_004226,2026-04-22,creator,18-24,US,1,1,1,1,0
u_004227,2026-04-14,organic,25-34,US,1,0,1,1,0
u_004228,2026-04-13,referral,18-24,US,0,1,1,1,0
u_004229,2026-04-06,creator,25-34,US,1,0,0,0,0
u_004230,2026-04-30,tiktok,18-24,US,1,0,0,1,0
u_004231,2026-04-25,creator,25-34,US,1,1,0,0,0
u_004232,2026-04-18,instagram,45+,US,0,1,0,0,0
u_004233,2026-04-28,search,18-24,US,1,0,0,1,0
u_004234,2026-04-12,tiktok,18-24,Australia,0,1,1,0,0
u_004235,2026-04-18,creator,18-24,US,0,1,0,0,0
u_004236,2026-05-01,campus,18-24,US,0,1,1,1,0
u_004237,2026-04-23,organic,35-44,US,1,1,1,1,0
u_004238,2026-04-07,instagram,18-24,Australia,0,1,1,0,0
u_004239,2026-04-30,referral,18-24,US,1,0,0,0,0
u_004240,2026-04-27,tiktok,18-24,US,1,0,1,1,0
u_004241,2026-04-13,instagram,35-44,US,0,1,1,0,0
u_004242,2026-04-02,organic,18-24,Canada,1,0,0,1,0
u_004243,2026-04-08,search,18-24,US,0,1,1,0,0
u_004244,2026-04-06,tiktok,35-44,US,1,0,0,1,0
u_004245,2026-04-24,organic,35-44,US,1,1,1,0,0
u_004246,2026-04-08,referral,18-24,US,1,1,1,0,0
u_004247,2026-04-30,organic,25-34,US,1,0,0,0,0
u_004248,2026-04-27,creator,18-24,US,0,1,0,0,0
u_004249,2026-04-30,search,18-24,US,1,0,1,0,0
u_004250,2026-04-08,tiktok,18-24,US,0,1,1,0,0
u_004251,2026-04-08,search,35-44,US,0,1,0,0,0
u_004252,2026-04-18,creator,18-24,US,1,1,0,0,0
u_004253,2026-04-05,creator,35-44,Other,0,1,1,0,0
u_004254,2026-04-24,tiktok,18-24,Other,1,0,1,0,0
u_004255,2026-04-20,organic,18-24,US,1,0,1,0,0
u_004256,2026-04-12,organic,45+,Other,1,0,0,0,1
u_004257,2026-05-01,tiktok,18-24,US,1,1,1,1,0
u_004258,2026-04-08,organic,18-24,UK,1,0,0,0,0
u_004259,2026-04-06,referral,18-24,Australia,0,1,0,0,0
u_004260,2026-04-13,search,25-34,US,1,0,1,1,0
u_004261,2026-04-28,tiktok,25-34,US,0,1,0,1,0
u_004262,2026-04-11,campus,18-24,US,1,0,1,1,0
u_004263,2026-04-11,instagram,25-34,US,1,0,1,1,0
u_004264,2026-04-14,tiktok,35-44,US,0,1,0,0,0
u_004265,2026-04-17,organic,35-44,US,1,0,1,0,0
u_004266,2026-04-16,search,25-34,US,0,1,1,0,0
u_004267,2026-04-14,referral,35-44,US,1,0,0,0,0
u_004268,2026-04-06,search,25-34,US,1,1,1,0,0
u_004269,2026-04-24,organic,18-24,US,1,0,1,1,1
u_004270,2026-04-24,tiktok,18-24,US,0,1,0,0,0
u_004271,2026-04-27,tiktok,18-24,US,1,0,1,0,1
u_004272,2026-04-24,organic,18-24,US,1,0,0,1,0
u_004273,2026-04-21,organic,35-44,US,0,1,0,0,0
u_004274,2026-04-01,instagram,25-34,UK,0,1,0,0,0
u_004275,2026-04-22,tiktok,45+,US,0,1,0,1,0
u_004276,2026-04-04,referral,18-24,US,1,1,1,1,0
u_004277,2026-04-25,organic,25-34,Canada,0,1,1,1,1
u_004278,2026-04-07,instagram,25-34,UK,0,1,1,1,0
u_004279,2026-04-02,organic,18-24,UK,0,1,1,0,0
u_004280,2026-04-18,instagram,25-34,US,1,0,1,0,0
u_004281,2026-04-14,organic,45+,US,0,1,0,1,1
u_004282,2026-04-12,tiktok,45+,US,1,0,0,0,0
u_004283,2026-04-19,organic,25-34,Australia,0,1,0,0,0
u_004284,2026-04-06,referral,35-44,Other,0,1,1,1,0
u_004285,2026-04-07,tiktok,25-34,US,1,1,0,1,0
u_004286,2026-04-09,organic,18-24,US,1,1,1,0,0
u_004287,2026-04-12,tiktok,18-24,US,1,1,0,1,0
u_004288,2026-04-15,instagram,18-24,US,1,1,0,0,0
u_004289,2026-04-05,creator,18-24,US,1,1,0,1,1
u_004290,2026-04-01,referral,18-24,US,0,1,1,0,0
u_004291,2026-04-12,organic,25-34,US,1,0,1,1,0
u_004292,2026-04-26,organic,18-24,UK,1,0,0,0,0
u_004293,2026-04-10,campus,18-24,US,0,1,0,0,0
u_004294,2026-04-22,instagram,18-24,US,1,1,0,1,1
u_004295,2026-04-09,creator,45+,US,0,1,1,1,1
u_004296,2026-04-11,search,25-34,US,1,0,1,0,0
u_004297,2026-04-30,tiktok,18-24,US,1,1,0,0,0
u_004298,2026-04-24,campus,18-24,US,0,1,0,0,0
u_004299,2026-04-14,referral,35-44,UK,1,1,0,1,0
u_004300,2026-04-17,referral,18-24,Other,1,1,1,0,0
u_004301,2026-04-26,search,18-24,US,1,0,0,0,0
u_004302,2026-04-25,instagram,18-24,UK,1,1,0,1,1
u_004303,2026-04-19,organic,18-24,US,0,1,1,0,0
u_004304,2026-04-25,instagram,18-24,US,1,0,0,0,0
u_004305,2026-04-23,referral,18-24,UK,0,1,0,1,0
u_004306,2026-04-22,organic,18-24,Canada,1,0,0,0,0
u_004307,2026-04-28,organic,25-34,US,0,1,1,0,0
u_004308,2026-04-14,creator,18-24,US,1,0,1,1,0
u_004309,2026-04-06,search,18-24,US,0,1,0,1,0
u_004310,2026-04-21,organic,18-24,US,0,1,0,1,0
u_004311,2026-04-19,search,25-34,UK,0,1,1,0,0
u_004312,2026-04-12,creator,18-24,Other,0,1,0,0,0
u_004313,2026-04-10,organic,25-34,US,1,0,1,1,1
u_004314,2026-04-20,search,35-44,US,0,1,1,1,0
u_004315,2026-04-11,search,18-24,US,0,1,0,0,0
u_004316,2026-04-14,campus,18-24,US,1,1,1,1,0
u_004317,2026-04-04,instagram,25-34,US,1,0,0,0,0
u_004318,2026-04-11,organic,25-34,UK,0,1,0,0,0
u_004319,2026-04-08,organic,35-44,Other,0,1,0,0,0
u_004320,2026-04-01,creator,45+,US,1,0,1,1,0
u_004321,2026-04-10,instagram,25-34,US,1,0,1,1,0
u_004322,2026-04-21,instagram,18-24,Other,0,1,1,0,0
u_004323,2026-04-17,creator,25-34,US,1,0,0,1,0
u_004324,2026-04-04,instagram,25-34,Canada,0,1,0,0,0
u_004325,2026-04-12,organic,18-24,US,1,1,1,1,1
u_004326,2026-04-19,tiktok,18-24,Other,0,1,1,1,0
u_004327,2026-04-14,search,25-34,US,0,1,1,0,0
u_004328,2026-04-01,tiktok,18-24,Canada,1,0,0,1,0
u_004329,2026-04-16,instagram,18-24,US,1,0,1,0,0
u_004330,2026-04-12,campus,18-24,Australia,1,0,1,0,0
u_004331,2026-04-03,referral,35-44,US,0,1,0,1,0
u_004332,2026-04-15,organic,18-24,US,1,1,0,1,0
u_004333,2026-04-18,instagram,18-24,US,0,1,0,0,0
u_004334,2026-04-30,tiktok,18-24,US,1,1,1,1,0
u_004335,2026-04-21,instagram,18-24,US,0,1,1,1,1
u_004336,2026-04-28,tiktok,18-24,US,1,0,0,0,0
u_004337,2026-04-12,tiktok,25-34,US,0,1,0,1,0
u_004338,2026-04-04,search,25-34,US,0,1,1,1,1
u_004339,2026-04-11,tiktok,18-24,US,0,1,0,0,0
u_004340,2026-04-25,referral,18-24,US,0,1,1,1,0
u_004341,2026-04-27,referral,18-24,Canada,1,0,0,0,0
u_004342,2026-04-18,campus,18-24,US,0,1,1,1,0
u_004343,2026-04-03,creator,18-24,US,0,1,0,0,1
u_004344,2026-04-20,campus,25-34,US,0,1,0,1,0
u_004345,2026-04-27,organic,18-24,Other,1,0,1,1,0
u_004346,2026-04-27,search,25-34,US,1,0,0,1,0
u_004347,2026-04-06,referral,18-24,US,0,1,0,0,1
u_004348,2026-04-15,tiktok,18-24,Canada,1,0,1,0,0
u_004349,2026-04-12,referral,35-44,US,1,1,1,1,0
u_004350,2026-04-26,tiktok,25-34,Other,1,0,1,0,0
u_004351,2026-04-24,search,45+,US,0,1,0,0,0
u_004352,2026-04-07,tiktok,25-34,US,1,0,1,0,0
u_004353,2026-04-06,creator,25-34,US,1,0,1,1,0
u_004354,2026-04-20,instagram,18-24,Other,0,1,0,0,0
u_004355,2026-04-30,referral,18-24,US,1,0,0,1,1
u_004356,2026-04-13,referral,25-34,US,1,0,1,0,0
u_004357,2026-04-08,instagram,18-24,Australia,1,0,1,0,0
u_004358,2026-04-08,instagram,18-24,US,0,1,1,1,0
u_004359,2026-04-22,campus,18-24,US,0,1,0,0,0
u_004360,2026-04-07,campus,18-24,Australia,0,1,0,0,0
u_004361,2026-04-16,campus,35-44,US,1,1,1,1,0
u_004362,2026-04-17,organic,35-44,Australia,0,1,0,0,1
u_004363,2026-04-11,search,45+,US,0,1,0,1,0
u_004364,2026-04-28,referral,18-24,US,0,1,0,0,0
u_004365,2026-04-26,tiktok,35-44,US,1,0,1,0,0
u_004366,2026-04-03,tiktok,25-34,US,1,1,1,0,0
u_004367,2026-04-09,creator,45+,US,1,1,1,0,0
u_004368,2026-04-20,organic,25-34,Australia,0,1,1,0,0
u_004369,2026-05-01,referral,18-24,UK,0,1,0,1,0
u_004370,2026-04-18,tiktok,35-44,Canada,1,0,0,0,0
u_004371,2026-04-13,tiktok,18-24,US,0,1,1,0,0
u_004372,2026-04-12,tiktok,18-24,US,0,1,0,1,1
u_004373,2026-04-05,campus,25-34,Canada,1,0,0,0,0
u_004374,2026-04-25,tiktok,25-34,US,1,1,0,0,0
u_004375,2026-04-13,search,25-34,US,1,0,0,1,0
u_004376,2026-04-19,search,18-24,US,0,1,0,0,0
u_004377,2026-04-20,tiktok,18-24,UK,1,1,1,1,0
u_004378,2026-04-29,referral,18-24,US,1,0,1,0,0
u_004379,2026-04-15,instagram,18-24,US,0,1,1,1,0
u_004380,2026-04-02,search,25-34,US,0,1,0,0,1
u_004381,2026-04-15,organic,18-24,US,1,0,1,0,0
u_004382,2026-04-12,creator,18-24,US,0,1,0,1,0
u_004383,2026-04-17,tiktok,25-34,US,0,1,0,0,0
u_004384,2026-04-23,creator,18-24,US,0,1,0,0,0
u_004385,2026-04-27,creator,18-24,US,0,1,0,0,0
u_004386,2026-04-16,tiktok,25-34,Canada,0,1,0,0,0
u_004387,2026-04-11,creator,18-24,US,0,1,1,1,0
u_004388,2026-04-25,organic,18-24,Canada,1,0,1,0,0
u_004389,2026-04-12,tiktok,25-34,US,1,1,0,0,0
u_004390,2026-04-17,instagram,18-24,US,0,1,1,0,0
u_004391,2026-04-17,instagram,18-24,US,0,1,0,0,0
u_004392,2026-04-19,tiktok,18-24,US,1,0,1,0,0
u_004393,2026-04-22,creator,25-34,Canada,0,1,1,1,0
u_004394,2026-04-18,instagram,18-24,US,0,1,0,0,0
u_004395,2026-04-04,organic,18-24,US,0,1,0,0,0
u_004396,2026-04-01,referral,25-34,US,1,0,1,1,0
u_004397,2026-04-03,creator,18-24,US,0,1,0,0,0
u_004398,2026-04-22,search,18-24,US,1,0,1,1,0
u_004399,2026-04-03,organic,18-24,US,0,1,0,1,0
u_004400,2026-04-19,tiktok,18-24,US,0,1,1,0,0
u_004401,2026-04-14,tiktok,18-24,UK,1,0,0,0,0
u_004402,2026-04-07,tiktok,18-24,US,1,1,1,1,1
u_004403,2026-04-15,organic,18-24,US,0,1,0,0,0
u_004404,2026-04-20,campus,25-34,US,1,0,0,1,0
u_004405,2026-04-01,search,25-34,US,1,0,1,0,0
u_004406,2026-04-17,creator,18-24,US,0,1,0,0,0
u_004407,2026-04-22,instagram,18-24,US,1,0,1,0,0
u_004408,2026-04-17,referral,25-34,US,0,1,1,0,0
u_004409,2026-04-26,tiktok,18-24,US,0,1,1,1,1
u_004410,2026-04-25,organic,18-24,US,0,1,0,0,1
u_004411,2026-04-14,tiktok,45+,US,0,1,1,1,0
u_004412,2026-04-04,campus,18-24,Other,0,1,1,1,0
u_004413,2026-04-07,organic,25-34,US,1,1,0,1,0
u_004414,2026-04-30,tiktok,18-24,US,0,1,0,0,0
u_004415,2026-04-22,organic,25-34,Canada,1,0,0,0,0
u_004416,2026-04-21,organic,18-24,Canada,1,0,1,0,1
u_004417,2026-04-24,campus,25-34,US,0,1,0,0,0
u_004418,2026-04-25,campus,25-34,US,0,1,1,1,0
u_004419,2026-04-28,organic,18-24,Other,0,1,1,1,1
u_004420,2026-04-09,tiktok,35-44,US,0,1,1,1,0
u_004421,2026-04-20,instagram,35-44,Canada,0,1,1,0,0
u_004422,2026-04-07,organic,18-24,US,1,0,0,0,0
u_004423,2026-04-16,search,18-24,Australia,1,0,1,0,0
u_004424,2026-04-11,instagram,18-24,US,1,1,1,1,0
u_004425,2026-04-27,campus,18-24,US,0,1,0,0,0
u_004426,2026-04-10,campus,25-34,US,1,0,1,1,0
u_004427,2026-04-16,instagram,18-24,US,0,1,1,0,0
u_004428,2026-04-14,tiktok,25-34,US,1,1,0,1,0
u_004429,2026-04-02,instagram,18-24,US,0,1,0,0,0
u_004430,2026-04-23,search,25-34,UK,1,0,1,1,0
u_004431,2026-04-10,referral,25-34,US,1,1,0,1,0
u_004432,2026-04-19,referral,35-44,US,0,1,1,1,0
u_004433,2026-04-21,instagram,25-34,Canada,1,0,0,1,0
u_004434,2026-04-21,instagram,25-34,US,1,1,1,0,0
u_004435,2026-04-04,organic,18-24,US,1,0,1,1,0
u_004436,2026-04-22,creator,18-24,US,0,1,0,0,0
u_004437,2026-04-11,instagram,18-24,Other,1,0,0,0,0
u_004438,2026-04-18,organic,18-24,Australia,1,0,0,1,0
u_004439,2026-04-17,search,45+,US,1,0,0,1,0
u_004440,2026-04-25,creator,18-24,UK,0,1,0,0,0
u_004441,2026-04-12,referral,18-24,US,0,1,1,1,0
u_004442,2026-04-06,tiktok,18-24,Other,1,0,0,1,0
u_004443,2026-04-11,instagram,35-44,US,0,1,0,0,0
u_004444,2026-04-01,instagram,25-34,US,1,1,0,0,0
u_004445,2026-04-30,instagram,25-34,Canada,1,0,1,0,0
u_004446,2026-04-16,instagram,18-24,US,1,0,1,0,1
u_004447,2026-04-20,referral,25-34,US,0,1,0,0,0
u_004448,2026-04-01,search,25-34,Other,1,0,0,1,0
u_004449,2026-04-08,referral,18-24,US,0,1,0,0,0
u_004450,2026-04-11,referral,25-34,US,0,1,0,0,0
u_004451,2026-04-27,referral,25-34,US,0,1,0,0,0
u_004452,2026-04-22,search,18-24,US,1,1,0,0,0
u_004453,2026-04-26,tiktok,18-24,UK,1,1,1,1,0
u_004454,2026-04-10,creator,18-24,US,0,1,1,1,0
u_004455,2026-04-03,search,35-44,US,1,1,0,0,0
u_004456,2026-04-06,organic,18-24,US,0,1,0,0,0
u_004457,2026-04-17,instagram,35-44,US,1,1,1,1,0
u_004458,2026-04-12,referral,25-34,US,1,0,1,1,1
u_004459,2026-04-17,creator,18-24,UK,1,0,0,0,0
u_004460,2026-04-15,creator,18-24,UK,1,1,1,1,0
u_004461,2026-04-16,campus,18-24,UK,1,1,0,0,0
u_004462,2026-04-11,organic,18-24,US,1,1,0,1,0
u_004463,2026-04-11,instagram,25-34,US,1,1,1,1,0
u_004464,2026-04-24,instagram,18-24,UK,1,0,1,1,0
u_004465,2026-04-12,organic,35-44,US,0,1,1,1,1
u_004466,2026-04-14,tiktok,25-34,UK,1,0,1,1,0
u_004467,2026-04-30,tiktok,18-24,US,1,1,1,0,1
u_004468,2026-04-16,campus,18-24,Australia,0,1,0,0,0
u_004469,2026-04-22,referral,25-34,US,0,1,1,1,0
u_004470,2026-04-21,campus,18-24,US,0,1,0,1,0
u_004471,2026-04-24,organic,18-24,US,1,0,1,1,1
u_004472,2026-04-21,tiktok,18-24,Australia,1,0,1,1,1
u_004473,2026-04-06,campus,18-24,US,0,1,0,1,0
u_004474,2026-04-18,referral,25-34,US,1,1,0,0,0
u_004475,2026-04-07,instagram,18-24,US,1,0,1,1,0
u_004476,2026-04-25,instagram,18-24,US,1,0,1,0,0
u_004477,2026-04-18,search,18-24,UK,1,0,1,0,0
u_004478,2026-04-13,tiktok,18-24,US,0,1,0,0,0
u_004479,2026-04-17,campus,25-34,US,0,1,0,0,0
u_004480,2026-04-06,tiktok,18-24,US,1,1,1,0,0
u_004481,2026-04-08,tiktok,18-24,US,0,1,0,1,0
u_004482,2026-04-19,instagram,35-44,US,1,1,1,0,0
u_004483,2026-04-08,referral,18-24,Other,0,1,1,1,0
u_004484,2026-04-02,organic,18-24,Other,1,1,0,1,0
u_004485,2026-04-21,organic,45+,US,0,1,0,1,0
u_004486,2026-04-17,referral,35-44,Canada,0,1,0,0,0
u_004487,2026-04-16,referral,18-24,US,0,1,1,0,0
u_004488,2026-04-19,referral,18-24,Australia,1,1,0,0,1
u_004489,2026-04-25,creator,25-34,UK,1,1,1,1,0
u_004490,2026-05-01,referral,25-34,US,1,0,0,0,0
u_004491,2026-04-01,search,18-24,US,0,1,0,0,0
u_004492,2026-04-20,referral,25-34,US,0,1,0,0,0
u_004493,2026-04-10,tiktok,18-24,US,1,1,1,1,0
u_004494,2026-04-01,search,25-34,US,1,0,0,0,0
u_004495,2026-04-14,referral,35-44,US,0,1,1,0,1
u_004496,2026-04-01,organic,35-44,US,1,0,0,1,0
u_004497,2026-04-04,tiktok,18-24,US,0,1,1,1,0
u_004498,2026-04-29,organic,18-24,US,1,0,1,1,0
u_004499,2026-04-04,tiktok,25-34,US,0,1,1,0,0
u_004500,2026-04-29,instagram,18-24,Other,1,1,1,0,0
u_004501,2026-04-11,referral,18-24,US,0,1,0,0,0
u_004502,2026-04-27,referral,35-44,US,1,0,1,1,0
u_004503,2026-04-30,creator,25-34,Other,1,1,0,0,0
u_004504,2026-04-18,creator,25-34,Other,0,1,1,0,0
u_004505,2026-04-23,organic,18-24,US,0,1,0,0,0
u_004506,2026-04-28,organic,25-34,US,0,1,1,1,0
u_004507,2026-04-13,instagram,45+,US,1,0,1,1,0
u_004508,2026-04-09,search,18-24,US,0,1,0,0,0
u_004509,2026-04-02,referral,18-24,US,0,1,0,0,0
u_004510,2026-04-16,creator,25-34,Australia,1,1,1,1,0
u_004511,2026-04-28,instagram,18-24,US,1,0,1,1,1
u_004512,2026-04-13,instagram,18-24,US,1,0,1,0,0
u_004513,2026-04-25,tiktok,18-24,US,0,1,0,1,0
u_004514,2026-04-06,tiktok,35-44,US,0,1,0,1,1
u_004515,2026-04-04,search,25-34,US,0,1,1,0,0
u_004516,2026-04-14,referral,18-24,Australia,1,0,0,1,0
u_004517,2026-04-24,instagram,18-24,US,1,0,1,0,0
u_004518,2026-04-14,referral,18-24,US,1,1,0,0,0
u_004519,2026-04-10,tiktok,18-24,US,1,0,1,1,0
u_004520,2026-04-10,tiktok,18-24,Australia,0,1,1,0,0
u_004521,2026-04-04,organic,25-34,Canada,0,1,1,0,0
u_004522,2026-04-02,creator,18-24,Australia,0,1,0,0,0
u_004523,2026-04-04,search,25-34,US,0,1,0,1,0
u_004524,2026-04-12,campus,18-24,US,0,1,0,0,0
u_004525,2026-04-24,creator,18-24,Other,0,1,0,0,0
u_004526,2026-04-30,organic,35-44,US,1,0,1,0,0
u_004527,2026-04-11,tiktok,18-24,US,1,1,1,1,0
u_004528,2026-04-05,organic,25-34,US,0,1,0,0,0
u_004529,2026-04-19,search,18-24,US,1,0,0,0,0
u_004530,2026-04-24,organic,25-34,Australia,1,1,1,0,0
u_004531,2026-04-12,creator,25-34,US,1,1,1,1,0
u_004532,2026-04-19,organic,18-24,UK,1,0,0,1,0
u_004533,2026-05-01,search,18-24,UK,1,0,1,1,0
u_004534,2026-04-04,search,35-44,Other,1,1,1,0,0
u_004535,2026-04-17,creator,35-44,US,0,1,0,1,0
u_004536,2026-04-19,campus,45+,US,1,1,1,0,0
u_004537,2026-04-25,creator,18-24,US,0,1,0,1,0
u_004538,2026-04-27,referral,25-34,US,1,0,1,0,0
u_004539,2026-04-04,referral,18-24,Canada,1,0,0,0,0
u_004540,2026-04-21,tiktok,18-24,US,1,1,1,1,0
u_004541,2026-04-10,instagram,18-24,US,0,1,1,0,0
u_004542,2026-04-24,instagram,25-34,US,1,0,0,1,0
u_004543,2026-04-06,search,18-24,UK,0,1,0,1,1
u_004544,2026-05-01,creator,18-24,US,1,1,1,1,0
u_004545,2026-04-18,instagram,35-44,US,1,0,1,1,1
u_004546,2026-04-08,organic,35-44,UK,1,1,0,0,0
u_004547,2026-04-15,organic,18-24,UK,1,0,0,0,0
u_004548,2026-04-30,creator,25-34,US,0,1,0,0,0
u_004549,2026-04-17,tiktok,45+,US,1,0,0,0,0
u_004550,2026-04-27,organic,18-24,US,1,0,0,0,0
u_004551,2026-04-25,instagram,18-24,US,1,0,0,1,0
u_004552,2026-04-29,organic,25-34,US,0,1,1,0,0
u_004553,2026-05-01,tiktok,25-34,US,0,1,0,1,0
u_004554,2026-04-08,creator,25-34,UK,1,0,0,0,0
u_004555,2026-04-11,organic,18-24,US,1,0,1,0,0
u_004556,2026-04-08,tiktok,18-24,US,1,0,1,0,0
u_004557,2026-04-18,organic,35-44,US,1,0,0,1,0
u_004558,2026-04-13,campus,18-24,US,0,1,0,0,0
u_004559,2026-04-28,creator,18-24,UK,1,0,0,0,0
u_004560,2026-04-16,tiktok,18-24,US,1,0,0,1,0
u_004561,2026-04-05,instagram,18-24,Other,1,1,1,1,1
u_004562,2026-04-11,campus,18-24,US,0,1,1,0,0
u_004563,2026-04-06,search,18-24,US,0,1,1,0,0
u_004564,2026-04-16,search,18-24,Canada,1,0,1,1,0
u_004565,2026-05-01,instagram,25-34,UK,1,1,0,0,0
u_004566,2026-04-11,organic,25-34,US,1,1,0,1,0
u_004567,2026-04-02,referral,25-34,US,1,1,1,0,1
u_004568,2026-04-09,instagram,18-24,UK,1,1,0,1,0
u_004569,2026-04-29,organic,35-44,Canada,1,1,0,1,0
u_004570,2026-04-04,search,18-24,US,1,0,1,1,0
u_004571,2026-04-13,creator,25-34,UK,1,1,1,1,0
u_004572,2026-04-23,campus,25-34,US,0,1,1,0,0
u_004573,2026-04-16,referral,18-24,US,0,1,0,0,0
u_004574,2026-04-18,search,18-24,US,1,0,0,0,0
u_004575,2026-04-09,search,18-24,Australia,1,1,0,0,0
u_004576,2026-04-25,tiktok,18-24,US,1,0,0,0,0
u_004577,2026-04-21,referral,18-24,Australia,1,1,1,0,1
u_004578,2026-04-15,organic,18-24,US,0,1,0,0,0
u_004579,2026-04-21,instagram,18-24,US,0,1,0,0,0
u_004580,2026-04-30,search,25-34,US,1,0,1,1,0
u_004581,2026-04-09,organic,18-24,US,1,0,1,1,0
u_004582,2026-04-18,instagram,45+,US,1,0,0,0,0
u_004583,2026-04-22,tiktok,18-24,US,0,1,1,0,0
u_004584,2026-04-05,referral,35-44,US,0,1,1,0,0
u_004585,2026-04-07,organic,25-34,US,0,1,0,1,1
u_004586,2026-04-18,search,35-44,US,0,1,0,0,1
u_004587,2026-04-27,instagram,25-34,US,1,0,0,0,0
u_004588,2026-05-01,campus,25-34,US,1,1,0,0,0
u_004589,2026-04-11,instagram,25-34,Australia,1,0,1,0,0
u_004590,2026-04-04,search,18-24,US,0,1,0,0,0
u_004591,2026-04-30,referral,45+,US,1,0,0,1,0
u_004592,2026-04-30,organic,25-34,US,0,1,1,0,0
u_004593,2026-04-23,campus,18-24,US,1,1,1,1,0
u_004594,2026-04-28,search,18-24,US,0,1,1,0,0
u_004595,2026-04-12,referral,18-24,Other,1,1,1,1,0
u_004596,2026-04-17,tiktok,18-24,Australia,0,1,1,0,0
u_004597,2026-04-20,instagram,18-24,UK,1,0,1,1,0
u_004598,2026-04-14,tiktok,18-24,US,0,1,1,0,0
u_004599,2026-04-24,tiktok,18-24,US,1,1,1,1,0
u_004600,2026-04-01,tiktok,35-44,US,0,1,1,1,0
u_004601,2026-04-04,search,35-44,Australia,1,1,0,0,0
u_004602,2026-05-01,referral,18-24,US,1,0,1,1,0
u_004603,2026-04-18,referral,18-24,US,0,1,1,1,0
u_004604,2026-04-06,organic,18-24,US,0,1,0,0,0
u_004605,2026-04-12,organic,25-34,Other,1,1,1,1,0
u_004606,2026-04-07,search,25-34,Canada,0,1,0,0,0
u_004607,2026-04-30,instagram,18-24,US,1,1,1,1,0
u_004608,2026-04-04,creator,25-34,US,1,0,1,0,0
u_004609,2026-04-28,organic,18-24,US,1,1,1,0,0
u_004610,2026-04-15,instagram,18-24,Other,0,1,0,0,1
u_004611,2026-04-25,campus,25-34,Other,1,0,1,1,0
u_004612,2026-04-05,tiktok,18-24,US,0,1,1,0,0
u_004613,2026-04-20,referral,18-24,US,1,1,1,1,0
u_004614,2026-05-01,referral,18-24,UK,1,0,0,0,0
u_004615,2026-04-03,tiktok,18-24,US,0,1,1,0,0
u_004616,2026-04-12,search,18-24,US,0,1,1,0,0
u_004617,2026-04-11,tiktok,18-24,US,1,0,0,1,0
u_004618,2026-04-21,creator,25-34,Canada,1,1,1,1,0
u_004619,2026-04-14,search,18-24,UK,1,0,0,0,0
u_004620,2026-04-19,instagram,25-34,Other,1,1,0,0,0
u_004621,2026-04-12,creator,18-24,US,1,0,0,0,0
u_004622,2026-04-21,tiktok,25-34,UK,1,1,0,0,0
u_004623,2026-04-22,search,25-34,US,0,1,1,1,0
u_004624,2026-04-02,campus,18-24,Australia,1,1,1,0,0
u_004625,2026-04-14,organic,25-34,Other,0,1,0,0,0
u_004626,2026-04-28,referral,18-24,US,1,0,1,0,0
u_004627,2026-04-20,organic,18-24,US,1,0,0,0,0
u_004628,2026-04-11,campus,35-44,US,1,1,1,1,0
u_004629,2026-04-15,search,25-34,US,1,1,0,0,0
u_004630,2026-04-01,search,25-34,US,1,0,0,0,0
u_004631,2026-04-26,campus,18-24,US,1,0,1,1,0
u_004632,2026-04-14,organic,18-24,UK,1,0,0,1,0
u_004633,2026-04-26,instagram,35-44,US,1,0,0,0,0
u_004634,2026-04-27,search,25-34,US,0,1,1,0,0
u_004635,2026-04-26,instagram,18-24,US,1,1,0,0,0
u_004636,2026-04-23,tiktok,18-24,Canada,1,1,1,0,0
u_004637,2026-04-26,organic,35-44,Other,1,1,1,1,0
u_004638,2026-04-10,organic,35-44,Other,0,1,0,0,0
u_004639,2026-04-01,campus,45+,Other,0,1,1,0,0
u_004640,2026-04-24,search,25-34,US,0,1,1,0,0
u_004641,2026-04-13,instagram,18-24,US,1,1,1,1,0
u_004642,2026-04-01,organic,18-24,US,1,1,0,1,0
u_004643,2026-04-11,search,18-24,US,1,0,1,1,0
u_004644,2026-04-04,tiktok,18-24,US,1,1,0,1,1
u_004645,2026-04-30,referral,25-34,US,0,1,1,1,0
u_004646,2026-04-14,creator,18-24,Canada,1,1,1,0,0
u_004647,2026-04-10,creator,45+,US,1,0,1,0,0
u_004648,2026-04-26,creator,18-24,US,0,1,0,0,0
u_004649,2026-04-26,organic,18-24,UK,1,0,0,1,0
u_004650,2026-04-24,organic,18-24,US,1,1,1,1,0
u_004651,2026-04-04,tiktok,25-34,US,0,1,1,0,0
u_004652,2026-04-23,organic,35-44,US,1,0,1,1,1
u_004653,2026-04-08,organic,25-34,Other,1,0,0,0,0
u_004654,2026-04-09,campus,18-24,US,0,1,0,0,0
u_004655,2026-04-21,organic,25-34,Canada,1,1,1,1,1
u_004656,2026-04-03,organic,18-24,US,1,0,1,1,0
u_004657,2026-04-28,campus,35-44,US,1,1,1,1,0
u_004658,2026-04-20,referral,18-24,US,1,0,1,1,0
u_004659,2026-05-01,creator,18-24,US,1,0,1,1,0
u_004660,2026-04-21,creator,25-34,US,0,1,0,0,0
u_004661,2026-04-28,referral,25-34,US,1,0,1,1,0
u_004662,2026-04-17,referral,18-24,US,1,0,1,1,0
u_004663,2026-04-05,tiktok,18-24,US,0,1,0,1,0
u_004664,2026-04-06,organic,18-24,US,0,1,1,1,0
u_004665,2026-04-19,campus,18-24,Other,1,0,1,1,1
u_004666,2026-04-06,instagram,18-24,US,0,1,1,0,0
u_004667,2026-04-08,referral,18-24,Other,1,0,1,1,0
u_004668,2026-04-14,organic,18-24,US,1,0,1,1,0
u_004669,2026-04-21,tiktok,45+,Other,0,1,0,0,0
u_004670,2026-04-13,campus,18-24,US,1,0,0,0,0
u_004671,2026-04-20,referral,45+,US,1,0,0,0,0
u_004672,2026-04-14,referral,18-24,UK,0,1,0,0,1
u_004673,2026-04-12,campus,18-24,US,1,1,0,0,0
u_004674,2026-04-12,search,25-34,US,1,1,1,1,1
u_004675,2026-04-08,organic,25-34,US,1,0,1,1,1
u_004676,2026-04-17,organic,18-24,UK,0,1,0,0,0
u_004677,2026-04-21,instagram,18-24,US,1,1,1,1,1
u_004678,2026-04-07,organic,25-34,US,0,1,1,1,0
u_004679,2026-04-28,search,18-24,Canada,1,1,1,1,0
u_004680,2026-04-30,referral,18-24,Other,1,0,1,0,0
u_004681,2026-04-13,referral,18-24,US,0,1,1,1,0
u_004682,2026-04-09,tiktok,18-24,US,1,0,1,1,0
u_004683,2026-04-26,organic,25-34,US,1,0,1,1,0
u_004684,2026-04-07,referral,18-24,Other,1,1,0,0,0
u_004685,2026-04-19,campus,18-24,US,0,1,1,0,0
u_004686,2026-04-08,creator,18-24,US,1,0,1,0,0
u_004687,2026-04-05,organic,18-24,US,0,1,0,0,0
u_004688,2026-04-14,organic,18-24,Other,1,0,1,1,0
u_004689,2026-04-06,creator,18-24,US,0,1,0,0,0
u_004690,2026-05-01,creator,18-24,US,0,1,0,0,0
u_004691,2026-04-28,search,45+,US,1,1,0,1,0
u_004692,2026-04-02,campus,25-34,US,1,0,1,0,0
u_004693,2026-04-21,instagram,25-34,US,1,0,0,1,0
u_004694,2026-04-03,organic,35-44,Canada,0,1,1,1,0
u_004695,2026-05-01,tiktok,25-34,US,1,0,0,0,1
u_004696,2026-04-01,search,18-24,US,1,1,0,0,1
u_004697,2026-04-24,referral,18-24,Canada,0,1,0,0,0
u_004698,2026-04-07,tiktok,25-34,US,0,1,0,0,0
u_004699,2026-05-01,tiktok,35-44,Other,1,1,0,1,0
u_004700,2026-04-06,instagram,18-24,US,0,1,0,0,0
u_004701,2026-04-30,creator,25-34,US,0,1,1,1,0
u_004702,2026-04-30,referral,18-24,US,0,1,0,1,0
u_004703,2026-04-23,organic,25-34,US,0,1,0,0,0
u_004704,2026-04-22,creator,25-34,Other,0,1,0,0,0
u_004705,2026-04-15,instagram,25-34,US,1,1,1,1,0
u_004706,2026-04-30,campus,18-24,US,1,1,0,0,0
u_004707,2026-04-11,search,18-24,US,0,1,0,0,0
u_004708,2026-04-28,instagram,25-34,Other,1,0,0,1,0
u_004709,2026-04-24,creator,35-44,US,0,1,0,0,0
u_004710,2026-04-19,organic,25-34,US,1,0,0,1,0
u_004711,2026-04-17,referral,25-34,Canada,1,1,1,0,1
u_004712,2026-04-21,organic,35-44,US,1,0,0,1,0
u_004713,2026-04-22,instagram,18-24,US,1,0,0,0,0
u_004714,2026-04-05,organic,18-24,US,1,0,1,1,0
u_004715,2026-05-01,tiktok,25-34,US,1,0,1,1,0
u_004716,2026-04-26,search,25-34,US,1,0,1,1,0
u_004717,2026-04-15,organic,18-24,US,1,0,0,0,0
u_004718,2026-04-17,organic,18-24,US,0,1,1,1,0
u_004719,2026-04-03,referral,35-44,US,1,0,1,0,0
u_004720,2026-04-03,search,25-34,US,0,1,1,0,0
u_004721,2026-04-09,tiktok,35-44,US,0,1,1,0,0
u_004722,2026-05-01,organic,25-34,US,1,0,0,0,0
u_004723,2026-04-30,tiktok,18-24,US,0,1,1,1,0
u_004724,2026-04-10,search,35-44,UK,1,0,0,0,0
u_004725,2026-04-29,referral,25-34,US,0,1,1,1,1
u_004726,2026-04-23,instagram,35-44,Other,1,0,1,1,0
u_004727,2026-04-15,instagram,25-34,US,0,1,0,0,0
u_004728,2026-04-25,organic,18-24,US,0,1,0,1,0
u_004729,2026-04-17,referral,25-34,US,0,1,1,0,0
u_004730,2026-04-19,search,18-24,Canada,1,0,0,0,0
u_004731,2026-04-30,instagram,45+,US,1,0,0,1,0
u_004732,2026-04-08,tiktok,25-34,UK,0,1,0,0,0
u_004733,2026-04-15,tiktok,35-44,Canada,0,1,1,1,0
u_004734,2026-04-16,creator,18-24,Australia,0,1,0,0,0
u_004735,2026-04-03,referral,18-24,US,1,0,1,1,0
u_004736,2026-04-19,organic,25-34,US,0,1,1,0,0
u_004737,2026-04-12,campus,18-24,US,1,0,1,0,1
u_004738,2026-04-04,creator,18-24,US,0,1,0,0,0
u_004739,2026-04-09,organic,25-34,US,1,0,1,1,0
u_004740,2026-04-15,referral,18-24,US,0,1,0,0,0
u_004741,2026-04-27,instagram,25-34,US,0,1,0,1,0
u_004742,2026-04-20,referral,25-34,US,0,1,1,0,0
u_004743,2026-04-01,tiktok,25-34,US,1,0,1,0,0
u_004744,2026-04-20,instagram,18-24,Other,1,1,0,0,1
u_004745,2026-04-23,referral,18-24,US,0,1,1,1,1
u_004746,2026-04-24,instagram,18-24,US,1,0,0,0,0
u_004747,2026-04-24,organic,18-24,US,1,0,1,0,0
u_004748,2026-04-10,instagram,18-24,US,1,1,1,1,0
u_004749,2026-04-13,referral,35-44,Other,0,1,0,1,0
u_004750,2026-04-25,instagram,18-24,US,0,1,0,0,0
u_004751,2026-04-11,organic,35-44,US,1,0,1,1,0
u_004752,2026-04-07,organic,25-34,US,0,1,0,0,0
u_004753,2026-04-02,organic,18-24,US,1,0,1,1,0
u_004754,2026-04-08,referral,25-34,US,1,0,0,0,0
u_004755,2026-04-11,tiktok,25-34,Canada,1,1,1,0,0
u_004756,2026-04-30,instagram,25-34,US,1,1,1,0,0
u_004757,2026-04-16,organic,25-34,US,0,1,0,0,0
u_004758,2026-04-27,search,35-44,US,0,1,0,0,0
u_004759,2026-04-02,tiktok,25-34,UK,0,1,0,0,0
u_004760,2026-04-16,campus,25-34,US,1,1,0,0,1
u_004761,2026-04-17,organic,18-24,US,1,1,1,0,0
u_004762,2026-04-30,search,25-34,US,1,0,1,1,0
u_004763,2026-05-01,creator,45+,US,1,0,0,1,0
u_004764,2026-04-29,search,35-44,US,1,1,1,0,0
u_004765,2026-04-21,instagram,18-24,US,1,1,0,0,0
u_004766,2026-04-28,referral,18-24,Other,0,1,0,1,0
u_004767,2026-04-16,referral,18-24,Canada,1,1,0,0,1
u_004768,2026-04-14,referral,18-24,US,0,1,0,1,0
u_004769,2026-04-13,referral,25-34,Canada,1,1,1,0,0
u_004770,2026-04-26,tiktok,18-24,UK,1,0,1,1,0
u_004771,2026-04-23,search,25-34,US,1,0,0,0,0
u_004772,2026-04-27,tiktok,18-24,US,0,1,0,0,1
u_004773,2026-04-22,organic,18-24,Other,0,1,0,0,0
u_004774,2026-04-21,search,18-24,Canada,1,1,1,1,0
u_004775,2026-04-03,instagram,18-24,US,1,0,0,0,0
u_004776,2026-04-03,campus,25-34,US,1,1,1,1,0
u_004777,2026-04-02,organic,18-24,US,0,1,1,0,0
u_004778,2026-04-08,organic,25-34,US,1,0,1,0,0
u_004779,2026-04-11,organic,18-24,Canada,1,1,1,1,0
u_004780,2026-05-01,instagram,18-24,Other,1,0,1,0,0
u_004781,2026-04-19,creator,18-24,Other,0,1,0,0,0
u_004782,2026-04-28,tiktok,18-24,US,1,0,1,0,0
u_004783,2026-04-03,creator,18-24,US,0,1,0,1,1
u_004784,2026-04-09,instagram,18-24,US,1,0,1,1,1
u_004785,2026-04-18,organic,25-34,Other,0,1,0,0,0
u_004786,2026-04-06,tiktok,25-34,US,0,1,0,0,0
u_004787,2026-04-22,campus,25-34,US,1,0,0,1,0
u_004788,2026-04-17,organic,25-34,US,1,1,0,1,1
u_004789,2026-04-30,referral,25-34,US,0,1,1,1,0
u_004790,2026-04-03,referral,18-24,US,0,1,0,0,0
u_004791,2026-04-11,instagram,18-24,US,0,1,0,0,0
u_004792,2026-04-05,instagram,25-34,UK,1,0,1,1,0
u_004793,2026-04-20,instagram,25-34,US,0,1,1,1,0
u_004794,2026-04-17,campus,18-24,US,1,1,0,0,0
u_004795,2026-04-01,tiktok,25-34,US,1,1,0,1,0
u_004796,2026-04-19,search,18-24,Other,1,1,0,0,0
u_004797,2026-04-02,creator,18-24,US,0,1,1,0,0
u_004798,2026-04-04,creator,25-34,US,1,0,0,1,0
u_004799,2026-04-16,instagram,45+,US,1,0,0,0,0
u_004800,2026-04-19,campus,18-24,Other,0,1,0,0,1
u_004801,2026-04-14,tiktok,18-24,Other,0,1,0,0,0
u_004802,2026-04-17,creator,25-34,US,1,1,1,1,0
u_004803,2026-04-25,tiktok,18-24,UK,1,0,1,1,0
u_004804,2026-04-27,instagram,18-24,US,1,0,0,0,0
u_004805,2026-04-09,creator,18-24,US,1,0,0,1,0
u_004806,2026-04-09,instagram,35-44,US,0,1,0,0,0
u_004807,2026-04-22,tiktok,18-24,US,0,1,0,0,0
u_004808,2026-04-19,tiktok,25-34,US,1,0,0,1,1
u_004809,2026-04-16,referral,18-24,US,1,0,1,1,0
u_004810,2026-04-11,referral,25-34,Other,0,1,1,1,0
u_004811,2026-04-15,instagram,18-24,US,0,1,0,1,0
u_004812,2026-04-10,tiktok,18-24,US,1,0,0,0,0
u_004813,2026-04-30,referral,18-24,US,1,1,0,0,0
u_004814,2026-04-10,campus,18-24,US,0,1,1,1,1
u_004815,2026-04-18,search,18-24,UK,1,1,0,1,0
u_004816,2026-04-11,referral,18-24,Canada,0,1,1,0,0
u_004817,2026-04-25,organic,25-34,US,1,1,0,1,1
u_004818,2026-04-14,tiktok,35-44,US,1,0,0,1,0
u_004819,2026-04-01,search,25-34,US,0,1,1,0,0
u_004820,2026-04-28,campus,25-34,US,0,1,1,0,0
u_004821,2026-04-21,referral,25-34,US,0,1,1,0,1
u_004822,2026-04-07,organic,18-24,Canada,1,0,0,0,0
u_004823,2026-04-10,tiktok,18-24,US,1,0,1,0,0
u_004824,2026-04-15,search,35-44,US,0,1,0,1,0
u_004825,2026-04-19,referral,18-24,US,0,1,0,0,0
u_004826,2026-04-04,search,18-24,UK,1,0,0,1,0
u_004827,2026-04-13,instagram,18-24,US,1,1,1,1,0
u_004828,2026-04-17,campus,18-24,US,0,1,0,0,0
u_004829,2026-04-15,referral,18-24,US,1,0,1,1,0
u_004830,2026-04-26,organic,18-24,US,0,1,0,0,0
u_004831,2026-04-19,organic,18-24,US,1,0,1,0,0
u_004832,2026-04-25,tiktok,25-34,UK,0,1,0,0,0
u_004833,2026-04-04,instagram,18-24,Australia,0,1,1,0,0
u_004834,2026-04-25,organic,25-34,US,0,1,0,0,0
u_004835,2026-04-27,referral,18-24,US,0,1,0,0,0
u_004836,2026-04-20,campus,35-44,US,1,0,1,0,0
u_004837,2026-04-05,creator,35-44,Australia,1,0,0,1,1
u_004838,2026-04-07,organic,25-34,US,0,1,0,0,0
u_004839,2026-04-09,instagram,18-24,US,0,1,0,0,0
u_004840,2026-04-04,organic,25-34,US,0,1,0,1,0
u_004841,2026-04-18,referral,18-24,US,1,1,1,1,0
u_004842,2026-04-22,search,18-24,US,0,1,0,0,0
u_004843,2026-04-25,campus,18-24,Canada,1,1,0,0,0
u_004844,2026-04-05,referral,45+,US,1,0,0,1,1
u_004845,2026-04-28,organic,25-34,US,1,1,1,0,1
u_004846,2026-04-14,instagram,45+,UK,0,1,1,1,0
u_004847,2026-04-22,campus,18-24,US,1,1,0,0,0
u_004848,2026-04-08,creator,18-24,Other,1,0,0,1,0
u_004849,2026-04-21,creator,18-24,Canada,0,1,0,0,0
u_004850,2026-04-04,instagram,18-24,UK,1,1,0,1,0
u_004851,2026-04-10,search,18-24,US,1,1,1,1,1
u_004852,2026-04-29,instagram,18-24,US,1,0,1,1,0
u_004853,2026-04-30,referral,18-24,Other,1,1,0,0,0
u_004854,2026-04-11,referral,18-24,US,1,0,1,1,0
u_004855,2026-04-03,instagram,18-24,US,0,1,1,0,0
u_004856,2026-04-22,search,45+,US,1,1,1,1,0
u_004857,2026-04-21,organic,18-24,US,1,0,0,0,0
u_004858,2026-04-08,instagram,18-24,US,1,1,0,0,0
u_004859,2026-04-30,instagram,18-24,US,1,0,0,0,0
u_004860,2026-04-26,instagram,18-24,Canada,1,0,0,0,1
u_004861,2026-04-11,creator,18-24,US,0,1,1,1,0
u_004862,2026-04-27,organic,18-24,US,1,0,1,0,0
u_004863,2026-04-30,tiktok,18-24,US,1,0,1,1,0
u_004864,2026-04-01,tiktok,35-44,US,1,0,1,1,0
u_004865,2026-04-30,organic,25-34,US,0,1,1,0,0
u_004866,2026-04-25,organic,18-24,US,0,1,1,1,0
u_004867,2026-04-24,search,35-44,US,1,1,1,1,0
u_004868,2026-04-14,creator,35-44,US,1,0,0,0,1
u_004869,2026-04-28,creator,18-24,US,1,1,1,1,0
u_004870,2026-04-20,referral,25-34,US,1,0,1,1,1
u_004871,2026-04-08,organic,35-44,US,1,0,1,1,1
u_004872,2026-04-13,creator,18-24,Canada,1,0,1,0,0
u_004873,2026-04-14,organic,25-34,Australia,1,0,0,0,0
u_004874,2026-04-28,instagram,25-34,US,1,1,0,1,0
u_004875,2026-04-23,campus,45+,US,0,1,0,1,1
u_004876,2026-04-13,search,18-24,US,1,0,1,1,0
u_004877,2026-04-17,organic,45+,US,1,1,0,1,0
u_004878,2026-04-04,instagram,18-24,Other,1,1,1,1,0
u_004879,2026-04-05,campus,35-44,US,0,1,1,1,0
u_004880,2026-04-03,instagram,18-24,Australia,0,1,0,1,0
u_004881,2026-04-01,search,25-34,US,0,1,0,0,0
u_004882,2026-04-29,referral,18-24,US,1,1,1,1,0
u_004883,2026-04-15,campus,18-24,Australia,1,0,0,0,0
u_004884,2026-04-03,organic,25-34,Australia,1,1,1,1,0
u_004885,2026-04-07,organic,35-44,Canada,0,1,1,1,0
u_004886,2026-04-02,tiktok,18-24,US,1,0,0,0,0
u_004887,2026-04-30,creator,25-34,US,1,0,1,0,0
u_004888,2026-04-26,organic,18-24,US,0,1,0,0,0
u_004889,2026-04-05,referral,18-24,US,0,1,0,0,0
u_004890,2026-04-18,search,25-34,UK,0,1,0,0,0
u_004891,2026-05-01,creator,25-34,US,1,1,0,1,1
u_004892,2026-04-06,search,18-24,US,1,1,1,0,0
u_004893,2026-04-29,organic,18-24,Canada,0,1,1,0,0
u_004894,2026-04-15,search,18-24,US,0,1,0,0,0
u_004895,2026-04-24,tiktok,18-24,US,0,1,1,0,0
u_004896,2026-04-22,instagram,18-24,US,0,1,0,0,0
u_004897,2026-04-14,referral,18-24,US,1,1,1,0,0
u_004898,2026-04-18,campus,18-24,US,1,1,0,1,0
u_004899,2026-04-15,search,18-24,Australia,1,0,0,1,0
u_004900,2026-04-15,referral,18-24,US,0,1,0,0,0
u_004901,2026-04-04,referral,18-24,US,0,1,1,0,0
u_004902,2026-04-13,organic,25-34,US,1,1,1,1,0
u_004903,2026-04-10,referral,45+,US,0,1,0,0,0
u_004904,2026-05-01,creator,18-24,US,1,1,0,0,1
u_004905,2026-04-20,organic,18-24,US,0,1,1,1,0
u_004906,2026-05-01,creator,45+,US,1,1,1,1,0
u_004907,2026-04-01,instagram,25-34,US,0,1,0,0,0
u_004908,2026-04-07,organic,35-44,Canada,0,1,1,0,0
u_004909,2026-04-04,organic,18-24,US,1,0,1,0,0
u_004910,2026-04-28,campus,18-24,US,0,1,1,0,0
u_004911,2026-04-15,referral,18-24,US,1,0,0,1,0
u_004912,2026-04-26,referral,18-24,US,1,1,1,0,0
u_004913,2026-04-06,referral,18-24,US,0,1,0,0,0
u_004914,2026-04-02,search,45+,Other,1,1,0,1,0
u_004915,2026-04-16,search,18-24,Australia,1,1,1,1,0
u_004916,2026-04-12,search,18-24,US,1,0,0,1,0
u_004917,2026-04-17,referral,25-34,Other,1,1,0,1,0
u_004918,2026-04-26,tiktok,25-34,US,1,0,1,1,0
u_004919,2026-04-19,tiktok,25-34,US,1,1,0,1,1
u_004920,2026-04-04,referral,18-24,Other,1,1,1,1,0
u_004921,2026-04-10,creator,35-44,US,0,1,1,0,0
u_004922,2026-04-19,instagram,25-34,US,1,1,0,0,0
u_004923,2026-04-24,referral,35-44,US,1,0,0,0,0
u_004924,2026-04-24,search,18-24,Other,0,1,0,0,0
u_004925,2026-04-08,organic,25-34,US,1,0,0,0,0
u_004926,2026-04-01,organic,25-34,US,0,1,1,0,0
u_004927,2026-04-10,organic,35-44,UK,1,0,1,0,0
u_004928,2026-04-29,referral,18-24,Canada,1,0,1,0,0
u_004929,2026-04-08,tiktok,35-44,UK,0,1,1,0,0
u_004930,2026-04-05,tiktok,25-34,UK,0,1,0,0,0
u_004931,2026-04-14,tiktok,18-24,US,1,0,0,1,1
u_004932,2026-04-28,organic,45+,US,1,0,0,0,1
u_004933,2026-04-29,instagram,35-44,US,0,1,1,0,0
u_004934,2026-04-27,search,25-34,US,0,1,1,1,1
u_004935,2026-04-30,tiktok,35-44,US,0,1,1,0,1
u_004936,2026-04-09,instagram,18-24,UK,0,1,1,1,0
u_004937,2026-04-07,tiktok,18-24,US,1,0,1,0,0
u_004938,2026-04-07,organic,18-24,US,1,0,1,1,0
u_004939,2026-04-13,instagram,18-24,Canada,0,1,0,0,0
u_004940,2026-04-09,instagram,18-24,US,1,0,1,0,0
u_004941,2026-04-24,organic,25-34,Canada,1,1,0,0,0
u_004942,2026-04-23,organic,18-24,US,1,0,0,0,0
u_004943,2026-04-07,referral,35-44,Other,1,0,1,0,0
u_004944,2026-04-28,tiktok,35-44,US,1,1,1,1,0
u_004945,2026-04-13,creator,35-44,US,1,0,1,1,0
u_004946,2026-04-28,instagram,18-24,Canada,1,1,1,1,0
u_004947,2026-04-04,organic,35-44,Canada,0,1,0,1,0
u_004948,2026-04-23,instagram,35-44,US,1,0,1,1,1
u_004949,2026-04-17,organic,18-24,Canada,0,1,0,0,0
u_004950,2026-04-15,campus,25-34,US,0,1,0,1,0
u_004951,2026-05-01,referral,25-34,US,1,1,0,0,1
u_004952,2026-04-23,creator,25-34,US,0,1,0,1,0
u_004953,2026-04-30,tiktok,25-34,US,0,1,1,0,0
u_004954,2026-04-18,instagram,18-24,US,0,1,0,1,0
u_004955,2026-04-01,organic,18-24,US,0,1,1,1,0
u_004956,2026-05-01,campus,25-34,US,0,1,1,0,0
u_004957,2026-04-01,referral,25-34,Canada,0,1,0,0,0
u_004958,2026-05-01,campus,18-24,US,1,1,1,0,0
u_004959,2026-04-19,tiktok,18-24,US,1,0,1,1,0
u_004960,2026-04-12,referral,25-34,Other,0,1,1,1,0
u_004961,2026-04-28,tiktok,18-24,Canada,0,1,0,0,0
u_004962,2026-04-24,tiktok,35-44,UK,1,1,0,0,0
u_004963,2026-04-17,tiktok,25-34,US,1,1,0,1,0
u_004964,2026-04-19,referral,25-34,US,0,1,1,1,1
u_004965,2026-04-04,tiktok,18-24,Other,0,1,0,0,0
u_004966,2026-04-27,creator,18-24,US,0,1,0,1,0
u_004967,2026-04-06,organic,18-24,Other,1,0,0,1,0
u_004968,2026-04-08,campus,18-24,US,0,1,1,0,0
u_004969,2026-04-26,campus,18-24,US,0,1,1,1,0
u_004970,2026-04-30,tiktok,18-24,US,1,0,0,0,0
u_004971,2026-04-30,instagram,18-24,US,1,1,0,1,0
u_004972,2026-04-12,organic,25-34,US,1,0,0,1,0
u_004973,2026-04-07,tiktok,25-34,US,1,0,0,0,0
u_004974,2026-04-21,referral,25-34,US,1,0,1,0,0
u_004975,2026-04-15,referral,25-34,US,1,1,1,1,0
u_004976,2026-04-11,creator,25-34,Australia,0,1,1,1,0
u_004977,2026-04-16,referral,18-24,US,0,1,0,0,0
u_004978,2026-04-28,search,18-24,US,0,1,0,0,0
u_004979,2026-04-17,creator,35-44,US,0,1,1,0,0
u_004980,2026-04-15,search,18-24,UK,1,0,1,1,0
u_004981,2026-04-25,instagram,25-34,US,1,0,0,1,0
u_004982,2026-04-24,referral,25-34,US,1,0,1,0,0
u_004983,2026-04-29,organic,18-24,Australia,1,1,1,1,0
u_004984,2026-04-11,instagram,25-34,US,0,1,1,0,0
u_004985,2026-04-24,instagram,18-24,Other,0,1,0,0,0
u_004986,2026-04-03,tiktok,25-34,US,1,0,1,1,0
u_004987,2026-04-22,tiktok,35-44,US,1,0,0,0,0
u_004988,2026-04-25,organic,18-24,US,0,1,0,0,0
u_004989,2026-04-21,organic,18-24,US,1,1,1,1,1
u_004990,2026-04-10,instagram,25-34,US,1,0,0,0,0
u_004991,2026-04-03,referral,25-34,US,1,1,0,1,0
u_004992,2026-04-10,creator,18-24,Australia,1,1,1,1,0
u_004993,2026-04-19,campus,18-24,US,1,1,1,0,0
u_004994,2026-04-09,referral,25-34,US,1,1,1,1,0
u_004995,2026-04-13,referral,25-34,US,1,0,0,0,0
u_004996,2026-04-25,search,18-24,US,1,0,0,1,1
u_004997,2026-04-01,campus,25-34,US,1,0,0,1,0
u_004998,2026-04-10,tiktok,35-44,US,1,0,1,1,1
u_004999,2026-04-03,search,18-24,US,1,0,1,1,0
u_005000,2026-04-11,search,18-24,Other,0,1,0,0,0
u_005001,2026-04-20,tiktok,18-24,US,0,1,1,1,0
u_005002,2026-04-06,creator,18-24,Australia,0,1,1,1,0
u_005003,2026-04-18,organic,18-24,Other,1,1,0,0,0
u_005004,2026-04-15,instagram,18-24,Australia,1,1,1,1,1
u_005005,2026-04-03,tiktok,25-34,US,1,1,1,0,0
u_005006,2026-04-30,organic,18-24,US,1,1,1,0,0
u_005007,2026-04-16,organic,18-24,US,1,1,1,1,0
u_005008,2026-04-05,organic,18-24,US,1,0,1,0,0
u_005009,2026-04-14,search,25-34,Australia,1,1,0,0,0
u_005010,2026-04-25,referral,18-24,US,1,1,1,1,0
u_005011,2026-04-16,instagram,25-34,US,0,1,0,1,0
u_005012,2026-04-16,tiktok,18-24,US,0,1,0,1,1
u_005013,2026-04-27,search,25-34,US,1,0,1,1,1
u_005014,2026-04-23,organic,35-44,US,1,1,1,1,0
u_005015,2026-04-12,organic,25-34,Canada,1,0,0,0,0
u_005016,2026-04-05,referral,18-24,Canada,1,0,0,0,0
u_005017,2026-04-28,tiktok,18-24,US,0,1,1,0,0
u_005018,2026-04-19,organic,25-34,US,0,1,0,1,0
u_005019,2026-04-03,organic,45+,US,1,1,1,1,1
u_005020,2026-04-25,creator,35-44,US,1,0,1,1,0
u_005021,2026-04-16,organic,25-34,US,1,0,1,0,0
u_005022,2026-04-24,search,18-24,US,1,0,1,0,0
u_005023,2026-04-06,search,18-24,Other,1,0,1,1,0
u_005024,2026-04-10,search,18-24,US,1,0,1,0,0
u_005025,2026-04-01,instagram,25-34,US,1,1,0,0,0
u_005026,2026-04-14,organic,18-24,Other,0,1,0,0,0
u_005027,2026-04-04,creator,25-34,US,0,1,1,0,0
u_005028,2026-05-01,organic,45+,US,0,1,1,0,0
u_005029,2026-04-04,referral,18-24,Other,0,1,0,0,0
u_005030,2026-04-08,tiktok,25-34,UK,1,0,0,1,0
u_005031,2026-04-06,referral,18-24,US,0,1,1,0,0
u_005032,2026-04-07,instagram,25-34,US,0,1,1,1,0
u_005033,2026-04-22,instagram,18-24,US,1,0,1,1,0
u_005034,2026-04-17,search,25-34,US,1,0,1,1,0
u_005035,2026-04-03,tiktok,25-34,Canada,0,1,0,1,0
u_005036,2026-04-12,referral,25-34,UK,0,1,0,0,0
u_005037,2026-05-01,referral,25-34,US,1,1,0,1,0
u_005038,2026-04-03,instagram,25-34,US,1,0,1,1,0
u_005039,2026-04-05,referral,18-24,US,1,0,0,0,0
u_005040,2026-04-12,organic,18-24,US,1,1,0,1,0
u_005041,2026-04-24,organic,18-24,US,0,1,1,0,0
u_005042,2026-04-29,tiktok,18-24,Canada,1,1,1,0,0
u_005043,2026-04-06,creator,25-34,US,1,0,1,1,0
u_005044,2026-04-11,tiktok,18-24,US,0,1,1,0,0
u_005045,2026-04-10,instagram,25-34,US,0,1,0,0,0
u_005046,2026-04-15,organic,18-24,US,1,0,0,0,0
u_005047,2026-04-14,referral,35-44,US,1,0,0,0,0
u_005048,2026-04-08,organic,18-24,US,1,0,0,0,0
u_005049,2026-04-30,organic,18-24,UK,1,0,0,0,0
u_005050,2026-04-28,referral,18-24,US,1,0,1,1,1
u_005051,2026-04-04,search,25-34,US,1,1,0,1,1
u_005052,2026-04-21,creator,25-34,US,0,1,0,0,0
u_005053,2026-05-01,referral,18-24,US,1,0,1,1,0
u_005054,2026-04-29,instagram,18-24,UK,0,1,0,0,0
u_005055,2026-04-01,tiktok,18-24,US,0,1,0,0,1
u_005056,2026-05-01,creator,18-24,US,0,1,1,0,0
u_005057,2026-04-17,campus,18-24,US,1,1,1,1,0
u_005058,2026-04-27,referral,18-24,Other,1,0,0,1,0
u_005059,2026-04-14,organic,18-24,US,1,0,1,1,0
u_005060,2026-04-04,organic,35-44,US,1,0,1,1,0
u_005061,2026-04-03,tiktok,18-24,US,1,0,1,1,0
u_005062,2026-04-25,referral,18-24,US,1,0,0,0,0
u_005063,2026-04-13,campus,35-44,Australia,0,1,1,0,0
u_005064,2026-04-26,referral,18-24,Other,1,0,1,0,0
u_005065,2026-04-19,referral,25-34,US,1,0,1,0,0
u_005066,2026-04-04,tiktok,18-24,US,0,1,1,0,0
u_005067,2026-04-08,instagram,25-34,Canada,1,1,0,1,0
u_005068,2026-04-26,tiktok,25-34,US,0,1,1,0,0
u_005069,2026-04-27,organic,25-34,US,1,0,1,0,0
u_005070,2026-04-23,instagram,25-34,US,0,1,0,0,0
u_005071,2026-04-11,tiktok,18-24,US,1,0,1,1,0
u_005072,2026-04-22,tiktok,25-34,UK,0,1,1,0,0
u_005073,2026-04-21,instagram,18-24,US,1,0,0,1,0
u_005074,2026-04-05,tiktok,25-34,US,1,0,1,0,0
u_005075,2026-04-20,organic,18-24,US,0,1,0,0,0
u_005076,2026-04-11,referral,25-34,Other,0,1,0,0,0
u_005077,2026-04-06,creator,18-24,US,0,1,0,0,0
u_005078,2026-04-06,campus,18-24,US,0,1,0,0,0
u_005079,2026-04-04,campus,18-24,US,1,0,1,0,0
u_005080,2026-04-21,tiktok,25-34,US,1,1,0,1,1
u_005081,2026-05-01,creator,25-34,US,1,1,0,1,0
u_005082,2026-04-21,campus,18-24,US,0,1,1,1,0
u_005083,2026-04-13,instagram,18-24,UK,0,1,0,0,0
u_005084,2026-04-04,organic,18-24,Australia,0,1,0,0,0
u_005085,2026-04-16,referral,18-24,Other,1,0,0,0,0
u_005086,2026-04-01,organic,18-24,US,1,1,1,1,1
u_005087,2026-04-07,tiktok,25-34,US,0,1,0,1,0
u_005088,2026-04-02,creator,18-24,US,1,1,0,0,0
u_005089,2026-04-26,referral,18-24,Other,1,1,1,0,0
u_005090,2026-04-15,organic,18-24,US,1,0,0,0,1
u_005091,2026-04-30,tiktok,25-34,US,1,0,1,1,0
u_005092,2026-04-17,search,45+,Other,1,0,0,0,0
u_005093,2026-04-02,organic,35-44,US,0,1,0,0,0
u_005094,2026-04-27,tiktok,18-24,UK,0,1,0,0,0
u_005095,2026-04-04,tiktok,18-24,UK,1,1,1,1,0
u_005096,2026-04-11,tiktok,25-34,US,1,1,1,1,0
u_005097,2026-04-26,instagram,18-24,US,1,0,1,0,0
u_005098,2026-04-13,search,18-24,Other,0,1,0,0,0
u_005099,2026-04-02,referral,18-24,UK,1,0,0,0,0
u_005100,2026-04-11,creator,25-34,US,0,1,0,0,0
u_005101,2026-04-05,instagram,18-24,US,0,1,0,0,0
u_005102,2026-05-01,campus,25-34,US,1,1,0,0,0
u_005103,2026-04-04,referral,18-24,US,1,0,1,1,0
u_005104,2026-04-11,tiktok,18-24,US,1,1,1,1,0
u_005105,2026-04-06,creator,35-44,US,1,0,1,0,0
u_005106,2026-04-16,search,18-24,US,0,1,1,1,0
u_005107,2026-04-08,organic,18-24,UK,1,0,1,0,0
u_005108,2026-04-11,creator,18-24,US,0,1,0,1,0
u_005109,2026-04-20,tiktok,45+,US,1,0,1,1,0
u_005110,2026-04-02,instagram,18-24,Other,1,0,0,0,1
u_005111,2026-04-16,tiktok,18-24,UK,0,1,0,1,0
u_005112,2026-04-15,tiktok,18-24,US,0,1,0,0,0
u_005113,2026-04-04,campus,18-24,US,1,1,1,0,0
u_005114,2026-04-18,organic,25-34,Canada,1,0,0,0,0
u_005115,2026-04-05,search,25-34,US,0,1,1,0,0
u_005116,2026-04-01,organic,18-24,UK,1,0,0,0,0
u_005117,2026-04-22,organic,25-34,Other,1,0,0,1,0
u_005118,2026-04-25,organic,45+,Australia,1,0,1,1,0
u_005119,2026-04-22,tiktok,18-24,US,0,1,1,0,0
u_005120,2026-04-26,tiktok,18-24,Other,0,1,0,0,0
u_005121,2026-04-28,referral,18-24,US,0,1,1,0,0
u_005122,2026-04-24,referral,25-34,US,0,1,0,0,0
u_005123,2026-04-07,referral,18-24,Canada,1,0,1,1,0
u_005124,2026-04-01,organic,25-34,US,0,1,0,1,0
u_005125,2026-04-21,tiktok,18-24,Other,1,1,1,0,0
u_005126,2026-04-30,campus,25-34,US,1,1,1,1,0
u_005127,2026-04-04,campus,25-34,US,0,1,1,1,0
u_005128,2026-04-27,creator,25-34,US,1,1,0,0,0
u_005129,2026-04-18,instagram,25-34,US,0,1,0,0,0
u_005130,2026-04-05,campus,25-34,US,0,1,1,1,0
u_005131,2026-04-25,referral,25-34,US,0,1,0,1,0
u_005132,2026-04-30,tiktok,25-34,US,0,1,0,0,0
u_005133,2026-04-07,tiktok,45+,US,1,0,1,1,0
u_005134,2026-04-11,search,35-44,UK,1,1,0,0,1
u_005135,2026-04-21,campus,45+,US,0,1,0,1,1
u_005136,2026-04-04,search,25-34,US,0,1,1,1,0
u_005137,2026-04-29,creator,35-44,Other,1,0,0,1,0
u_005138,2026-04-07,instagram,18-24,US,0,1,0,0,0
u_005139,2026-04-03,tiktok,35-44,US,1,1,1,1,1
u_005140,2026-04-04,referral,18-24,US,1,0,0,1,0
u_005141,2026-04-08,referral,18-24,US,1,1,0,1,0
u_005142,2026-04-28,organic,18-24,US,0,1,0,0,0
u_005143,2026-04-14,organic,45+,Other,0,1,1,1,0
u_005144,2026-04-25,search,25-34,Canada,0,1,0,0,0
u_005145,2026-04-08,referral,18-24,US,1,1,1,1,1
u_005146,2026-04-08,instagram,18-24,US,1,1,1,0,0
u_005147,2026-04-28,referral,18-24,US,1,0,1,1,1
u_005148,2026-04-22,referral,18-24,US,1,1,1,1,0
u_005149,2026-04-03,tiktok,18-24,US,1,1,0,1,1
u_005150,2026-04-03,creator,25-34,US,0,1,0,1,0
u_005151,2026-04-19,organic,18-24,US,0,1,1,1,0
u_005152,2026-04-28,tiktok,35-44,Australia,1,1,1,0,0
u_005153,2026-04-24,referral,25-34,UK,1,1,1,0,0
u_005154,2026-04-26,organic,18-24,UK,1,0,0,1,0
u_005155,2026-04-03,tiktok,25-34,UK,1,0,1,1,0
u_005156,2026-04-14,campus,35-44,US,0,1,0,0,0
u_005157,2026-04-13,creator,45+,Canada,0,1,0,0,0
u_005158,2026-04-06,instagram,25-34,US,0,1,0,0,0
u_005159,2026-04-03,organic,18-24,UK,0,1,1,1,0
u_005160,2026-04-28,organic,45+,UK,1,0,1,1,0
u_005161,2026-04-28,instagram,25-34,Other,0,1,0,0,0
u_005162,2026-04-20,organic,45+,Other,1,0,0,1,0
u_005163,2026-04-20,campus,18-24,US,0,1,0,0,1
u_005164,2026-04-13,referral,18-24,US,1,1,0,0,0
u_005165,2026-04-27,referral,18-24,Other,0,1,1,1,1
u_005166,2026-04-26,organic,25-34,US,1,0,0,0,0
u_005167,2026-04-01,instagram,35-44,US,1,0,0,0,0
u_005168,2026-04-09,creator,18-24,US,0,1,1,1,0
u_005169,2026-05-01,search,18-24,US,0,1,1,0,0
u_005170,2026-04-09,referral,25-34,UK,1,1,1,0,0
u_005171,2026-04-21,tiktok,18-24,Canada,1,1,1,0,0
u_005172,2026-04-21,instagram,18-24,Other,1,0,1,1,0
u_005173,2026-04-22,instagram,35-44,US,1,1,1,1,1
u_005174,2026-04-28,organic,25-34,Australia,0,1,0,0,0
u_005175,2026-04-18,referral,35-44,UK,1,0,0,0,0
u_005176,2026-04-02,referral,18-24,US,1,0,0,0,0
u_005177,2026-04-15,tiktok,25-34,Other,1,0,1,1,1
u_005178,2026-04-27,organic,25-34,US,0,1,0,0,0
u_005179,2026-04-09,organic,25-34,US,0,1,1,1,1
u_005180,2026-04-30,search,18-24,UK,0,1,1,0,0
u_005181,2026-04-15,referral,18-24,US,1,0,1,1,0
u_005182,2026-04-17,referral,18-24,US,1,1,1,1,1
u_005183,2026-04-16,creator,18-24,US,0,1,1,0,1
u_005184,2026-04-21,tiktok,25-34,Canada,0,1,0,1,0
u_005185,2026-04-14,referral,18-24,UK,0,1,1,1,0
u_005186,2026-04-30,creator,25-34,Canada,1,0,1,0,0
u_005187,2026-04-14,instagram,18-24,US,1,0,1,1,0
u_005188,2026-04-19,referral,45+,US,1,1,0,0,0
u_005189,2026-04-09,creator,35-44,US,0,1,1,1,0
u_005190,2026-04-11,instagram,18-24,Canada,1,1,1,1,0
u_005191,2026-04-03,tiktok,25-34,US,0,1,0,0,0
u_005192,2026-04-18,campus,18-24,US,1,1,1,1,0
u_005193,2026-04-01,organic,35-44,US,1,0,1,1,0
u_005194,2026-04-25,tiktok,18-24,US,0,1,0,0,0
u_005195,2026-04-05,tiktok,18-24,Canada,1,0,0,1,1
u_005196,2026-04-26,search,25-34,Canada,0,1,0,0,0
u_005197,2026-04-09,organic,35-44,US,1,0,0,0,0
u_005198,2026-04-26,organic,35-44,US,0,1,1,0,0
u_005199,2026-04-15,creator,25-34,US,1,1,0,1,0
u_005200,2026-04-26,referral,18-24,US,0,1,0,1,0
u_005201,2026-04-12,referral,25-34,UK,0,1,1,1,0
u_005202,2026-04-07,referral,18-24,US,0,1,0,0,0
u_005203,2026-04-29,organic,18-24,US,1,0,0,0,0
u_005204,2026-04-11,search,25-34,US,0,1,1,0,0
u_005205,2026-04-29,organic,18-24,US,1,0,1,1,0
u_005206,2026-04-19,creator,18-24,UK,0,1,1,1,0
u_005207,2026-04-27,creator,18-24,US,1,1,0,1,0
u_005208,2026-04-15,organic,45+,US,0,1,1,0,0
u_005209,2026-04-17,organic,35-44,US,1,1,1,0,0
u_005210,2026-04-02,organic,25-34,Other,1,0,0,1,0
u_005211,2026-04-18,referral,25-34,US,0,1,0,0,0
u_005212,2026-04-10,referral,18-24,US,1,0,1,1,1
u_005213,2026-04-09,organic,25-34,US,1,1,1,1,0
u_005214,2026-04-09,instagram,35-44,US,0,1,0,0,1
u_005215,2026-05-01,referral,18-24,US,1,0,1,1,0
u_005216,2026-04-23,referral,18-24,US,0,1,0,0,0
u_005217,2026-04-24,organic,18-24,Australia,0,1,0,0,0
u_005218,2026-04-28,referral,18-24,US,1,0,1,1,0
u_005219,2026-04-13,instagram,25-34,US,1,1,0,1,0
u_005220,2026-04-05,instagram,45+,UK,1,0,1,1,0
u_005221,2026-04-27,referral,18-24,Australia,0,1,1,0,0
u_005222,2026-04-22,campus,25-34,US,1,0,1,0,0
u_005223,2026-04-26,tiktok,18-24,Canada,0,1,1,1,0
u_005224,2026-05-01,referral,25-34,Australia,1,0,1,0,0
u_005225,2026-05-01,organic,18-24,Other,0,1,0,0,0
u_005226,2026-04-02,organic,18-24,US,1,1,0,0,0
u_005227,2026-04-03,instagram,18-24,US,1,0,1,0,0
u_005228,2026-04-06,organic,35-44,US,1,1,0,0,1
u_005229,2026-04-03,referral,25-34,US,1,0,0,0,0
u_005230,2026-04-29,instagram,18-24,Other,1,1,0,1,0
u_005231,2026-04-07,search,35-44,Other,1,0,1,1,0
u_005232,2026-05-01,campus,18-24,Other,1,0,0,0,0
u_005233,2026-04-11,tiktok,25-34,US,0,1,1,1,0
u_005234,2026-04-07,creator,18-24,US,1,0,1,0,0
u_005235,2026-04-27,search,18-24,US,1,1,1,1,0
u_005236,2026-04-15,tiktok,18-24,US,1,0,0,0,0
u_005237,2026-04-24,creator,18-24,US,1,0,1,1,0
u_005238,2026-04-11,creator,35-44,Canada,1,1,1,1,0
u_005239,2026-04-14,organic,18-24,Other,1,1,0,0,1
u_005240,2026-04-15,referral,18-24,US,1,0,0,0,0
u_005241,2026-04-11,referral,18-24,Other,1,1,0,0,0
u_005242,2026-04-26,creator,18-24,Canada,1,0,0,1,0
u_005243,2026-04-09,creator,18-24,US,1,1,1,1,0
u_005244,2026-04-29,campus,18-24,Australia,1,1,0,0,0
u_005245,2026-04-04,search,18-24,Other,0,1,0,0,0
u_005246,2026-04-11,instagram,18-24,US,0,1,0,1,0
u_005247,2026-04-09,creator,18-24,US,0,1,1,0,1
u_005248,2026-04-23,referral,18-24,US,1,0,0,1,1
u_005249,2026-04-13,tiktok,18-24,US,1,1,1,0,0
u_005250,2026-04-14,search,18-24,US,0,1,1,0,0
u_005251,2026-04-29,creator,18-24,Other,1,0,1,1,0
u_005252,2026-05-01,tiktok,18-24,US,0,1,0,1,0
u_005253,2026-04-26,tiktok,25-34,US,1,1,1,0,0
u_005254,2026-04-21,instagram,35-44,Other,0,1,0,0,0
u_005255,2026-04-19,search,18-24,Canada,0,1,0,1,0
u_005256,2026-04-16,instagram,18-24,US,1,0,0,0,0
u_005257,2026-04-22,tiktok,25-34,Canada,1,0,1,1,1
u_005258,2026-04-12,referral,25-34,US,1,1,1,1,0
u_005259,2026-04-27,organic,18-24,US,1,0,1,1,0
u_005260,2026-04-11,referral,25-34,US,0,1,0,0,0
u_005261,2026-04-07,instagram,18-24,US,1,0,0,0,0
u_005262,2026-04-19,campus,18-24,US,1,0,1,1,1
u_005263,2026-04-21,search,35-44,UK,0,1,0,1,0
u_005264,2026-04-03,tiktok,18-24,Australia,1,0,0,0,0
u_005265,2026-04-20,organic,18-24,Other,1,1,0,0,1
u_005266,2026-04-18,organic,18-24,US,1,1,1,0,0
u_005267,2026-04-04,organic,25-34,Other,0,1,0,0,0
u_005268,2026-04-10,creator,18-24,US,1,0,1,1,0
u_005269,2026-04-22,search,18-24,Other,1,0,1,1,1
u_005270,2026-04-04,tiktok,18-24,US,0,1,0,0,0
u_005271,2026-04-20,referral,18-24,US,1,0,0,1,0
u_005272,2026-04-30,instagram,18-24,UK,1,1,1,0,0
u_005273,2026-04-05,instagram,25-34,US,1,0,1,1,0
u_005274,2026-04-05,search,25-34,US,1,0,1,1,1
u_005275,2026-04-10,organic,45+,Australia,1,1,1,1,0
u_005276,2026-04-23,creator,18-24,US,0,1,1,1,0
u_005277,2026-04-18,instagram,18-24,US,1,1,0,1,0
u_005278,2026-04-12,search,25-34,US,0,1,0,0,0
u_005279,2026-04-10,tiktok,25-34,US,0,1,1,1,0
u_005280,2026-04-19,referral,18-24,US,1,0,0,0,0
u_005281,2026-04-15,organic,25-34,US,0,1,0,0,0
u_005282,2026-04-16,instagram,25-34,US,1,0,0,1,0
u_005283,2026-04-08,tiktok,18-24,US,1,0,0,1,0
u_005284,2026-04-27,tiktok,45+,US,1,0,0,1,1
u_005285,2026-04-13,search,25-34,Canada,1,1,0,0,0
u_005286,2026-04-13,creator,18-24,US,1,1,1,1,0
u_005287,2026-04-02,organic,35-44,US,1,0,1,0,0
u_005288,2026-04-05,search,18-24,US,1,1,0,0,0
u_005289,2026-04-30,search,18-24,Australia,1,0,0,0,0
u_005290,2026-04-15,referral,25-34,US,1,0,0,0,0
u_005291,2026-04-15,tiktok,18-24,US,1,0,0,1,0
u_005292,2026-04-18,campus,18-24,US,1,0,1,1,0
u_005293,2026-04-28,organic,18-24,US,0,1,0,1,0
u_005294,2026-04-09,organic,25-34,US,1,1,0,1,0
u_005295,2026-04-15,organic,18-24,US,0,1,0,0,0
u_005296,2026-04-23,creator,25-34,US,0,1,0,0,0
u_005297,2026-04-12,organic,25-34,UK,1,1,0,0,0
u_005298,2026-04-09,instagram,18-24,US,1,0,0,1,1
u_005299,2026-04-01,tiktok,35-44,Australia,0,1,1,1,0
u_005300,2026-04-14,creator,18-24,Other,0,1,1,0,0
u_005301,2026-04-29,organic,25-34,US,1,0,0,0,1
u_005302,2026-04-11,campus,25-34,Australia,0,1,0,0,0
u_005303,2026-04-18,tiktok,45+,US,0,1,0,0,1
u_005304,2026-04-29,search,18-24,Other,1,0,1,0,0
u_005305,2026-04-12,instagram,25-34,US,0,1,0,0,0
u_005306,2026-04-16,tiktok,25-34,US,0,1,0,0,1
u_005307,2026-04-30,creator,18-24,US,1,0,0,0,0
u_005308,2026-04-24,creator,35-44,Other,1,0,1,1,0
u_005309,2026-04-15,referral,18-24,UK,1,1,1,1,0
u_005310,2026-04-11,referral,45+,US,0,1,0,0,0
u_005311,2026-04-15,organic,45+,Other,0,1,0,0,0
u_005312,2026-04-03,organic,18-24,Australia,1,0,1,0,0
u_005313,2026-05-01,referral,18-24,US,1,1,0,0,0
u_005314,2026-04-02,instagram,18-24,UK,1,1,0,0,0
u_005315,2026-04-24,instagram,25-34,US,1,0,0,1,0
u_005316,2026-04-19,search,18-24,US,1,0,0,0,0
u_005317,2026-04-27,instagram,18-24,US,1,0,0,0,0
u_005318,2026-04-16,search,25-34,US,1,1,0,1,1
u_005319,2026-04-14,instagram,18-24,US,1,1,1,0,0
u_005320,2026-04-17,creator,45+,US,0,1,0,0,0
u_005321,2026-04-14,instagram,35-44,US,0,1,1,1,0
u_005322,2026-04-17,tiktok,18-24,US,1,0,0,1,0
u_005323,2026-04-16,organic,25-34,US,1,0,1,0,0
u_005324,2026-04-13,organic,25-34,US,0,1,0,0,0
u_005325,2026-04-13,campus,45+,US,0,1,0,1,1
u_005326,2026-04-04,tiktok,18-24,US,0,1,1,1,0
u_005327,2026-04-27,tiktok,25-34,UK,1,1,1,0,0
u_005328,2026-04-15,referral,18-24,Canada,0,1,1,0,0
u_005329,2026-04-13,creator,35-44,Canada,1,0,0,1,0
u_005330,2026-04-12,instagram,25-34,Other,0,1,0,1,0
u_005331,2026-04-19,tiktok,18-24,US,0,1,0,1,0
u_005332,2026-05-01,instagram,18-24,US,0,1,0,0,0
u_005333,2026-04-25,organic,25-34,US,1,0,1,1,0
u_005334,2026-04-07,instagram,18-24,UK,1,0,0,0,0
u_005335,2026-04-09,search,25-34,UK,1,0,1,1,0
u_005336,2026-04-04,organic,18-24,Other,1,0,0,1,0
u_005337,2026-04-09,organic,18-24,Other,1,0,0,1,1
u_005338,2026-04-01,tiktok,25-34,Other,1,0,0,0,0
u_005339,2026-04-09,tiktok,18-24,US,0,1,0,1,0
u_005340,2026-04-04,tiktok,18-24,US,1,1,0,0,0
u_005341,2026-04-22,tiktok,25-34,US,0,1,0,0,0
u_005342,2026-04-17,creator,18-24,Canada,1,1,1,0,0
u_005343,2026-04-02,organic,25-34,US,1,1,1,1,0
u_005344,2026-04-30,instagram,18-24,US,1,0,0,0,0
u_005345,2026-04-05,tiktok,25-34,US,0,1,0,0,0
u_005346,2026-04-09,campus,35-44,US,1,0,0,1,0
u_005347,2026-04-23,instagram,25-34,US,0,1,0,0,0
u_005348,2026-04-30,referral,18-24,Other,0,1,0,0,0
u_005349,2026-04-26,campus,18-24,US,1,0,1,0,0
u_005350,2026-04-20,organic,25-34,US,0,1,0,1,0
u_005351,2026-04-14,creator,35-44,US,1,1,1,0,0
u_005352,2026-05-01,referral,45+,US,1,0,1,1,0
u_005353,2026-04-13,tiktok,18-24,US,1,0,1,1,1
u_005354,2026-04-02,organic,25-34,Canada,1,1,0,1,0
u_005355,2026-04-21,tiktok,25-34,Other,0,1,0,0,0
u_005356,2026-04-20,tiktok,18-24,US,1,0,1,1,0
u_005357,2026-04-06,creator,25-34,US,0,1,1,0,0
u_005358,2026-04-14,tiktok,45+,US,0,1,0,1,1
u_005359,2026-04-15,creator,18-24,US,0,1,0,0,0
u_005360,2026-04-01,instagram,25-34,US,1,0,0,0,0
u_005361,2026-04-01,referral,35-44,US,1,1,1,1,0
u_005362,2026-04-13,organic,25-34,US,1,0,1,0,0
u_005363,2026-04-30,creator,25-34,US,0,1,1,0,0
u_005364,2026-04-30,organic,18-24,US,1,0,1,1,1
u_005365,2026-04-04,campus,18-24,US,0,1,0,1,1
u_005366,2026-05-01,campus,25-34,US,1,0,0,0,0
u_005367,2026-04-27,organic,45+,UK,0,1,1,0,0
u_005368,2026-04-25,creator,18-24,Other,0,1,0,1,0
u_005369,2026-04-30,instagram,25-34,US,1,0,0,0,0
u_005370,2026-04-16,organic,18-24,US,1,0,0,0,0
u_005371,2026-04-28,tiktok,25-34,US,1,0,0,0,0
u_005372,2026-04-28,creator,18-24,US,1,0,0,0,0
u_005373,2026-04-30,organic,18-24,US,1,0,0,1,0
u_005374,2026-04-27,organic,18-24,US,1,0,0,1,1
u_005375,2026-04-10,instagram,18-24,US,0,1,0,0,0
u_005376,2026-04-06,creator,25-34,Australia,1,1,0,0,0
u_005377,2026-04-29,tiktok,25-34,US,1,1,0,1,0
u_005378,2026-04-30,creator,18-24,US,0,1,1,0,0
u_005379,2026-04-18,search,45+,US,1,1,0,0,0
u_005380,2026-04-01,search,25-34,US,1,0,1,0,0
u_005381,2026-04-28,referral,18-24,US,1,0,1,1,0
u_005382,2026-04-12,tiktok,18-24,US,0,1,1,0,0
u_005383,2026-04-06,referral,25-34,US,0,1,0,1,0
u_005384,2026-04-20,search,18-24,US,1,0,0,1,1
u_005385,2026-04-05,tiktok,18-24,US,1,1,0,0,0
u_005386,2026-04-01,instagram,35-44,Canada,1,0,0,0,1
u_005387,2026-04-08,tiktok,18-24,US,0,1,0,0,0
u_005388,2026-04-08,organic,18-24,US,1,0,1,1,0
u_005389,2026-04-20,campus,18-24,US,1,1,1,1,0
u_005390,2026-04-14,organic,18-24,UK,1,1,0,1,0
u_005391,2026-04-21,instagram,18-24,US,0,1,0,0,0
u_005392,2026-04-02,campus,18-24,Canada,0,1,1,0,0
u_005393,2026-04-15,campus,25-34,US,0,1,1,0,0
u_005394,2026-04-07,search,25-34,US,0,1,0,0,0
u_005395,2026-04-21,referral,18-24,UK,0,1,0,0,0
u_005396,2026-04-01,search,35-44,UK,0,1,1,0,1
u_005397,2026-04-28,organic,18-24,US,0,1,0,0,0
u_005398,2026-04-01,tiktok,18-24,UK,0,1,0,0,0
u_005399,2026-04-26,organic,35-44,US,0,1,1,0,0
u_005400,2026-04-26,tiktok,18-24,US,0,1,0,0,0
u_005401,2026-04-25,organic,25-34,UK,0,1,0,0,0
u_005402,2026-04-03,tiktok,25-34,US,0,1,1,0,0
u_005403,2026-04-01,search,18-24,US,1,1,1,0,0
u_005404,2026-04-29,referral,25-34,US,0,1,0,0,0
u_005405,2026-04-03,organic,18-24,US,1,0,1,1,0
u_005406,2026-04-16,referral,45+,US,0,1,0,1,0
u_005407,2026-04-06,referral,18-24,US,1,0,0,1,0
u_005408,2026-04-19,instagram,25-34,US,1,0,0,1,0
u_005409,2026-04-24,referral,35-44,US,1,1,1,1,0
u_005410,2026-04-24,organic,18-24,US,1,0,0,0,0
u_005411,2026-04-29,referral,25-34,US,1,0,1,1,0
u_005412,2026-04-03,creator,25-34,US,0,1,0,0,0
u_005413,2026-04-04,instagram,18-24,US,0,1,0,0,0
u_005414,2026-04-21,referral,35-44,US,1,0,1,0,0
u_005415,2026-04-02,creator,25-34,US,1,0,0,1,1
u_005416,2026-04-17,search,18-24,US,0,1,1,0,0
u_005417,2026-04-04,organic,18-24,US,1,1,0,1,0
u_005418,2026-04-02,organic,45+,US,1,1,1,1,0
u_005419,2026-04-03,organic,18-24,Australia,0,1,1,1,0
u_005420,2026-04-04,campus,25-34,US,1,0,1,0,0
u_005421,2026-04-04,creator,18-24,US,1,1,0,0,0
u_005422,2026-04-13,tiktok,25-34,Other,1,0,1,1,0
u_005423,2026-04-23,referral,25-34,US,1,0,0,1,0
u_005424,2026-04-22,instagram,25-34,US,1,0,1,1,0
u_005425,2026-04-26,creator,18-24,US,1,0,0,0,0
u_005426,2026-04-26,referral,18-24,US,1,0,0,0,0
u_005427,2026-04-12,instagram,25-34,US,1,0,1,1,0
u_005428,2026-04-07,tiktok,25-34,Australia,0,1,0,0,0
u_005429,2026-04-10,campus,25-34,Australia,1,1,1,1,0
u_005430,2026-04-02,referral,18-24,Canada,0,1,0,1,0
u_005431,2026-04-12,organic,18-24,US,0,1,0,0,0
u_005432,2026-04-04,referral,18-24,US,0,1,0,0,0
u_005433,2026-04-04,search,18-24,US,1,0,0,0,0
u_005434,2026-04-21,search,45+,US,1,1,1,1,0
u_005435,2026-04-05,tiktok,18-24,US,1,0,1,1,1
u_005436,2026-04-08,creator,25-34,Canada,0,1,0,0,0
u_005437,2026-04-24,instagram,25-34,US,1,0,1,1,0
u_005438,2026-04-14,campus,18-24,US,1,1,0,1,0
u_005439,2026-04-02,referral,18-24,Canada,1,1,1,0,0
u_005440,2026-04-05,tiktok,35-44,US,0,1,0,1,1
u_005441,2026-04-15,tiktok,18-24,UK,1,0,0,0,0
u_005442,2026-04-05,creator,25-34,UK,1,0,1,0,1
u_005443,2026-04-28,campus,25-34,US,1,0,0,0,0
u_005444,2026-04-30,instagram,18-24,US,1,0,0,0,0
u_005445,2026-04-03,tiktok,18-24,US,1,0,1,1,0
u_005446,2026-04-21,creator,25-34,Other,0,1,0,0,0
u_005447,2026-05-01,instagram,25-34,US,1,1,0,0,0
u_005448,2026-04-29,organic,25-34,US,0,1,1,0,0
u_005449,2026-04-27,referral,18-24,US,0,1,0,1,0
u_005450,2026-04-12,referral,35-44,Australia,0,1,1,1,0
u_005451,2026-05-01,tiktok,18-24,US,1,0,1,1,0
u_005452,2026-04-20,organic,18-24,US,1,1,0,0,0
u_005453,2026-04-28,organic,35-44,US,0,1,1,1,0
u_005454,2026-04-09,search,18-24,US,1,1,1,0,0
u_005455,2026-04-23,referral,18-24,US,1,0,1,1,0
u_005456,2026-04-17,organic,25-34,UK,0,1,1,0,0
u_005457,2026-04-13,referral,45+,US,1,1,1,0,0
u_005458,2026-04-21,referral,35-44,US,0,1,0,0,0
u_005459,2026-04-15,creator,25-34,Canada,1,1,1,1,0
u_005460,2026-04-14,tiktok,18-24,US,0,1,0,0,0
u_005461,2026-04-19,creator,45+,UK,1,0,1,1,0
u_005462,2026-04-10,search,18-24,US,1,0,1,1,0
u_005463,2026-04-15,instagram,35-44,US,0,1,1,0,0
u_005464,2026-04-19,creator,35-44,US,1,1,1,1,0
u_005465,2026-04-14,tiktok,25-34,US,1,0,0,0,0
u_005466,2026-04-02,tiktok,18-24,Australia,1,0,1,1,0
u_005467,2026-04-14,instagram,18-24,US,1,1,0,1,1
u_005468,2026-04-20,referral,18-24,US,1,0,1,0,0
u_005469,2026-04-13,organic,25-34,UK,0,1,0,0,0
u_005470,2026-04-05,search,18-24,US,1,1,1,0,0
u_005471,2026-04-12,referral,18-24,US,1,1,0,0,0
u_005472,2026-04-10,tiktok,18-24,UK,1,0,1,1,0
u_005473,2026-04-16,organic,18-24,US,1,0,0,1,0
u_005474,2026-04-30,tiktok,25-34,US,1,0,1,0,0
u_005475,2026-04-27,referral,35-44,US,1,0,0,0,0
u_005476,2026-04-05,campus,18-24,US,1,1,1,1,0
u_005477,2026-04-19,referral,25-34,US,1,1,1,0,0
u_005478,2026-04-24,organic,18-24,US,1,0,1,0,0
u_005479,2026-04-04,referral,25-34,US,1,1,0,0,0
u_005480,2026-04-06,organic,18-24,US,1,0,1,0,0
u_005481,2026-04-17,search,25-34,Canada,0,1,1,1,1
u_005482,2026-04-02,organic,35-44,US,1,0,1,1,0
u_005483,2026-04-06,organic,18-24,US,1,1,0,0,0
u_005484,2026-04-30,referral,35-44,US,1,0,1,1,0
u_005485,2026-04-04,search,35-44,US,0,1,0,0,0
u_005486,2026-04-27,instagram,25-34,US,1,1,0,0,0
u_005487,2026-04-21,search,45+,US,1,1,0,0,0
u_005488,2026-04-22,organic,18-24,US,1,0,1,1,0
u_005489,2026-04-11,referral,35-44,US,0,1,0,0,1
u_005490,2026-04-04,instagram,25-34,US,0,1,0,1,0
u_005491,2026-04-07,creator,35-44,Canada,0,1,1,1,1
u_005492,2026-04-16,tiktok,18-24,Canada,0,1,0,1,0
u_005493,2026-04-23,referral,18-24,Canada,1,0,0,0,0
u_005494,2026-04-09,referral,25-34,US,1,1,0,0,0
u_005495,2026-04-17,campus,25-34,US,1,0,1,1,1
u_005496,2026-04-22,creator,18-24,Other,0,1,0,0,0
u_005497,2026-04-21,organic,25-34,Australia,1,1,1,1,0
u_005498,2026-04-07,creator,25-34,US,0,1,1,1,0
u_005499,2026-04-08,search,25-34,US,1,0,1,0,0
u_005500,2026-04-23,referral,18-24,Canada,1,1,0,1,0
u_005501,2026-04-29,tiktok,18-24,Australia,0,1,0,1,0
u_005502,2026-04-04,tiktok,18-24,US,1,1,1,0,0
u_005503,2026-04-30,referral,18-24,US,1,1,0,1,0
u_005504,2026-04-21,creator,18-24,US,1,0,0,0,0
u_005505,2026-04-25,organic,18-24,US,0,1,1,1,0
u_005506,2026-04-04,tiktok,18-24,US,1,1,0,0,1
u_005507,2026-04-21,tiktok,18-24,US,1,1,0,0,0
u_005508,2026-04-24,search,25-34,US,1,1,1,1,0
u_005509,2026-04-06,referral,18-24,US,0,1,0,1,0
u_005510,2026-04-26,campus,18-24,US,1,1,1,1,0
u_005511,2026-04-24,organic,18-24,US,0,1,1,1,0
u_005512,2026-04-06,campus,25-34,Canada,1,0,0,0,0
u_005513,2026-04-30,creator,25-34,US,0,1,0,0,0
u_005514,2026-04-25,tiktok,18-24,UK,1,0,1,1,0
u_005515,2026-04-26,organic,18-24,US,1,1,1,1,0
u_005516,2026-04-11,organic,25-34,US,1,0,1,0,0
u_005517,2026-04-27,creator,18-24,US,1,0,1,0,0
u_005518,2026-04-12,organic,18-24,US,0,1,0,0,0
u_005519,2026-04-15,creator,18-24,US,1,0,0,0,0
u_005520,2026-04-01,tiktok,25-34,US,1,0,0,0,0
u_005521,2026-04-24,referral,25-34,UK,0,1,0,1,0
u_005522,2026-04-06,tiktok,45+,US,1,1,0,0,0
u_005523,2026-04-24,referral,18-24,Australia,1,1,1,1,0
u_005524,2026-04-07,campus,25-34,US,1,0,1,1,0
u_005525,2026-04-20,campus,25-34,US,0,1,1,1,0
u_005526,2026-04-05,campus,25-34,US,1,1,1,0,0
u_005527,2026-04-07,tiktok,35-44,US,0,1,0,1,0
u_005528,2026-04-09,search,18-24,US,0,1,0,0,0
u_005529,2026-04-06,referral,18-24,US,1,0,1,1,1
u_005530,2026-04-22,search,18-24,US,0,1,0,0,0
u_005531,2026-04-16,creator,18-24,UK,0,1,0,0,0
u_005532,2026-04-06,referral,18-24,US,1,0,1,0,0
u_005533,2026-04-22,organic,25-34,US,0,1,0,0,0
u_005534,2026-04-05,organic,18-24,US,0,1,1,0,0
u_005535,2026-04-03,creator,35-44,US,0,1,0,0,0
u_005536,2026-04-18,instagram,25-34,US,1,0,1,0,0
u_005537,2026-04-28,search,18-24,US,1,1,1,1,0
u_005538,2026-04-14,tiktok,25-34,US,1,1,1,1,0
u_005539,2026-04-17,organic,25-34,US,1,0,1,0,1
u_005540,2026-04-06,search,18-24,US,1,0,1,1,0
u_005541,2026-04-23,referral,35-44,US,1,1,0,0,0
u_005542,2026-04-04,organic,35-44,US,1,1,0,0,0
u_005543,2026-04-17,campus,35-44,Australia,0,1,0,0,0
u_005544,2026-04-25,search,35-44,US,1,1,1,1,0
u_005545,2026-04-22,organic,18-24,US,0,1,1,0,0
u_005546,2026-04-29,campus,35-44,UK,1,0,0,0,0
u_005547,2026-04-08,referral,25-34,US,1,0,0,1,0
u_005548,2026-04-26,organic,18-24,US,1,0,1,1,0
u_005549,2026-04-28,instagram,18-24,US,1,0,0,1,0
u_005550,2026-04-26,instagram,18-24,US,0,1,1,0,0
u_005551,2026-04-12,instagram,35-44,US,1,0,0,0,0
u_005552,2026-04-01,referral,18-24,Australia,1,0,0,1,0
u_005553,2026-04-14,organic,25-34,US,0,1,0,0,0
u_005554,2026-04-30,organic,18-24,US,1,1,0,0,0
u_005555,2026-04-02,tiktok,35-44,UK,0,1,0,0,0
u_005556,2026-04-09,referral,18-24,US,0,1,0,0,0
u_005557,2026-04-28,tiktok,18-24,US,0,1,0,0,0
u_005558,2026-04-01,referral,25-34,US,1,1,1,0,0
u_005559,2026-05-01,creator,25-34,US,1,0,1,0,0
u_005560,2026-04-01,organic,18-24,US,1,0,1,1,0
u_005561,2026-04-20,search,25-34,UK,1,0,1,0,0
u_005562,2026-04-28,tiktok,18-24,US,1,0,1,1,0
u_005563,2026-04-15,creator,25-34,US,1,1,0,1,1
u_005564,2026-04-30,organic,25-34,US,0,1,0,0,0
u_005565,2026-04-24,tiktok,35-44,US,1,1,0,0,0
u_005566,2026-04-02,referral,25-34,US,0,1,0,0,0
u_005567,2026-04-17,referral,18-24,Australia,1,0,0,1,0
u_005568,2026-04-21,organic,35-44,Australia,1,1,0,0,0
u_005569,2026-04-08,organic,25-34,Canada,0,1,1,1,0
u_005570,2026-04-14,organic,18-24,Canada,0,1,1,0,0
u_005571,2026-04-21,referral,18-24,US,1,0,1,0,0
u_005572,2026-04-15,search,18-24,Other,1,1,0,1,0
u_005573,2026-04-27,tiktok,18-24,Canada,1,0,1,1,1
u_005574,2026-04-03,search,18-24,US,1,0,1,1,1
u_005575,2026-04-24,search,18-24,Other,1,1,1,0,0
u_005576,2026-04-17,creator,18-24,Canada,1,1,0,1,0
u_005577,2026-04-27,tiktok,35-44,Canada,1,0,0,0,0
u_005578,2026-04-26,organic,25-34,UK,1,1,0,1,0
u_005579,2026-04-17,search,18-24,US,1,1,0,0,0
u_005580,2026-04-24,organic,25-34,US,0,1,0,0,0
u_005581,2026-04-25,referral,25-34,US,1,1,1,0,0
u_005582,2026-05-01,referral,25-34,US,1,1,0,1,0
u_005583,2026-04-24,campus,18-24,US,0,1,0,0,0
u_005584,2026-04-16,creator,25-34,Canada,0,1,0,0,1
u_005585,2026-04-24,campus,18-24,US,0,1,1,0,0
u_005586,2026-04-25,instagram,45+,US,1,1,0,0,0
u_005587,2026-04-14,instagram,18-24,Other,1,1,1,1,0
u_005588,2026-04-18,organic,25-34,Other,0,1,1,0,0
u_005589,2026-04-16,tiktok,18-24,US,0,1,1,1,0
u_005590,2026-04-23,referral,18-24,US,1,1,0,1,0
u_005591,2026-04-20,search,18-24,US,1,0,1,1,0
u_005592,2026-04-15,organic,25-34,Canada,1,1,0,1,0
u_005593,2026-05-01,referral,25-34,US,1,0,1,1,1
u_005594,2026-04-24,referral,18-24,Australia,1,0,0,0,0
u_005595,2026-04-19,tiktok,18-24,US,0,1,0,0,0
u_005596,2026-04-29,organic,18-24,UK,1,0,0,0,0
u_005597,2026-04-06,tiktok,18-24,US,0,1,0,0,0
u_005598,2026-04-14,campus,25-34,Australia,1,0,0,0,0
u_005599,2026-04-09,search,25-34,US,0,1,1,0,0
u_005600,2026-04-23,instagram,25-34,Other,1,1,0,0,0
u_005601,2026-04-26,instagram,25-34,US,1,1,0,0,0
u_005602,2026-04-30,referral,25-34,US,0,1,1,1,0
u_005603,2026-04-10,referral,25-34,US,1,1,1,1,0
u_005604,2026-04-03,tiktok,18-24,US,1,0,0,1,1
u_005605,2026-04-09,tiktok,18-24,Canada,0,1,0,1,0
u_005606,2026-04-08,organic,18-24,US,1,0,0,0,0
u_005607,2026-04-08,organic,18-24,US,1,0,1,1,1
u_005608,2026-04-12,search,25-34,Canada,0,1,0,0,0
u_005609,2026-04-11,organic,18-24,UK,1,0,1,0,0
u_005610,2026-04-21,referral,18-24,US,0,1,0,0,0
u_005611,2026-04-21,referral,18-24,US,0,1,1,0,0
u_005612,2026-05-01,organic,18-24,US,1,1,1,1,1
u_005613,2026-04-27,tiktok,35-44,US,0,1,1,0,0
u_005614,2026-04-25,instagram,18-24,UK,1,0,1,0,0
u_005615,2026-04-21,organic,25-34,US,0,1,1,0,0
u_005616,2026-04-20,referral,45+,US,1,0,1,1,0
u_005617,2026-04-21,organic,35-44,US,1,0,1,1,0
u_005618,2026-04-20,instagram,18-24,Canada,1,0,0,1,0
u_005619,2026-04-20,instagram,25-34,US,1,0,1,1,0
u_005620,2026-04-28,instagram,18-24,US,0,1,0,0,0
u_005621,2026-04-24,organic,45+,US,1,1,0,1,0
u_005622,2026-04-08,search,18-24,US,1,0,1,1,0
u_005623,2026-04-18,referral,18-24,Other,1,0,1,1,0
u_005624,2026-04-18,creator,18-24,US,1,0,1,1,0
u_005625,2026-05-01,search,18-24,Canada,0,1,0,0,0
u_005626,2026-04-17,search,18-24,US,1,1,1,0,0
u_005627,2026-04-27,instagram,18-24,US,0,1,1,0,0
u_005628,2026-04-28,campus,18-24,Australia,1,0,1,1,0
u_005629,2026-04-14,referral,18-24,US,1,1,0,1,0
u_005630,2026-04-14,creator,18-24,US,0,1,0,0,0
u_005631,2026-04-01,creator,25-34,US,0,1,0,0,0
u_005632,2026-04-13,creator,25-34,US,1,0,1,0,0
u_005633,2026-04-07,search,18-24,US,0,1,0,0,0
u_005634,2026-04-16,search,18-24,Australia,1,0,1,1,0
u_005635,2026-04-01,tiktok,45+,UK,0,1,0,1,0
u_005636,2026-04-09,organic,25-34,UK,1,0,1,0,0
u_005637,2026-04-10,campus,25-34,US,0,1,0,1,0
u_005638,2026-04-19,tiktok,25-34,US,1,0,0,0,0
u_005639,2026-04-15,creator,18-24,US,0,1,0,0,0
u_005640,2026-05-01,campus,18-24,US,1,1,1,1,0
u_005641,2026-04-24,organic,18-24,Canada,1,0,1,1,0
u_005642,2026-04-23,search,18-24,Other,0,1,0,0,0
u_005643,2026-04-14,creator,25-34,US,1,0,0,0,0
u_005644,2026-05-01,campus,18-24,US,1,1,1,0,0
u_005645,2026-04-08,tiktok,18-24,Other,1,0,0,0,0
u_005646,2026-04-18,campus,18-24,US,1,0,1,1,0
u_005647,2026-04-04,referral,35-44,US,1,1,0,0,0
u_005648,2026-04-26,referral,25-34,US,0,1,1,1,0
u_005649,2026-04-02,creator,35-44,US,1,0,0,0,0
u_005650,2026-04-03,organic,25-34,UK,1,1,1,1,0
u_005651,2026-04-15,instagram,18-24,US,0,1,0,0,0
u_005652,2026-04-03,creator,18-24,Other,0,1,0,1,0
u_005653,2026-04-06,organic,25-34,US,1,0,0,1,0
u_005654,2026-04-07,search,18-24,US,1,0,1,0,1
u_005655,2026-04-28,tiktok,25-34,US,0,1,1,0,0
u_005656,2026-04-02,tiktok,25-34,UK,0,1,0,1,0
u_005657,2026-04-04,search,35-44,US,0,1,0,0,0
u_005658,2026-04-29,instagram,25-34,US,1,0,0,0,0
u_005659,2026-04-02,instagram,25-34,US,1,0,1,0,0
u_005660,2026-04-16,campus,18-24,US,1,1,1,0,0
u_005661,2026-04-12,tiktok,35-44,US,0,1,1,0,0
u_005662,2026-04-17,instagram,25-34,US,0,1,1,0,0
u_005663,2026-04-19,tiktok,18-24,US,0,1,0,1,0
u_005664,2026-05-01,organic,25-34,US,0,1,0,0,0
u_005665,2026-04-26,instagram,18-24,US,1,1,0,1,0
u_005666,2026-04-19,search,18-24,UK,0,1,1,0,0
u_005667,2026-04-22,referral,18-24,US,1,0,1,1,0
u_005668,2026-04-24,search,25-34,US,1,0,1,1,0
u_005669,2026-04-27,search,18-24,Other,0,1,1,1,0
u_005670,2026-04-10,instagram,25-34,US,0,1,0,1,0
u_005671,2026-04-03,campus,18-24,US,1,0,0,1,0
u_005672,2026-04-11,referral,18-24,US,0,1,0,0,0
u_005673,2026-04-05,referral,45+,US,1,0,1,1,0
u_005674,2026-04-07,tiktok,18-24,US,0,1,1,0,0
u_005675,2026-04-10,tiktok,25-34,Other,1,0,0,1,0
u_005676,2026-04-04,campus,25-34,US,1,0,1,1,0
u_005677,2026-04-13,campus,18-24,US,1,1,0,0,0
u_005678,2026-04-03,referral,18-24,US,1,0,0,0,0
u_005679,2026-04-07,tiktok,35-44,US,1,1,1,1,1
u_005680,2026-04-06,campus,35-44,US,0,1,0,0,0
u_005681,2026-04-09,organic,18-24,UK,1,0,1,1,0
u_005682,2026-04-11,tiktok,45+,UK,1,0,0,0,0
u_005683,2026-05-01,instagram,18-24,US,0,1,0,0,0
u_005684,2026-04-02,tiktok,35-44,Other,1,0,0,0,0
u_005685,2026-04-03,search,18-24,US,1,1,0,1,0
u_005686,2026-04-22,organic,25-34,US,0,1,0,0,1
u_005687,2026-04-18,campus,25-34,US,1,0,1,1,0
u_005688,2026-04-25,creator,35-44,US,1,0,1,1,0
u_005689,2026-04-21,tiktok,25-34,US,0,1,0,0,0
u_005690,2026-04-02,instagram,18-24,US,1,1,1,0,0
u_005691,2026-04-29,campus,18-24,US,1,0,0,0,0
u_005692,2026-04-03,tiktok,18-24,US,1,1,0,1,1
u_005693,2026-04-11,instagram,25-34,US,0,1,0,0,0
u_005694,2026-04-29,search,35-44,US,0,1,0,0,0
u_005695,2026-04-18,organic,25-34,Canada,1,0,0,1,0
u_005696,2026-04-24,instagram,18-24,Canada,1,0,1,0,0
u_005697,2026-04-21,organic,18-24,US,1,1,1,1,0
u_005698,2026-04-21,referral,35-44,Other,0,1,0,0,0
u_005699,2026-04-13,referral,18-24,US,1,0,1,0,0
u_005700,2026-04-01,instagram,18-24,US,1,1,0,0,0
u_005701,2026-04-21,referral,18-24,US,1,0,1,0,0
u_005702,2026-04-20,instagram,25-34,US,1,1,1,0,0
u_005703,2026-04-22,organic,18-24,US,1,1,0,1,0
u_005704,2026-04-28,campus,18-24,Australia,1,0,1,1,0
u_005705,2026-04-26,campus,18-24,US,0,1,1,0,0
u_005706,2026-04-05,search,45+,US,1,1,0,0,0
u_005707,2026-04-14,organic,25-34,US,0,1,0,1,0
u_005708,2026-04-20,instagram,25-34,US,1,1,1,1,0
u_005709,2026-04-14,search,35-44,Canada,0,1,1,0,0
u_005710,2026-05-01,referral,18-24,US,0,1,0,0,0
u_005711,2026-04-15,instagram,18-24,US,1,1,1,0,0
u_005712,2026-04-21,search,18-24,US,1,0,1,1,1
u_005713,2026-04-24,referral,25-34,US,0,1,1,0,0
u_005714,2026-04-24,instagram,18-24,US,0,1,0,0,1
u_005715,2026-04-19,organic,35-44,US,1,1,1,1,1
u_005716,2026-04-23,search,25-34,Other,0,1,0,1,0
u_005717,2026-04-07,organic,18-24,US,0,1,0,0,0
u_005718,2026-04-19,search,18-24,Canada,0,1,1,1,0
u_005719,2026-04-07,instagram,25-34,US,1,0,1,1,1
u_005720,2026-04-18,tiktok,45+,US,0,1,0,0,0
u_005721,2026-04-10,organic,18-24,US,0,1,0,0,0
u_005722,2026-04-19,campus,25-34,US,0,1,0,1,0
u_005723,2026-04-02,campus,18-24,US,1,1,0,1,1
u_005724,2026-04-13,creator,45+,US,1,0,0,0,0
u_005725,2026-04-06,tiktok,18-24,US,1,0,1,1,0
u_005726,2026-04-12,tiktok,25-34,US,1,0,0,1,1
u_005727,2026-04-21,tiktok,35-44,US,0,1,0,1,0
u_005728,2026-04-22,tiktok,25-34,US,1,0,1,1,0
u_005729,2026-04-09,referral,25-34,US,0,1,0,0,0
u_005730,2026-04-16,organic,18-24,Canada,1,0,0,1,0
u_005731,2026-04-19,organic,18-24,US,1,0,1,1,0
u_005732,2026-04-24,referral,18-24,Canada,1,0,0,1,0
u_005733,2026-04-21,organic,25-34,US,0,1,1,1,0
u_005734,2026-04-07,instagram,35-44,US,0,1,0,0,0
u_005735,2026-04-06,search,18-24,US,0,1,0,1,0
u_005736,2026-04-24,instagram,45+,US,1,0,1,1,0
u_005737,2026-04-14,creator,18-24,Canada,0,1,0,0,0
u_005738,2026-04-11,tiktok,18-24,US,1,1,0,0,0
u_005739,2026-04-11,campus,45+,US,0,1,0,0,0
u_005740,2026-04-15,organic,18-24,UK,1,0,1,0,0
u_005741,2026-04-23,organic,18-24,US,1,1,1,1,0
u_005742,2026-04-25,instagram,35-44,US,1,1,0,1,0
u_005743,2026-04-16,tiktok,25-34,US,0,1,0,0,0
u_005744,2026-04-07,instagram,18-24,US,1,1,0,0,0
u_005745,2026-04-23,search,45+,US,0,1,1,0,0
u_005746,2026-04-08,campus,18-24,UK,1,0,0,0,0
u_005747,2026-04-20,instagram,18-24,US,0,1,0,0,0
u_005748,2026-04-18,tiktok,18-24,US,1,1,1,0,0
u_005749,2026-04-27,tiktok,18-24,US,1,0,0,0,1
u_005750,2026-05-01,organic,25-34,Other,1,0,0,0,0
u_005751,2026-04-03,search,18-24,US,1,0,1,1,0
u_005752,2026-04-20,referral,35-44,US,0,1,0,0,0
u_005753,2026-04-30,tiktok,18-24,US,1,1,0,1,0
u_005754,2026-04-10,search,18-24,US,1,1,1,1,0
u_005755,2026-04-24,instagram,18-24,US,1,0,1,1,0
u_005756,2026-04-23,campus,25-34,US,1,1,0,1,0
u_005757,2026-04-04,organic,25-34,Other,1,1,1,1,0
u_005758,2026-04-23,tiktok,25-34,US,0,1,0,0,0
u_005759,2026-04-11,tiktok,18-24,US,0,1,1,0,0
u_005760,2026-04-13,organic,35-44,UK,1,0,1,1,0
u_005761,2026-04-30,instagram,25-34,US,0,1,1,0,0
u_005762,2026-04-27,tiktok,45+,US,0,1,0,0,1
u_005763,2026-04-16,campus,25-34,US,1,1,1,1,0
u_005764,2026-04-17,campus,35-44,US,0,1,1,0,0
u_005765,2026-04-13,search,18-24,US,0,1,0,1,0
u_005766,2026-04-23,organic,25-34,US,1,1,0,1,0
u_005767,2026-04-15,organic,18-24,Australia,1,0,1,1,0
u_005768,2026-04-05,creator,18-24,US,0,1,0,0,0
u_005769,2026-04-29,creator,35-44,US,1,0,0,0,0
u_005770,2026-04-04,organic,18-24,US,1,1,1,1,1
u_005771,2026-05-01,creator,18-24,US,0,1,0,0,0
u_005772,2026-04-27,referral,45+,US,0,1,1,0,0
u_005773,2026-04-19,tiktok,18-24,Other,1,0,1,1,0
u_005774,2026-04-17,instagram,18-24,Other,1,0,1,0,0
u_005775,2026-04-07,campus,25-34,US,1,1,1,0,0
u_005776,2026-04-08,referral,35-44,US,1,0,1,1,0
u_005777,2026-04-14,instagram,18-24,Canada,1,0,0,0,0
u_005778,2026-04-22,search,35-44,Australia,1,1,1,1,0
u_005779,2026-04-21,referral,18-24,UK,1,0,0,0,0
u_005780,2026-04-05,organic,25-34,US,1,1,0,1,0
u_005781,2026-04-07,organic,18-24,US,0,1,0,0,0
u_005782,2026-04-25,organic,18-24,Canada,0,1,1,1,0
u_005783,2026-04-20,referral,18-24,US,0,1,1,0,0
u_005784,2026-04-07,referral,18-24,UK,1,0,1,0,0
u_005785,2026-04-05,tiktok,18-24,US,1,0,1,1,0
u_005786,2026-05-01,referral,18-24,US,0,1,0,1,0
u_005787,2026-04-19,organic,18-24,US,1,0,1,1,0
u_005788,2026-04-29,tiktok,18-24,US,0,1,1,0,0
u_005789,2026-04-05,organic,18-24,Other,1,0,1,0,0
u_005790,2026-04-16,referral,25-34,US,0,1,0,0,0
u_005791,2026-04-01,referral,18-24,US,1,0,1,0,0
u_005792,2026-04-13,referral,25-34,US,0,1,0,0,0
u_005793,2026-04-21,organic,35-44,US,1,1,1,1,0
u_005794,2026-04-09,instagram,25-34,US,0,1,0,0,0
u_005795,2026-04-28,search,18-24,US,1,1,1,0,0
u_005796,2026-04-23,referral,18-24,US,1,1,1,0,0
u_005797,2026-04-21,campus,35-44,US,1,1,1,0,0
u_005798,2026-04-24,tiktok,35-44,Other,1,0,1,1,0
u_005799,2026-04-06,search,18-24,US,0,1,1,0,0
u_005800,2026-05-01,instagram,25-34,US,1,1,1,1,0
u_005801,2026-04-19,instagram,25-34,US,0,1,0,0,0
u_005802,2026-04-09,referral,18-24,US,1,1,1,0,0
u_005803,2026-04-19,tiktok,25-34,US,0,1,0,0,1
u_005804,2026-04-07,tiktok,18-24,US,1,0,1,1,0
u_005805,2026-04-13,organic,35-44,Other,1,0,0,0,1
u_005806,2026-05-01,referral,35-44,US,0,1,0,0,0
u_005807,2026-04-25,tiktok,18-24,US,0,1,0,0,0
u_005808,2026-04-01,referral,18-24,US,0,1,1,1,0
u_005809,2026-04-21,tiktok,18-24,US,0,1,1,0,0
u_005810,2026-04-14,search,25-34,US,1,0,0,1,0
u_005811,2026-04-26,organic,18-24,US,1,1,0,1,0
u_005812,2026-05-01,organic,18-24,US,0,1,1,1,0
u_005813,2026-04-21,creator,18-24,Other,0,1,1,0,0
u_005814,2026-05-01,campus,25-34,US,1,0,0,0,0
u_005815,2026-04-07,creator,18-24,Canada,0,1,0,0,0
u_005816,2026-04-09,organic,25-34,Other,1,1,1,1,0
u_005817,2026-04-28,organic,18-24,US,1,1,1,0,0
u_005818,2026-04-10,organic,25-34,US,1,0,1,1,0
u_005819,2026-04-13,search,35-44,Other,1,0,1,1,0
u_005820,2026-04-15,creator,18-24,US,0,1,0,0,0
u_005821,2026-04-04,tiktok,25-34,Canada,0,1,1,0,0
u_005822,2026-04-05,instagram,25-34,US,1,1,1,1,0
u_005823,2026-04-10,campus,18-24,Other,1,0,1,1,0
u_005824,2026-04-26,organic,18-24,US,1,1,1,0,0
u_005825,2026-04-27,organic,18-24,Australia,1,0,0,0,0
u_005826,2026-04-21,tiktok,18-24,US,1,0,1,1,0
u_005827,2026-04-21,referral,25-34,US,0,1,1,0,0
u_005828,2026-04-26,campus,18-24,US,0,1,0,1,0
u_005829,2026-04-29,instagram,18-24,US,1,1,0,0,0
u_005830,2026-04-04,referral,25-34,Canada,1,0,1,1,0
u_005831,2026-04-22,referral,25-34,US,0,1,0,0,0
u_005832,2026-04-26,organic,18-24,Canada,1,0,0,1,0
u_005833,2026-05-01,referral,18-24,US,1,0,1,1,1
u_005834,2026-04-30,campus,25-34,US,1,1,0,0,0
u_005835,2026-04-24,organic,18-24,US,0,1,1,1,1
u_005836,2026-04-11,search,18-24,Australia,1,1,1,1,0
u_005837,2026-04-06,referral,18-24,US,1,0,1,1,0
u_005838,2026-04-21,tiktok,35-44,Canada,1,0,1,1,1
u_005839,2026-04-11,referral,35-44,US,0,1,1,0,0
u_005840,2026-04-05,referral,35-44,US,0,1,1,1,0
u_005841,2026-04-06,tiktok,25-34,Other,1,1,0,1,0
u_005842,2026-04-04,campus,25-34,US,0,1,1,0,0
u_005843,2026-04-05,campus,18-24,US,1,1,1,0,0
u_005844,2026-04-23,creator,25-34,US,1,0,1,0,0
u_005845,2026-04-05,campus,18-24,US,1,0,1,0,0
u_005846,2026-04-30,instagram,25-34,US,0,1,1,0,0
u_005847,2026-04-02,instagram,35-44,Other,1,0,0,0,0
u_005848,2026-04-26,tiktok,18-24,US,0,1,1,1,0
u_005849,2026-04-18,referral,18-24,US,1,0,1,1,1
u_005850,2026-04-07,organic,35-44,UK,1,0,1,0,0
u_005851,2026-04-10,tiktok,25-34,Other,0,1,0,0,0
u_005852,2026-04-17,organic,18-24,US,1,0,0,1,1
u_005853,2026-04-22,referral,35-44,UK,1,0,1,1,0
u_005854,2026-04-17,organic,18-24,US,1,1,1,0,0
u_005855,2026-04-20,search,18-24,Other,1,0,0,0,0
u_005856,2026-04-24,search,18-24,US,0,1,1,0,0
u_005857,2026-04-10,search,18-24,US,1,0,0,1,0
u_005858,2026-04-14,search,25-34,US,1,0,1,1,0
u_005859,2026-04-21,tiktok,25-34,US,1,0,0,0,0
u_005860,2026-04-12,creator,25-34,Australia,1,1,1,1,1
u_005861,2026-04-10,campus,18-24,Other,0,1,0,0,0
u_005862,2026-04-01,campus,18-24,US,0,1,1,1,0
u_005863,2026-04-01,referral,35-44,US,1,0,1,1,0
u_005864,2026-05-01,organic,18-24,UK,1,0,0,1,0
u_005865,2026-04-04,instagram,18-24,US,0,1,1,0,0
u_005866,2026-04-27,tiktok,18-24,US,0,1,1,0,0
u_005867,2026-04-16,tiktok,25-34,Canada,0,1,1,0,0
u_005868,2026-04-18,creator,25-34,US,0,1,1,0,0
u_005869,2026-04-15,instagram,25-34,US,1,1,0,1,0
u_005870,2026-04-12,campus,25-34,US,1,0,0,0,0
u_005871,2026-04-27,tiktok,45+,US,1,1,1,1,0
u_005872,2026-04-09,referral,18-24,US,1,0,0,0,0
u_005873,2026-04-01,tiktok,25-34,Australia,1,1,0,1,0
u_005874,2026-04-29,campus,18-24,US,1,0,1,0,0
u_005875,2026-04-18,organic,25-34,US,1,0,1,1,0
u_005876,2026-04-30,tiktok,45+,US,0,1,0,0,0
u_005877,2026-04-13,tiktok,35-44,Australia,1,1,1,0,0
u_005878,2026-04-11,organic,18-24,Australia,0,1,1,0,0
u_005879,2026-04-11,referral,25-34,US,0,1,1,0,0
u_005880,2026-04-14,instagram,18-24,US,0,1,0,0,0
u_005881,2026-04-13,referral,18-24,US,1,1,0,1,0
u_005882,2026-04-14,creator,18-24,US,0,1,0,0,0
u_005883,2026-04-10,campus,35-44,US,0,1,0,0,0
u_005884,2026-04-01,organic,18-24,US,0,1,1,1,0
u_005885,2026-04-29,campus,18-24,US,1,0,1,1,0
u_005886,2026-04-28,search,18-24,US,1,0,0,1,1
u_005887,2026-04-18,search,18-24,UK,1,1,0,1,0
u_005888,2026-04-11,search,35-44,US,0,1,1,0,0
u_005889,2026-04-25,creator,25-34,US,1,0,0,0,0
u_005890,2026-04-23,organic,18-24,US,1,0,1,0,0
u_005891,2026-04-05,campus,25-34,US,0,1,0,1,0
u_005892,2026-04-29,organic,18-24,US,0,1,0,0,0
u_005893,2026-04-03,referral,18-24,UK,1,0,1,1,0
u_005894,2026-04-17,search,18-24,UK,1,1,0,0,0
u_005895,2026-04-13,organic,18-24,US,1,1,0,0,0
u_005896,2026-04-08,campus,18-24,US,0,1,0,0,0
u_005897,2026-04-29,instagram,18-24,Canada,1,0,1,0,0
u_005898,2026-04-29,tiktok,35-44,Canada,0,1,1,1,0
u_005899,2026-04-27,creator,18-24,US,0,1,0,0,0
u_005900,2026-04-07,tiktok,45+,UK,1,0,1,1,0
u_005901,2026-04-17,tiktok,25-34,US,1,0,0,0,0
u_005902,2026-04-24,campus,35-44,US,0,1,0,0,0
u_005903,2026-04-03,tiktok,18-24,US,1,0,1,1,0
u_005904,2026-04-09,campus,18-24,US,1,0,1,1,0
u_005905,2026-04-02,instagram,35-44,US,1,0,0,1,0
u_005906,2026-04-23,tiktok,18-24,Canada,0,1,1,0,0
u_005907,2026-04-25,organic,18-24,US,0,1,0,0,0
u_005908,2026-04-09,instagram,35-44,US,0,1,1,0,0
u_005909,2026-04-30,organic,35-44,US,1,0,1,1,0
u_005910,2026-04-03,search,18-24,US,1,1,1,0,0
u_005911,2026-04-25,search,35-44,Other,1,1,0,0,0
u_005912,2026-04-09,campus,25-34,US,1,1,1,1,1
u_005913,2026-04-04,organic,18-24,US,1,0,1,0,0
u_005914,2026-04-14,instagram,25-34,US,1,1,1,1,0
u_005915,2026-04-24,instagram,18-24,US,0,1,1,1,0
u_005916,2026-04-29,organic,25-34,US,1,0,1,1,0
u_005917,2026-05-01,referral,25-34,US,0,1,1,0,1
u_005918,2026-04-06,creator,18-24,US,1,1,1,1,0
u_005919,2026-04-12,tiktok,45+,US,1,0,0,1,0
u_005920,2026-04-11,referral,18-24,US,1,0,0,0,0
u_005921,2026-04-03,organic,18-24,US,1,1,0,1,1
u_005922,2026-04-09,organic,18-24,Other,0,1,1,1,0
u_005923,2026-04-16,organic,18-24,US,1,0,0,1,0
u_005924,2026-05-01,creator,18-24,US,0,1,0,1,0
u_005925,2026-04-11,instagram,25-34,US,0,1,0,0,0
u_005926,2026-04-20,tiktok,25-34,US,0,1,0,1,0
u_005927,2026-04-30,tiktok,35-44,US,0,1,1,0,0
u_005928,2026-04-19,organic,18-24,US,1,1,1,1,1
u_005929,2026-04-11,organic,18-24,US,1,0,1,1,0
u_005930,2026-04-23,instagram,25-34,US,1,1,1,1,0
u_005931,2026-04-01,organic,35-44,US,0,1,0,1,0
u_005932,2026-04-25,instagram,18-24,Canada,1,1,1,0,0
u_005933,2026-04-15,organic,18-24,US,1,0,0,0,0
u_005934,2026-04-14,creator,25-34,US,0,1,0,0,0
u_005935,2026-04-03,campus,25-34,US,1,1,1,1,0
u_005936,2026-04-17,referral,18-24,US,0,1,1,1,0
u_005937,2026-04-25,referral,18-24,Australia,0,1,0,0,0
u_005938,2026-04-13,creator,45+,UK,0,1,0,0,0
u_005939,2026-04-24,instagram,45+,Australia,1,0,1,0,0
u_005940,2026-04-26,campus,25-34,US,1,0,1,1,0
u_005941,2026-04-25,creator,25-34,UK,0,1,1,1,1
u_005942,2026-04-02,organic,18-24,US,0,1,0,0,0
u_005943,2026-04-22,instagram,18-24,US,0,1,0,1,0
u_005944,2026-04-25,creator,18-24,US,0,1,1,1,0
u_005945,2026-04-14,campus,25-34,Australia,1,1,1,0,0
u_005946,2026-04-30,instagram,25-34,UK,1,0,1,1,0
u_005947,2026-04-05,instagram,18-24,US,1,0,1,0,0
u_005948,2026-04-04,instagram,25-34,US,1,0,1,0,0
u_005949,2026-04-16,tiktok,18-24,Australia,1,1,1,0,0
u_005950,2026-04-09,campus,18-24,US,1,0,0,1,1
u_005951,2026-04-15,tiktok,18-24,US,0,1,1,0,0
u_005952,2026-04-02,campus,35-44,US,1,0,1,1,0
u_005953,2026-04-06,referral,18-24,US,1,0,1,0,0
u_005954,2026-04-08,organic,18-24,US,1,1,0,0,0
u_005955,2026-04-08,campus,35-44,US,1,0,1,0,0
u_005956,2026-04-01,tiktok,18-24,US,0,1,0,0,0
u_005957,2026-04-18,creator,18-24,US,0,1,0,0,0
u_005958,2026-04-06,instagram,18-24,Other,1,0,0,1,0
u_005959,2026-04-12,tiktok,25-34,Other,1,1,0,1,1
u_005960,2026-04-07,instagram,18-24,US,0,1,0,0,0
u_005961,2026-04-12,organic,18-24,US,1,0,0,0,0
u_005962,2026-04-23,tiktok,35-44,US,0,1,0,0,0
u_005963,2026-04-17,organic,18-24,US,1,0,1,1,0
u_005964,2026-04-14,tiktok,18-24,US,0,1,0,0,0
u_005965,2026-04-30,referral,45+,US,1,0,0,1,1
u_005966,2026-04-06,tiktok,25-34,Australia,0,1,0,0,0
u_005967,2026-05-01,tiktok,18-24,Australia,0,1,1,0,0
u_005968,2026-04-05,creator,35-44,US,1,0,0,0,0
u_005969,2026-04-05,instagram,35-44,US,0,1,1,1,1
u_005970,2026-04-04,campus,45+,US,1,1,1,1,0
u_005971,2026-04-26,referral,25-34,US,0,1,0,0,0
u_005972,2026-04-03,referral,18-24,US,0,1,0,1,0
u_005973,2026-04-17,tiktok,25-34,UK,1,0,0,1,0
u_005974,2026-04-13,organic,25-34,US,1,0,1,0,0
u_005975,2026-04-01,tiktok,25-34,Other,0,1,1,1,0
u_005976,2026-04-09,creator,45+,Canada,1,1,1,1,0
u_005977,2026-04-26,instagram,25-34,US,0,1,1,0,0
u_005978,2026-04-04,referral,25-34,US,1,1,0,0,0
u_005979,2026-04-26,organic,25-34,Other,1,1,1,0,0
u_005980,2026-04-03,search,25-34,Canada,1,0,0,1,0
u_005981,2026-04-09,referral,18-24,US,0,1,0,0,0
u_005982,2026-04-23,campus,25-34,Other,0,1,1,0,0
u_005983,2026-04-09,search,18-24,US,1,1,1,1,0
u_005984,2026-04-17,organic,18-24,US,1,1,1,1,0
u_005985,2026-04-21,tiktok,25-34,US,0,1,0,0,0
u_005986,2026-04-13,creator,18-24,US,1,1,1,1,0
u_005987,2026-04-05,tiktok,18-24,US,0,1,0,0,0
u_005988,2026-04-28,instagram,18-24,UK,1,0,1,1,0
u_005989,2026-04-13,organic,25-34,Canada,1,0,0,0,0
u_005990,2026-04-24,organic,18-24,US,1,1,1,0,0
u_005991,2026-04-10,tiktok,35-44,US,0,1,0,1,0
u_005992,2026-04-06,organic,18-24,US,0,1,0,1,0
u_005993,2026-04-08,tiktok,25-34,US,1,0,1,1,0
u_005994,2026-04-16,search,18-24,US,1,0,1,1,0
u_005995,2026-04-09,instagram,18-24,US,0,1,0,1,0
u_005996,2026-04-23,tiktok,18-24,Canada,0,1,0,1,0
u_005997,2026-04-23,organic,45+,US,1,0,0,0,0
u_005998,2026-04-10,tiktok,25-34,Australia,0,1,1,0,0
u_005999,2026-04-20,tiktok,18-24,US,1,0,1,0,1
u_006000,2026-04-13,creator,18-24,Canada,1,1,0,1,1
u_006001,2026-04-20,instagram,18-24,UK,1,1,1,1,0
u_006002,2026-04-01,creator,25-34,UK,1,0,0,0,0
u_006003,2026-04-11,creator,18-24,Canada,1,0,0,0,0
u_006004,2026-04-14,referral,45+,US,0,1,0,0,0
u_006005,2026-04-07,creator,18-24,US,1,1,1,0,0
u_006006,2026-04-21,search,25-34,US,1,0,1,1,0
u_006007,2026-04-03,search,25-34,Canada,1,0,1,0,0
u_006008,2026-04-01,tiktok,25-34,US,0,1,1,0,0
u_006009,2026-04-20,organic,25-34,US,1,1,0,1,0
u_006010,2026-04-22,search,25-34,US,1,0,0,0,0
u_006011,2026-04-30,creator,18-24,Canada,1,0,0,0,0
u_006012,2026-04-16,search,18-24,Canada,1,0,1,1,0
u_006013,2026-04-04,organic,25-34,US,0,1,0,1,0
u_006014,2026-04-18,search,35-44,US,0,1,0,0,0
u_006015,2026-04-10,search,18-24,US,1,0,1,1,0
u_006016,2026-04-10,instagram,25-34,US,0,1,0,1,0
u_006017,2026-04-16,referral,18-24,US,0,1,1,0,0
u_006018,2026-04-01,search,25-34,US,0,1,0,0,0
u_006019,2026-04-20,tiktok,35-44,US,1,1,1,1,0
u_006020,2026-04-08,referral,18-24,US,0,1,0,1,0
u_006021,2026-04-11,tiktok,25-34,Other,1,0,0,0,0
u_006022,2026-04-05,tiktok,35-44,US,1,0,0,0,0
u_006023,2026-04-23,search,35-44,UK,1,1,0,0,0
u_006024,2026-04-24,instagram,25-34,US,0,1,1,0,0
u_006025,2026-04-09,instagram,18-24,US,0,1,0,0,0
u_006026,2026-04-15,organic,45+,US,1,1,1,0,0
u_006027,2026-04-14,creator,35-44,US,1,0,0,0,0
u_006028,2026-04-04,tiktok,18-24,US,1,0,1,0,0
u_006029,2026-04-22,organic,18-24,UK,0,1,0,0,0
u_006030,2026-04-06,tiktok,25-34,US,1,0,0,1,0
u_006031,2026-04-30,search,25-34,US,1,0,1,1,0
u_006032,2026-04-01,referral,25-34,US,0,1,0,0,0
u_006033,2026-04-17,tiktok,18-24,US,0,1,0,0,0
u_006034,2026-04-15,tiktok,18-24,Australia,1,1,1,1,0
u_006035,2026-04-18,organic,18-24,US,1,0,1,0,0
u_006036,2026-04-12,organic,25-34,US,0,1,1,0,0
u_006037,2026-04-21,organic,18-24,US,1,1,0,0,0
u_006038,2026-04-15,campus,18-24,UK,1,0,1,1,0
u_006039,2026-04-27,tiktok,18-24,US,1,0,0,0,0
u_006040,2026-04-20,organic,18-24,UK,1,0,1,1,0
u_006041,2026-04-28,search,25-34,US,1,1,0,1,0
u_006042,2026-04-24,referral,35-44,US,0,1,0,0,1
u_006043,2026-04-08,tiktok,45+,UK,0,1,1,0,0
u_006044,2026-04-18,organic,18-24,US,1,1,1,0,0
u_006045,2026-04-21,organic,18-24,UK,1,1,0,1,1
u_006046,2026-04-12,instagram,35-44,Australia,1,1,1,1,0
u_006047,2026-04-24,organic,18-24,Canada,1,1,0,0,0
u_006048,2026-04-22,organic,18-24,US,1,1,0,0,0
u_006049,2026-04-23,referral,18-24,Other,1,1,1,1,0
u_006050,2026-04-11,organic,18-24,US,1,0,1,1,0
u_006051,2026-04-17,tiktok,18-24,US,0,1,0,0,0
u_006052,2026-04-05,referral,18-24,Australia,1,0,1,0,1
u_006053,2026-04-29,organic,18-24,US,0,1,1,0,0
u_006054,2026-05-01,instagram,25-34,US,0,1,1,1,0
u_006055,2026-04-08,tiktok,18-24,UK,0,1,0,0,1
u_006056,2026-04-02,referral,18-24,US,0,1,0,0,0
u_006057,2026-04-22,campus,18-24,Australia,1,0,0,1,1
u_006058,2026-04-12,organic,25-34,US,1,0,1,1,0
u_006059,2026-04-02,search,25-34,US,1,0,0,1,0
u_006060,2026-04-20,creator,18-24,US,1,1,1,1,0
u_006061,2026-04-21,creator,18-24,US,1,0,1,1,0
u_006062,2026-04-13,tiktok,35-44,US,0,1,0,0,0
u_006063,2026-04-05,search,25-34,US,1,1,1,1,0
u_006064,2026-04-17,tiktok,25-34,US,1,0,0,1,0
u_006065,2026-04-24,instagram,25-34,US,1,0,1,0,0
u_006066,2026-04-05,tiktok,18-24,UK,0,1,1,0,0
u_006067,2026-04-10,search,18-24,Canada,0,1,0,0,0
u_006068,2026-04-18,referral,25-34,UK,1,0,1,0,0
u_006069,2026-04-06,referral,18-24,US,1,1,1,1,0
u_006070,2026-05-01,campus,35-44,Canada,0,1,0,0,0
u_006071,2026-04-30,tiktok,25-34,Australia,0,1,1,0,0
u_006072,2026-04-13,search,18-24,UK,1,0,1,1,0
u_006073,2026-04-18,instagram,18-24,US,1,1,1,1,1
u_006074,2026-04-23,referral,25-34,US,0,1,1,1,0
u_006075,2026-04-02,instagram,18-24,US,1,0,0,1,0
u_006076,2026-04-28,tiktok,18-24,US,1,1,0,1,0
u_006077,2026-04-29,instagram,35-44,US,1,1,0,1,0
u_006078,2026-04-13,instagram,45+,US,0,1,0,0,0
u_006079,2026-04-13,instagram,18-24,US,1,0,0,0,0
u_006080,2026-04-17,search,25-34,UK,1,0,0,0,1
u_006081,2026-04-04,tiktok,35-44,US,0,1,0,0,0
u_006082,2026-04-13,referral,25-34,US,0,1,0,0,0
u_006083,2026-04-17,campus,18-24,UK,1,1,1,0,0
u_006084,2026-04-25,creator,25-34,US,0,1,1,1,0
u_006085,2026-04-05,search,25-34,US,1,0,0,1,0
u_006086,2026-04-10,tiktok,18-24,US,1,0,1,0,0
u_006087,2026-04-28,campus,18-24,US,0,1,0,1,0
u_006088,2026-04-11,organic,18-24,US,1,1,0,1,0
u_006089,2026-04-09,organic,25-34,US,1,0,1,1,1
u_006090,2026-04-19,referral,18-24,Australia,1,0,1,1,0
u_006091,2026-04-01,instagram,25-34,Other,1,0,0,0,0
u_006092,2026-04-23,campus,18-24,US,0,1,0,0,0
u_006093,2026-05-01,referral,18-24,US,1,0,0,0,0
u_006094,2026-04-08,organic,18-24,US,0,1,1,0,0
u_006095,2026-04-25,creator,25-34,US,1,0,0,1,0
u_006096,2026-04-02,organic,18-24,UK,1,0,0,0,0
u_006097,2026-04-16,search,18-24,US,0,1,0,0,1
u_006098,2026-04-16,creator,18-24,US,1,0,0,0,0
u_006099,2026-04-14,instagram,18-24,US,1,1,0,1,0
u_006100,2026-05-01,referral,18-24,US,0,1,0,1,1
u_006101,2026-04-06,tiktok,35-44,Other,1,0,0,0,0
u_006102,2026-04-12,organic,25-34,US,1,0,1,1,0
u_006103,2026-04-07,creator,25-34,Canada,1,0,0,1,0
u_006104,2026-04-08,creator,18-24,US,0,1,0,1,0
u_006105,2026-04-22,campus,18-24,US,1,1,1,1,0
u_006106,2026-04-09,organic,18-24,Other,0,1,1,0,0
u_006107,2026-04-18,referral,18-24,US,1,1,1,1,0
u_006108,2026-04-16,organic,18-24,US,1,0,0,1,1
u_006109,2026-04-13,campus,25-34,US,1,0,1,1,1
u_006110,2026-04-01,campus,18-24,Canada,1,0,1,1,1
u_006111,2026-04-08,tiktok,25-34,UK,1,1,1,1,0
u_006112,2026-04-13,tiktok,25-34,US,1,0,1,0,0
u_006113,2026-04-02,referral,18-24,US,0,1,1,1,1
u_006114,2026-04-14,search,18-24,US,1,0,0,1,0
u_006115,2026-04-17,search,18-24,Canada,0,1,0,0,0
u_006116,2026-04-13,tiktok,18-24,US,1,0,0,1,0
u_006117,2026-04-17,organic,18-24,Australia,0,1,0,0,0
u_006118,2026-04-17,tiktok,18-24,US,0,1,1,0,0
u_006119,2026-04-16,creator,35-44,Canada,1,0,0,0,0
u_006120,2026-04-28,instagram,18-24,Other,1,1,1,1,0
u_006121,2026-04-27,organic,18-24,Other,1,0,1,1,0
u_006122,2026-05-01,referral,35-44,Australia,1,1,1,1,0
u_006123,2026-04-20,tiktok,18-24,US,1,0,0,1,0
u_006124,2026-04-13,search,18-24,Canada,0,1,0,1,1
u_006125,2026-04-14,organic,18-24,US,1,0,1,1,0
u_006126,2026-04-30,referral,35-44,US,1,1,1,1,0
u_006127,2026-05-01,creator,18-24,Other,0,1,0,1,0
u_006128,2026-04-18,search,18-24,US,0,1,0,0,0
u_006129,2026-04-25,referral,18-24,Other,1,1,0,0,0
u_006130,2026-04-18,organic,25-34,US,0,1,1,0,0
u_006131,2026-04-09,search,25-34,Other,0,1,0,0,0
u_006132,2026-05-01,organic,18-24,UK,1,0,1,1,0
u_006133,2026-04-14,organic,25-34,US,1,1,0,1,0
u_006134,2026-04-22,tiktok,35-44,Other,0,1,1,1,0
u_006135,2026-04-06,tiktok,35-44,US,1,0,1,1,0
u_006136,2026-04-29,campus,18-24,UK,1,0,0,1,0
u_006137,2026-04-09,search,18-24,US,1,1,1,0,0
u_006138,2026-04-05,instagram,45+,US,1,0,1,1,0
u_006139,2026-04-05,campus,18-24,Other,1,0,1,0,0
u_006140,2026-04-19,instagram,18-24,UK,0,1,1,0,0
u_006141,2026-04-30,referral,25-34,Other,0,1,0,0,0
u_006142,2026-04-01,search,25-34,US,1,0,1,0,0
u_006143,2026-04-01,organic,18-24,US,0,1,0,0,0
u_006144,2026-05-01,search,25-34,US,1,0,1,0,0
u_006145,2026-04-21,referral,25-34,US,1,1,1,0,0
u_006146,2026-04-21,tiktok,25-34,US,1,0,1,1,0
u_006147,2026-04-03,search,25-34,US,1,0,0,1,0
u_006148,2026-04-03,instagram,25-34,Australia,1,0,1,1,0
u_006149,2026-04-14,search,35-44,US,1,0,1,1,0
u_006150,2026-04-22,organic,25-34,US,1,0,1,0,1
u_006151,2026-04-24,search,25-34,Canada,0,1,0,0,0
u_006152,2026-04-28,search,18-24,UK,0,1,1,0,1
u_006153,2026-04-16,instagram,18-24,US,0,1,0,0,0
u_006154,2026-04-07,campus,25-34,US,1,0,1,1,0
u_006155,2026-04-01,referral,18-24,US,0,1,0,1,1
u_006156,2026-04-07,campus,25-34,UK,1,0,1,1,0
u_006157,2026-04-28,organic,18-24,Other,1,1,1,0,0
u_006158,2026-04-11,instagram,18-24,US,0,1,1,0,0
u_006159,2026-04-23,creator,18-24,Other,0,1,0,0,0
u_006160,2026-04-16,campus,25-34,Canada,0,1,0,1,0
u_006161,2026-04-17,organic,18-24,US,1,1,1,1,1
u_006162,2026-04-05,organic,25-34,US,0,1,1,0,0
u_006163,2026-04-27,instagram,18-24,US,1,0,1,0,0
u_006164,2026-04-08,campus,25-34,US,1,0,1,1,0
u_006165,2026-04-16,organic,25-34,US,1,1,1,0,0
u_006166,2026-04-01,organic,18-24,US,0,1,0,0,0
u_006167,2026-04-12,organic,18-24,US,0,1,0,0,0
u_006168,2026-05-01,organic,25-34,Other,1,1,1,1,0
u_006169,2026-04-17,search,45+,US,1,0,0,1,0
u_006170,2026-04-24,campus,18-24,US,1,0,1,1,1
u_006171,2026-04-07,instagram,25-34,US,1,1,1,1,0
u_006172,2026-04-28,organic,25-34,Canada,0,1,0,0,0
u_006173,2026-04-03,organic,18-24,US,1,0,0,0,0
u_006174,2026-04-03,referral,18-24,US,1,0,1,1,1
u_006175,2026-04-24,referral,18-24,US,0,1,1,1,1
u_006176,2026-04-21,referral,25-34,US,1,0,1,1,0
u_006177,2026-04-27,organic,18-24,US,0,1,0,0,0
u_006178,2026-04-14,referral,25-34,Other,1,0,1,0,0
u_006179,2026-04-05,organic,25-34,US,1,1,1,1,1
u_006180,2026-04-05,instagram,18-24,US,0,1,1,0,0
u_006181,2026-04-09,instagram,25-34,US,0,1,0,0,0
u_006182,2026-04-24,referral,25-34,US,1,0,1,1,0
u_006183,2026-04-24,referral,18-24,US,0,1,1,1,0
u_006184,2026-04-27,search,25-34,US,0,1,0,0,0
u_006185,2026-05-01,organic,18-24,US,1,1,0,1,0
u_006186,2026-04-24,campus,18-24,Other,0,1,0,1,0
u_006187,2026-04-23,instagram,45+,US,0,1,0,1,0
u_006188,2026-04-09,creator,45+,Australia,0,1,1,0,0
u_006189,2026-04-24,organic,18-24,Australia,1,1,0,0,1
u_006190,2026-04-28,search,25-34,UK,1,1,1,1,0
u_006191,2026-04-14,search,18-24,US,0,1,1,0,0
u_006192,2026-04-16,referral,35-44,US,0,1,0,0,0
u_006193,2026-04-24,creator,35-44,US,1,0,0,0,0
u_006194,2026-04-02,instagram,25-34,UK,1,1,1,1,0
u_006195,2026-04-19,organic,45+,US,1,0,0,1,0
u_006196,2026-05-01,organic,25-34,US,0,1,1,1,0
u_006197,2026-05-01,instagram,18-24,US,1,0,1,1,1
u_006198,2026-04-23,search,35-44,US,1,0,0,1,0
u_006199,2026-04-06,creator,25-34,US,1,0,0,0,0
u_006200,2026-04-13,creator,18-24,US,1,1,0,0,0
u_006201,2026-04-23,tiktok,18-24,US,1,1,1,1,0
u_006202,2026-04-22,search,18-24,Other,1,1,1,1,0
u_006203,2026-04-01,organic,25-34,US,1,0,0,0,0
u_006204,2026-04-05,search,25-34,Canada,1,1,0,1,0
u_006205,2026-04-04,creator,35-44,US,0,1,0,0,0
u_006206,2026-04-07,organic,18-24,US,1,0,1,1,0
u_006207,2026-04-22,organic,18-24,US,0,1,0,0,0
u_006208,2026-04-27,creator,18-24,US,0,1,0,0,0
u_006209,2026-04-16,referral,35-44,US,0,1,0,0,0
u_006210,2026-04-03,instagram,25-34,US,0,1,0,0,0
u_006211,2026-04-19,organic,35-44,US,0,1,0,0,0
u_006212,2026-04-08,referral,18-24,Canada,1,0,0,0,0
u_006213,2026-04-23,referral,18-24,US,1,0,0,1,0
u_006214,2026-04-26,campus,18-24,US,0,1,1,1,0
u_006215,2026-04-13,tiktok,25-34,US,1,0,0,0,1
u_006216,2026-04-12,instagram,25-34,US,1,1,1,0,0
u_006217,2026-04-30,search,25-34,US,0,1,0,1,1
u_006218,2026-04-13,instagram,18-24,Other,0,1,1,1,1
u_006219,2026-04-28,tiktok,25-34,US,0,1,1,1,0
u_006220,2026-04-19,search,35-44,US,0,1,0,0,0
u_006221,2026-04-29,organic,18-24,US,1,0,1,1,0
u_006222,2026-04-19,referral,18-24,US,1,0,0,0,0
u_006223,2026-04-20,creator,25-34,US,1,1,0,1,0
u_006224,2026-04-28,referral,18-24,US,0,1,1,1,0
u_006225,2026-04-20,search,25-34,US,0,1,0,0,0
u_006226,2026-04-19,tiktok,18-24,UK,0,1,0,0,0
u_006227,2026-04-05,search,18-24,Other,0,1,1,0,0
u_006228,2026-04-21,tiktok,25-34,UK,1,0,1,1,0
u_006229,2026-04-21,referral,25-34,US,1,0,1,1,1
u_006230,2026-04-11,organic,45+,Other,1,1,0,1,0
u_006231,2026-04-06,instagram,25-34,US,0,1,0,0,0
u_006232,2026-04-12,referral,45+,Canada,1,0,1,0,0
u_006233,2026-04-03,organic,18-24,US,1,0,1,1,0
u_006234,2026-04-08,search,18-24,US,0,1,1,1,0
u_006235,2026-04-19,campus,25-34,US,1,0,1,1,0
u_006236,2026-04-17,referral,18-24,Other,1,0,1,0,0
u_006237,2026-04-17,organic,18-24,US,1,1,1,1,0
u_006238,2026-04-26,tiktok,18-24,US,0,1,1,0,0
u_006239,2026-04-15,search,18-24,US,1,1,0,1,1
u_006240,2026-04-24,campus,18-24,US,0,1,0,0,0
u_006241,2026-04-02,organic,18-24,US,0,1,0,0,0
u_006242,2026-04-08,creator,18-24,US,0,1,1,1,0
u_006243,2026-04-01,organic,18-24,US,1,0,0,1,0
u_006244,2026-04-11,campus,18-24,Australia,1,0,0,1,0
u_006245,2026-04-15,organic,18-24,US,1,0,1,1,1
u_006246,2026-04-20,creator,18-24,US,0,1,0,0,0
u_006247,2026-04-10,referral,18-24,US,1,0,1,1,0
u_006248,2026-04-28,instagram,25-34,Canada,0,1,0,0,0
u_006249,2026-05-01,tiktok,18-24,US,1,1,0,0,0
u_006250,2026-04-29,instagram,45+,US,1,1,1,1,1
u_006251,2026-04-07,instagram,18-24,Other,1,1,1,0,0
u_006252,2026-04-05,organic,18-24,US,1,1,1,0,1
u_006253,2026-04-15,instagram,18-24,UK,0,1,0,0,0
u_006254,2026-04-19,organic,18-24,US,0,1,0,0,0
u_006255,2026-04-17,organic,18-24,US,0,1,0,1,0
u_006256,2026-04-30,instagram,25-34,US,0,1,1,0,0
u_006257,2026-04-10,tiktok,25-34,US,1,0,1,0,0
u_006258,2026-04-19,tiktok,35-44,US,0,1,0,0,0
u_006259,2026-04-06,instagram,35-44,US,1,0,1,0,0
u_006260,2026-04-04,instagram,18-24,US,1,0,1,1,0
u_006261,2026-04-25,organic,18-24,US,0,1,0,0,0
u_006262,2026-04-22,instagram,18-24,US,1,0,0,0,0
u_006263,2026-04-22,organic,18-24,US,1,1,0,1,0
u_006264,2026-04-06,organic,18-24,Australia,1,1,1,1,0
u_006265,2026-04-07,referral,35-44,US,1,1,1,0,0
u_006266,2026-04-17,organic,18-24,US,1,0,0,1,0
u_006267,2026-04-29,organic,25-34,US,1,1,0,1,0
u_006268,2026-04-13,campus,35-44,US,1,0,1,1,0
u_006269,2026-04-20,tiktok,25-34,Australia,1,0,0,1,0
u_006270,2026-04-17,instagram,35-44,US,1,0,1,1,1
u_006271,2026-04-28,referral,25-34,US,1,0,1,1,0
u_006272,2026-04-11,organic,25-34,US,1,1,0,0,0
u_006273,2026-04-16,organic,18-24,US,0,1,0,0,0
u_006274,2026-04-30,campus,18-24,UK,1,0,0,0,0
u_006275,2026-04-13,organic,35-44,US,1,1,1,1,0
u_006276,2026-04-04,campus,18-24,US,1,0,1,1,0
u_006277,2026-04-02,creator,18-24,US,1,0,1,1,0
u_006278,2026-04-28,instagram,25-34,US,0,1,0,1,1
u_006279,2026-04-02,referral,25-34,UK,0,1,0,0,0
u_006280,2026-04-12,referral,18-24,US,1,0,0,0,1
u_006281,2026-04-06,tiktok,18-24,UK,1,0,0,1,0
u_006282,2026-04-18,instagram,18-24,US,1,1,1,0,0
u_006283,2026-04-07,tiktok,25-34,US,1,0,0,0,0
u_006284,2026-04-30,creator,18-24,US,0,1,0,0,0
u_006285,2026-04-04,creator,18-24,US,1,1,1,0,0
u_006286,2026-04-24,referral,18-24,US,1,1,0,0,1
u_006287,2026-04-24,organic,35-44,US,1,0,0,1,0
u_006288,2026-04-09,campus,25-34,US,0,1,0,1,0
u_006289,2026-04-17,instagram,18-24,US,0,1,0,0,0
u_006290,2026-04-01,campus,18-24,US,1,0,1,0,0
u_006291,2026-04-06,campus,18-24,US,1,1,1,1,0
u_006292,2026-04-22,creator,18-24,US,0,1,0,0,0
u_006293,2026-04-22,organic,25-34,UK,1,1,1,1,0
u_006294,2026-04-09,instagram,25-34,US,0,1,0,0,0
u_006295,2026-04-05,referral,25-34,US,0,1,0,0,0
u_006296,2026-04-29,tiktok,18-24,US,1,1,1,0,0
u_006297,2026-04-14,organic,18-24,US,1,1,1,0,0
u_006298,2026-04-26,instagram,18-24,US,0,1,0,0,0
u_006299,2026-04-02,referral,18-24,US,0,1,1,0,0
u_006300,2026-04-30,search,25-34,Australia,0,1,0,1,0
u_006301,2026-04-07,referral,18-24,US,1,1,0,1,1
u_006302,2026-05-01,tiktok,25-34,US,0,1,0,0,0
u_006303,2026-04-16,referral,18-24,US,0,1,1,1,0
u_006304,2026-04-08,referral,25-34,US,1,0,0,1,0
u_006305,2026-04-30,instagram,25-34,US,0,1,0,0,0
u_006306,2026-04-01,search,25-34,US,1,0,0,0,0
u_006307,2026-04-03,referral,18-24,US,1,0,1,1,1
u_006308,2026-04-23,search,18-24,US,0,1,0,0,0
u_006309,2026-04-22,organic,18-24,US,0,1,1,0,0
u_006310,2026-04-14,organic,35-44,Australia,0,1,0,0,0
u_006311,2026-04-01,campus,25-34,US,1,0,1,1,0
u_006312,2026-04-19,organic,25-34,US,1,1,1,0,1
u_006313,2026-04-24,organic,18-24,Australia,1,0,1,1,1
u_006314,2026-04-30,organic,25-34,US,1,0,0,0,0
u_006315,2026-04-07,campus,35-44,US,1,0,1,1,0
u_006316,2026-04-26,instagram,18-24,US,1,0,0,0,0
u_006317,2026-04-20,organic,25-34,US,0,1,1,0,0
u_006318,2026-04-07,instagram,18-24,Canada,0,1,1,1,0
u_006319,2026-04-09,organic,18-24,US,1,0,0,0,0
u_006320,2026-04-14,referral,25-34,US,1,1,1,1,0
u_006321,2026-04-30,search,25-34,US,0,1,0,0,0
u_006322,2026-04-12,tiktok,18-24,US,1,1,1,0,0
u_006323,2026-04-14,instagram,18-24,US,0,1,1,0,0
u_006324,2026-04-05,referral,25-34,US,1,0,1,1,0
u_006325,2026-04-10,organic,18-24,US,0,1,1,0,0
u_006326,2026-04-10,search,18-24,US,1,0,1,1,0
u_006327,2026-04-06,instagram,18-24,US,0,1,0,0,0
u_006328,2026-04-09,referral,18-24,US,1,0,0,0,0
u_006329,2026-04-10,creator,25-34,Australia,0,1,1,0,0
u_006330,2026-04-26,tiktok,18-24,US,1,0,0,0,1
u_006331,2026-04-24,organic,25-34,US,0,1,0,0,0
u_006332,2026-04-05,campus,25-34,US,1,0,0,1,1
u_006333,2026-05-01,organic,18-24,US,0,1,0,1,0
u_006334,2026-04-01,tiktok,25-34,US,1,0,0,0,1
u_006335,2026-05-01,creator,18-24,US,1,0,1,0,0
u_006336,2026-04-11,search,25-34,US,1,0,1,0,0
u_006337,2026-04-14,organic,18-24,US,1,0,0,0,0
u_006338,2026-04-10,referral,25-34,Australia,0,1,0,0,0
u_006339,2026-04-28,creator,18-24,US,0,1,0,1,1
u_006340,2026-04-28,instagram,45+,Australia,1,1,0,0,0
u_006341,2026-04-29,search,18-24,UK,1,0,1,1,0
u_006342,2026-04-09,referral,18-24,US,0,1,0,0,0
u_006343,2026-04-10,campus,25-34,US,1,1,0,0,0
u_006344,2026-04-10,referral,18-24,US,0,1,1,1,0
u_006345,2026-04-01,creator,18-24,Australia,1,1,0,0,0
u_006346,2026-04-11,tiktok,18-24,Other,0,1,0,0,0
u_006347,2026-04-23,organic,45+,Australia,1,1,1,1,0
u_006348,2026-04-18,search,18-24,US,1,0,1,1,0
u_006349,2026-04-13,organic,18-24,US,0,1,0,0,0
u_006350,2026-04-10,tiktok,45+,US,1,1,1,0,0
u_006351,2026-04-24,tiktok,25-34,US,1,0,0,0,0
u_006352,2026-04-11,search,18-24,US,1,1,0,1,0
u_006353,2026-04-14,referral,25-34,US,1,0,1,1,0
u_006354,2026-04-26,search,25-34,Canada,0,1,1,0,0
u_006355,2026-04-07,search,25-34,Other,1,0,1,1,0
u_006356,2026-04-08,creator,18-24,UK,1,0,1,0,0
u_006357,2026-04-29,instagram,25-34,US,0,1,0,0,0
u_006358,2026-04-06,referral,18-24,US,1,1,0,1,0
u_006359,2026-04-10,referral,35-44,US,1,1,1,0,0
u_006360,2026-04-14,creator,18-24,US,0,1,0,0,0
u_006361,2026-04-05,referral,18-24,US,1,0,1,1,0
u_006362,2026-04-10,referral,18-24,Canada,1,0,1,1,1
u_006363,2026-04-10,organic,18-24,US,0,1,0,0,0
u_006364,2026-04-19,organic,25-34,US,0,1,0,0,0
u_006365,2026-04-30,search,18-24,US,1,1,0,0,0
u_006366,2026-04-10,instagram,25-34,US,0,1,0,1,0
u_006367,2026-04-11,referral,18-24,US,1,1,1,0,0
u_006368,2026-04-20,referral,25-34,US,1,1,1,0,0
u_006369,2026-04-03,creator,18-24,US,1,1,1,0,0
u_006370,2026-04-13,tiktok,25-34,US,1,1,0,0,0
u_006371,2026-04-07,tiktok,25-34,US,1,1,0,1,0
u_006372,2026-04-12,creator,18-24,US,1,0,1,0,1
u_006373,2026-04-13,search,18-24,US,1,0,1,1,1
u_006374,2026-04-20,creator,18-24,UK,0,1,0,0,0
u_006375,2026-04-28,organic,25-34,US,1,1,0,0,0
u_006376,2026-04-15,instagram,18-24,US,0,1,1,1,0
u_006377,2026-04-29,organic,18-24,US,1,0,0,1,0
u_006378,2026-04-12,instagram,18-24,US,0,1,0,0,0
u_006379,2026-04-12,instagram,25-34,US,0,1,0,0,0
u_006380,2026-04-30,creator,35-44,US,1,0,0,0,0
u_006381,2026-05-01,organic,25-34,Australia,1,1,0,1,1
u_006382,2026-04-11,referral,35-44,US,1,1,0,0,0
u_006383,2026-04-26,organic,18-24,US,1,0,1,0,0
u_006384,2026-04-29,campus,18-24,US,1,0,0,0,0
u_006385,2026-04-27,creator,18-24,US,1,0,1,1,0
u_006386,2026-04-07,search,18-24,US,1,1,0,1,0
u_006387,2026-04-23,instagram,18-24,US,0,1,1,0,0
u_006388,2026-04-19,referral,25-34,US,1,0,1,1,0
u_006389,2026-04-26,instagram,35-44,US,0,1,0,0,0
u_006390,2026-04-14,organic,18-24,US,1,0,0,1,0
u_006391,2026-04-08,tiktok,25-34,Canada,1,1,1,1,0
u_006392,2026-04-06,organic,18-24,US,0,1,1,0,0
u_006393,2026-04-19,organic,25-34,US,0,1,1,0,0
u_006394,2026-04-16,search,25-34,Other,1,0,1,0,0
u_006395,2026-04-22,search,45+,US,1,1,1,0,0
u_006396,2026-04-07,creator,45+,US,0,1,0,0,0
u_006397,2026-04-16,tiktok,18-24,US,1,1,0,0,0
u_006398,2026-04-10,organic,18-24,US,1,1,0,0,0
u_006399,2026-04-22,tiktok,45+,US,1,0,1,0,0
u_006400,2026-04-12,tiktok,18-24,US,1,1,1,1,0
u_006401,2026-04-08,organic,18-24,US,1,0,0,1,0
u_006402,2026-05-01,organic,18-24,Other,1,0,1,1,0
u_006403,2026-04-25,instagram,18-24,US,1,0,0,1,1
u_006404,2026-04-30,instagram,18-24,US,1,1,1,0,0
u_006405,2026-04-27,tiktok,35-44,US,1,1,0,0,0
u_006406,2026-04-15,search,18-24,UK,1,1,1,1,0
u_006407,2026-04-08,search,18-24,US,0,1,1,0,0
u_006408,2026-04-13,tiktok,18-24,US,1,0,1,1,0
u_006409,2026-04-17,tiktok,25-34,US,1,0,0,0,0
u_006410,2026-04-28,referral,25-34,UK,1,1,1,0,0
u_006411,2026-04-22,creator,25-34,US,0,1,1,0,0
u_006412,2026-04-06,search,25-34,US,0,1,1,1,0
u_006413,2026-04-22,tiktok,25-34,US,0,1,1,0,0
u_006414,2026-04-03,organic,35-44,US,0,1,1,1,0
u_006415,2026-04-21,organic,18-24,US,0,1,0,0,0
u_006416,2026-04-03,instagram,18-24,US,1,0,1,1,0
u_006417,2026-04-12,campus,35-44,US,0,1,0,0,0
u_006418,2026-04-04,organic,35-44,US,1,0,1,0,0
u_006419,2026-04-09,instagram,35-44,US,0,1,1,0,0
u_006420,2026-04-25,organic,45+,US,0,1,1,0,0
u_006421,2026-04-20,campus,45+,UK,1,1,1,1,0
u_006422,2026-04-16,organic,18-24,US,0,1,1,0,0
u_006423,2026-04-10,instagram,25-34,US,1,0,0,1,0
u_006424,2026-04-07,referral,18-24,Other,1,0,0,1,0
u_006425,2026-04-07,campus,18-24,US,0,1,1,1,0
u_006426,2026-04-07,organic,18-24,Other,1,0,1,0,0
u_006427,2026-04-17,tiktok,25-34,US,1,0,0,0,0
u_006428,2026-04-05,tiktok,18-24,Canada,0,1,0,0,0
u_006429,2026-04-19,tiktok,18-24,US,1,0,0,1,1
u_006430,2026-04-17,tiktok,25-34,Canada,0,1,0,0,0
u_006431,2026-04-25,creator,35-44,UK,0,1,0,1,0
u_006432,2026-04-22,instagram,35-44,US,0,1,0,0,0
u_006433,2026-04-27,tiktok,18-24,US,0,1,1,1,0
u_006434,2026-04-30,referral,35-44,US,0,1,0,1,0
u_006435,2026-04-13,referral,35-44,US,1,0,1,0,0
u_006436,2026-04-15,instagram,18-24,Australia,0,1,1,1,0
u_006437,2026-04-22,referral,18-24,US,0,1,0,0,0
u_006438,2026-04-29,creator,18-24,US,1,0,1,0,0
u_006439,2026-04-14,tiktok,35-44,US,1,1,1,1,0
u_006440,2026-04-14,creator,25-34,US,1,0,1,0,0
u_006441,2026-04-29,organic,35-44,US,0,1,0,0,0
u_006442,2026-04-20,campus,25-34,Australia,0,1,0,0,0
u_006443,2026-04-03,referral,35-44,UK,1,0,0,0,0
u_006444,2026-04-11,search,18-24,UK,1,0,0,0,0
u_006445,2026-04-21,organic,25-34,US,1,0,1,1,0
u_006446,2026-05-01,search,25-34,US,1,0,0,0,0
u_006447,2026-04-06,tiktok,18-24,Australia,1,0,1,0,0
u_006448,2026-04-17,tiktok,18-24,US,1,0,0,0,0
u_006449,2026-04-16,instagram,25-34,Other,1,0,0,0,0
u_006450,2026-04-28,tiktok,35-44,Canada,1,0,0,0,0
u_006451,2026-04-18,campus,25-34,US,1,1,0,1,0
u_006452,2026-04-07,tiktok,18-24,Canada,1,1,1,1,0
u_006453,2026-04-18,instagram,25-34,Canada,1,1,1,0,1
u_006454,2026-04-08,creator,18-24,Other,0,1,0,0,0
u_006455,2026-04-13,organic,18-24,UK,1,0,0,1,0
u_006456,2026-04-06,organic,45+,US,0,1,1,0,0
u_006457,2026-04-09,campus,25-34,US,1,1,1,1,0
u_006458,2026-04-14,instagram,35-44,US,0,1,1,1,1
u_006459,2026-04-09,instagram,35-44,US,0,1,0,0,0
u_006460,2026-04-24,search,18-24,US,0,1,1,0,0
u_006461,2026-04-04,referral,18-24,US,1,1,1,1,1
u_006462,2026-04-24,tiktok,18-24,Australia,0,1,0,0,0
u_006463,2026-04-23,campus,18-24,Canada,0,1,1,1,0
u_006464,2026-04-12,referral,35-44,US,0,1,0,0,0
u_006465,2026-04-20,organic,18-24,US,1,1,1,1,0
u_006466,2026-04-05,tiktok,18-24,US,1,1,1,1,1
u_006467,2026-04-18,search,35-44,US,1,0,0,1,0
u_006468,2026-04-19,creator,18-24,US,0,1,0,0,0
u_006469,2026-04-21,search,18-24,UK,1,1,1,1,0
u_006470,2026-04-24,organic,25-34,US,0,1,0,1,0
u_006471,2026-04-06,creator,45+,US,1,0,1,1,0
u_006472,2026-04-25,search,18-24,Other,1,1,1,1,1
u_006473,2026-04-21,instagram,18-24,UK,1,0,1,1,0
u_006474,2026-04-22,creator,18-24,US,1,1,1,0,0
u_006475,2026-04-30,organic,25-34,US,1,0,0,0,0
u_006476,2026-04-26,creator,25-34,Canada,1,1,1,0,0
u_006477,2026-04-04,instagram,25-34,US,0,1,1,1,0
u_006478,2026-04-17,creator,18-24,US,0,1,0,0,0
u_006479,2026-04-28,organic,18-24,US,1,0,1,0,0
u_006480,2026-04-27,campus,18-24,US,1,1,1,0,0
u_006481,2026-04-20,organic,25-34,US,0,1,0,0,0
u_006482,2026-04-22,organic,25-34,US,0,1,0,0,0
u_006483,2026-04-20,tiktok,35-44,US,1,1,1,1,1
u_006484,2026-04-02,organic,18-24,US,1,0,0,1,0
u_006485,2026-04-12,search,45+,UK,1,1,1,1,0
u_006486,2026-04-14,creator,35-44,US,0,1,0,0,0
u_006487,2026-04-11,tiktok,25-34,US,0,1,0,1,1
u_006488,2026-04-02,search,35-44,US,1,1,0,1,0
u_006489,2026-04-30,search,18-24,US,1,1,1,1,0
u_006490,2026-04-03,referral,35-44,US,0,1,1,1,0
u_006491,2026-04-01,organic,25-34,US,1,0,1,0,1
u_006492,2026-04-15,tiktok,45+,US,1,1,0,1,0
u_006493,2026-04-11,referral,18-24,US,0,1,1,1,0
u_006494,2026-04-15,tiktok,45+,US,1,1,0,1,0
u_006495,2026-04-30,creator,18-24,Australia,0,1,0,0,0
u_006496,2026-05-01,creator,45+,Other,1,0,0,1,0
u_006497,2026-04-25,search,25-34,Other,1,0,1,1,1
u_006498,2026-04-24,search,25-34,US,0,1,0,0,0
u_006499,2026-04-29,referral,18-24,US,0,1,1,0,0
u_006500,2026-04-26,organic,45+,US,1,0,1,1,1
u_006501,2026-04-24,creator,18-24,US,1,0,0,0,0
u_006502,2026-04-16,search,25-34,UK,1,1,0,1,0
u_006503,2026-04-05,instagram,18-24,US,0,1,1,0,0
u_006504,2026-04-23,search,18-24,Other,0,1,1,0,0
u_006505,2026-04-16,search,18-24,US,0,1,1,1,0
u_006506,2026-04-13,tiktok,35-44,US,1,1,0,1,0
u_006507,2026-04-27,creator,18-24,UK,0,1,0,0,0
u_006508,2026-04-09,creator,25-34,US,1,0,0,0,0
u_006509,2026-04-06,instagram,25-34,US,1,0,1,1,0
u_006510,2026-04-07,search,18-24,US,1,1,1,1,1
u_006511,2026-04-04,referral,18-24,US,0,1,0,0,0
u_006512,2026-04-29,tiktok,18-24,US,1,0,1,1,0
u_006513,2026-04-26,tiktok,18-24,US,1,1,0,1,0
u_006514,2026-04-25,organic,18-24,US,0,1,1,1,1
u_006515,2026-04-21,tiktok,25-34,US,1,1,0,0,0
u_006516,2026-04-12,organic,25-34,Other,1,0,0,0,0
u_006517,2026-04-15,tiktok,25-34,US,1,0,1,1,0
u_006518,2026-04-07,tiktok,25-34,US,1,0,0,0,0
u_006519,2026-04-18,tiktok,18-24,US,1,1,0,0,0
u_006520,2026-04-10,referral,18-24,US,1,1,0,1,0
u_006521,2026-04-28,instagram,18-24,Canada,1,0,0,1,0
u_006522,2026-04-15,search,25-34,US,1,0,0,1,0
u_006523,2026-04-08,creator,18-24,US,0,1,0,0,0
u_006524,2026-04-09,tiktok,25-34,Other,1,1,0,0,0
u_006525,2026-04-05,tiktok,25-34,US,0,1,0,0,0
u_006526,2026-04-12,instagram,45+,US,1,1,0,0,0
u_006527,2026-04-10,organic,18-24,US,1,1,1,1,0
u_006528,2026-04-22,creator,25-34,US,1,1,1,1,0
u_006529,2026-04-15,organic,18-24,US,0,1,1,0,0
u_006530,2026-04-19,search,18-24,US,0,1,0,0,0
u_006531,2026-04-12,instagram,18-24,Canada,1,1,0,0,0
u_006532,2026-04-28,instagram,18-24,US,0,1,1,0,0
u_006533,2026-04-08,organic,25-34,US,0,1,0,0,0
u_006534,2026-04-25,campus,18-24,US,0,1,0,0,0
u_006535,2026-04-08,creator,25-34,US,0,1,0,1,0
u_006536,2026-04-11,tiktok,18-24,US,0,1,0,0,0
u_006537,2026-04-23,organic,18-24,US,1,0,1,1,0
u_006538,2026-04-12,campus,25-34,US,1,0,1,1,0
u_006539,2026-04-20,referral,18-24,US,1,1,1,0,0
u_006540,2026-04-05,organic,25-34,US,1,0,1,1,0
u_006541,2026-04-13,organic,18-24,Other,1,0,0,0,0
u_006542,2026-04-10,campus,25-34,Other,0,1,0,0,1
u_006543,2026-04-27,tiktok,35-44,Australia,0,1,1,1,0
u_006544,2026-04-08,tiktok,35-44,Other,1,0,0,1,0
u_006545,2026-04-09,organic,25-34,US,0,1,0,0,0
u_006546,2026-04-07,referral,18-24,US,1,0,1,1,1
u_006547,2026-04-27,search,18-24,US,1,1,0,0,0
u_006548,2026-04-08,referral,18-24,US,1,0,1,1,0
u_006549,2026-04-05,instagram,25-34,US,1,1,0,0,0
u_006550,2026-04-07,referral,45+,US,1,1,0,1,0
u_006551,2026-04-12,organic,18-24,US,1,0,0,1,1
u_006552,2026-04-19,tiktok,18-24,US,0,1,1,0,0
u_006553,2026-04-26,tiktok,18-24,US,1,0,0,1,0
u_006554,2026-04-01,campus,18-24,US,0,1,1,0,0
u_006555,2026-04-22,tiktok,35-44,US,1,1,1,1,0
u_006556,2026-04-12,search,18-24,US,1,0,1,0,1
u_006557,2026-04-13,organic,18-24,US,0,1,0,0,0
u_006558,2026-04-19,organic,18-24,US,1,1,1,0,0
u_006559,2026-04-25,instagram,18-24,US,0,1,1,1,0
u_006560,2026-04-27,creator,18-24,Other,0,1,1,1,0
u_006561,2026-04-10,organic,35-44,US,0,1,0,0,0
u_006562,2026-04-14,organic,18-24,US,1,0,0,1,0
u_006563,2026-04-30,campus,35-44,US,1,0,1,1,0
u_006564,2026-04-21,search,18-24,US,1,1,0,0,0
u_006565,2026-04-19,tiktok,18-24,US,1,0,0,0,0
u_006566,2026-04-22,tiktok,25-34,Other,1,1,1,1,0
u_006567,2026-04-02,creator,18-24,US,0,1,0,1,1
u_006568,2026-04-01,organic,25-34,US,1,1,0,0,0
u_006569,2026-04-05,creator,25-34,UK,0,1,1,0,0
u_006570,2026-04-09,tiktok,45+,US,0,1,0,1,0
u_006571,2026-04-23,referral,18-24,US,0,1,1,1,0
u_006572,2026-04-16,campus,18-24,Canada,0,1,0,0,0
u_006573,2026-04-06,organic,18-24,US,0,1,0,0,0
u_006574,2026-04-15,referral,18-24,Canada,0,1,0,0,0
u_006575,2026-04-06,referral,18-24,US,0,1,0,0,0
u_006576,2026-04-18,organic,18-24,US,1,0,0,0,0
u_006577,2026-04-06,referral,35-44,US,1,1,1,1,1
u_006578,2026-04-13,organic,18-24,Other,1,0,1,0,0
u_006579,2026-05-01,organic,18-24,Other,1,0,1,1,0
u_006580,2026-04-11,creator,18-24,Canada,1,0,0,1,0
u_006581,2026-04-21,instagram,18-24,UK,1,0,1,1,0
u_006582,2026-04-01,tiktok,18-24,US,0,1,0,1,0
u_006583,2026-04-06,tiktok,18-24,UK,0,1,1,0,0
u_006584,2026-04-09,organic,18-24,US,1,1,1,1,1
u_006585,2026-04-02,organic,18-24,US,0,1,0,0,0
u_006586,2026-04-08,campus,18-24,Other,1,1,0,1,1
u_006587,2026-04-11,organic,25-34,Australia,0,1,0,0,0
u_006588,2026-04-22,tiktok,25-34,US,1,1,0,1,0
u_006589,2026-04-15,instagram,35-44,US,1,0,1,1,1
u_006590,2026-04-01,tiktok,25-34,US,1,0,1,1,0
u_006591,2026-04-06,tiktok,35-44,US,1,1,1,0,0
u_006592,2026-04-29,organic,18-24,US,1,0,0,0,0
u_006593,2026-04-16,creator,18-24,US,1,0,1,1,0
u_006594,2026-04-07,tiktok,35-44,US,1,0,0,0,0
u_006595,2026-04-16,organic,18-24,UK,0,1,0,0,0
u_006596,2026-04-29,instagram,18-24,US,1,0,0,0,0
u_006597,2026-04-06,instagram,45+,UK,1,0,0,0,0
u_006598,2026-04-13,campus,35-44,US,0,1,1,0,0
u_006599,2026-04-28,referral,25-34,Other,0,1,0,1,0
u_006600,2026-04-27,referral,25-34,Canada,1,1,1,1,0
u_006601,2026-04-02,tiktok,25-34,US,1,1,0,1,0
u_006602,2026-04-07,creator,18-24,US,1,1,1,0,0
u_006603,2026-04-26,referral,18-24,US,0,1,0,0,1
u_006604,2026-04-16,search,35-44,Canada,1,1,0,1,0
u_006605,2026-04-29,referral,18-24,US,0,1,0,0,0
u_006606,2026-04-26,organic,18-24,US,0,1,1,0,0
u_006607,2026-04-30,referral,25-34,US,0,1,0,1,0
u_006608,2026-04-24,instagram,18-24,US,0,1,0,0,0
u_006609,2026-04-13,organic,18-24,Canada,1,1,1,0,0
u_006610,2026-04-22,referral,18-24,US,1,0,0,0,0
u_006611,2026-04-22,tiktok,25-34,US,1,0,1,0,0
u_006612,2026-04-20,campus,18-24,US,0,1,0,0,0
u_006613,2026-04-13,tiktok,18-24,US,0,1,1,0,0
u_006614,2026-04-19,tiktok,18-24,UK,1,0,1,1,1
u_006615,2026-04-07,search,18-24,US,0,1,1,0,0
u_006616,2026-04-17,creator,25-34,US,0,1,1,0,0
u_006617,2026-04-11,search,18-24,US,1,0,0,1,0
u_006618,2026-04-04,referral,18-24,Canada,0,1,1,0,1
u_006619,2026-04-11,referral,25-34,US,0,1,0,1,0
u_006620,2026-04-03,referral,45+,Canada,0,1,0,0,0
u_006621,2026-04-08,search,18-24,US,1,0,1,0,0
u_006622,2026-04-29,campus,18-24,US,1,1,1,1,0
u_006623,2026-04-05,search,18-24,US,0,1,1,1,0
u_006624,2026-04-28,tiktok,25-34,US,0,1,0,0,0
u_006625,2026-04-06,referral,18-24,UK,1,0,0,1,0
u_006626,2026-04-25,referral,35-44,UK,1,1,1,1,1
u_006627,2026-04-23,creator,18-24,US,0,1,0,0,0
u_006628,2026-04-23,tiktok,35-44,US,1,0,0,0,0
u_006629,2026-04-26,referral,45+,US,1,0,1,1,0
u_006630,2026-04-23,organic,18-24,US,1,1,0,0,0
u_006631,2026-04-23,instagram,18-24,US,1,1,0,0,0
u_006632,2026-04-27,search,18-24,Canada,1,0,0,0,0
u_006633,2026-04-22,organic,18-24,US,0,1,1,0,0
u_006634,2026-04-01,instagram,25-34,US,1,0,1,0,0
u_006635,2026-04-20,campus,18-24,US,0,1,1,0,0
u_006636,2026-04-24,referral,35-44,Other,0,1,0,0,0
u_006637,2026-04-07,organic,18-24,US,1,0,1,0,0
u_006638,2026-04-19,tiktok,18-24,Australia,1,0,1,0,0
u_006639,2026-04-18,referral,25-34,US,0,1,1,1,0
u_006640,2026-04-16,instagram,18-24,Other,1,0,1,1,0
u_006641,2026-05-01,instagram,18-24,Other,0,1,0,0,0
u_006642,2026-04-30,referral,18-24,Canada,0,1,0,0,0
u_006643,2026-04-09,instagram,18-24,UK,1,0,0,1,0
u_006644,2026-04-28,instagram,18-24,Other,1,1,0,1,0
u_006645,2026-04-20,creator,18-24,Canada,1,0,1,1,0
u_006646,2026-04-28,tiktok,25-34,Australia,0,1,0,0,0
u_006647,2026-04-26,search,18-24,UK,0,1,0,0,0
u_006648,2026-04-01,creator,25-34,US,1,1,0,0,0
u_006649,2026-04-17,instagram,18-24,US,1,1,0,0,0
u_006650,2026-04-11,instagram,18-24,Other,1,0,1,0,0
u_006651,2026-04-11,search,18-24,Canada,1,0,0,1,0
u_006652,2026-04-23,organic,25-34,US,1,1,0,1,0
u_006653,2026-04-15,creator,18-24,Other,1,0,1,0,0
u_006654,2026-04-15,campus,18-24,Other,0,1,1,0,0
u_006655,2026-04-01,campus,18-24,US,1,0,0,0,0
u_006656,2026-04-12,creator,25-34,US,1,1,1,1,0
u_006657,2026-04-04,referral,18-24,US,1,0,1,1,0
u_006658,2026-04-14,instagram,18-24,US,1,0,1,1,0
u_006659,2026-04-14,referral,25-34,US,1,1,0,0,0
u_006660,2026-04-06,campus,18-24,US,1,0,0,0,0
u_006661,2026-04-03,referral,45+,US,1,1,1,0,0
u_006662,2026-04-29,creator,18-24,US,0,1,0,1,0
u_006663,2026-04-05,organic,18-24,US,1,0,1,1,0
u_006664,2026-04-10,instagram,25-34,UK,1,1,0,0,0
u_006665,2026-04-02,tiktok,25-34,US,1,1,1,0,0
u_006666,2026-04-01,tiktok,18-24,US,1,0,0,0,0
u_006667,2026-04-08,organic,25-34,Canada,1,1,1,1,0
u_006668,2026-04-07,organic,35-44,US,1,0,1,1,0
u_006669,2026-04-17,campus,35-44,Other,0,1,1,0,0
u_006670,2026-04-16,tiktok,25-34,US,1,1,1,0,0
u_006671,2026-04-19,organic,25-34,US,1,1,1,1,1
u_006672,2026-04-05,referral,25-34,US,0,1,0,0,0
u_006673,2026-04-18,organic,25-34,US,1,0,0,0,0
u_006674,2026-04-01,referral,18-24,US,1,0,0,1,0
u_006675,2026-04-14,search,25-34,US,0,1,0,1,0
u_006676,2026-04-25,referral,25-34,US,0,1,0,0,0
u_006677,2026-04-03,tiktok,18-24,US,1,1,1,0,1
u_006678,2026-04-12,search,45+,US,1,1,1,0,0
u_006679,2026-04-05,referral,18-24,US,1,1,1,0,0
u_006680,2026-04-04,referral,25-34,US,1,0,1,1,0
u_006681,2026-04-25,campus,25-34,US,1,1,1,1,0
u_006682,2026-04-09,organic,18-24,US,0,1,0,0,0
u_006683,2026-04-28,organic,18-24,US,1,0,1,1,0
u_006684,2026-04-09,tiktok,18-24,US,0,1,1,0,0
u_006685,2026-04-02,referral,18-24,US,0,1,0,0,0
u_006686,2026-04-23,organic,18-24,US,1,1,0,0,0
u_006687,2026-04-19,referral,18-24,US,1,0,0,0,0
u_006688,2026-04-11,referral,18-24,US,0,1,1,0,0
u_006689,2026-04-16,organic,18-24,Australia,1,0,0,1,0
u_006690,2026-04-03,search,18-24,US,1,1,1,1,0
u_006691,2026-04-09,tiktok,18-24,US,0,1,0,0,0
u_006692,2026-04-17,organic,18-24,US,1,0,1,0,0
u_006693,2026-04-10,tiktok,25-34,US,1,0,0,0,0
u_006694,2026-04-03,organic,25-34,UK,1,0,1,0,0
u_006695,2026-04-07,tiktok,18-24,US,1,0,1,1,0
u_006696,2026-04-21,tiktok,18-24,Other,0,1,0,0,0
u_006697,2026-04-20,tiktok,18-24,Australia,1,0,1,1,0
u_006698,2026-04-04,tiktok,18-24,US,1,1,0,0,0
u_006699,2026-04-27,tiktok,35-44,Canada,1,0,0,0,0
u_006700,2026-04-08,organic,18-24,US,1,1,1,1,0
u_006701,2026-04-04,search,18-24,Other,1,0,1,1,0
u_006702,2026-04-27,creator,18-24,UK,1,0,0,1,0
u_006703,2026-04-23,organic,25-34,US,0,1,0,0,0
u_006704,2026-04-03,organic,18-24,UK,1,1,1,1,0
u_006705,2026-04-06,instagram,18-24,US,1,1,1,0,0
u_006706,2026-04-05,tiktok,25-34,US,0,1,1,0,0
u_006707,2026-04-27,campus,35-44,US,0,1,1,0,0
u_006708,2026-04-12,tiktok,18-24,US,0,1,1,1,1
u_006709,2026-04-24,creator,18-24,Other,1,1,0,0,0
u_006710,2026-04-04,tiktok,25-34,UK,0,1,0,0,0
u_006711,2026-04-12,tiktok,18-24,Australia,1,0,1,1,0
u_006712,2026-05-01,referral,18-24,US,1,0,1,0,0
u_006713,2026-04-09,instagram,18-24,Other,1,1,1,0,0
u_006714,2026-04-29,tiktok,25-34,US,1,1,0,1,0
u_006715,2026-04-23,organic,35-44,US,1,1,1,0,0
u_006716,2026-04-19,search,25-34,US,1,0,1,1,0
u_006717,2026-04-16,creator,35-44,US,1,1,1,1,0
u_006718,2026-04-14,instagram,18-24,US,0,1,0,0,0
u_006719,2026-05-01,campus,18-24,US,0,1,0,0,0
u_006720,2026-04-16,search,18-24,US,1,0,0,0,0
u_006721,2026-04-13,referral,18-24,US,1,0,1,1,0
u_006722,2026-04-02,tiktok,18-24,US,1,0,0,0,0
u_006723,2026-04-29,campus,18-24,US,0,1,1,0,0
u_006724,2026-04-19,creator,18-24,US,1,0,0,0,0
u_006725,2026-04-30,referral,18-24,US,0,1,1,0,0
u_006726,2026-04-25,instagram,18-24,US,0,1,1,1,0
u_006727,2026-04-18,tiktok,35-44,UK,1,0,1,0,1
u_006728,2026-04-06,tiktok,25-34,Australia,0,1,0,0,0
u_006729,2026-04-19,referral,18-24,US,1,1,1,0,0
u_006730,2026-04-17,organic,18-24,Canada,1,0,0,1,0
u_006731,2026-04-14,tiktok,18-24,Canada,1,1,0,1,0
u_006732,2026-04-13,tiktok,25-34,US,0,1,1,0,0
u_006733,2026-04-15,campus,25-34,US,0,1,0,0,0
u_006734,2026-04-21,organic,18-24,US,0,1,1,0,0
u_006735,2026-04-23,instagram,18-24,US,0,1,1,1,0
u_006736,2026-04-08,instagram,25-34,US,0,1,1,0,0
u_006737,2026-04-19,search,18-24,US,0,1,1,0,0
u_006738,2026-04-06,organic,18-24,US,0,1,0,0,0
u_006739,2026-04-04,search,35-44,US,1,1,0,0,0
u_006740,2026-04-03,search,18-24,US,1,1,0,1,0
u_006741,2026-05-01,instagram,18-24,US,0,1,0,0,0
u_006742,2026-04-25,instagram,18-24,Australia,1,0,0,0,0
u_006743,2026-04-07,referral,25-34,Australia,0,1,0,1,0
u_006744,2026-04-17,search,25-34,US,1,1,1,1,1
u_006745,2026-04-06,tiktok,25-34,US,1,0,0,0,0
u_006746,2026-04-20,instagram,18-24,US,0,1,1,0,0
u_006747,2026-04-11,organic,18-24,US,0,1,1,0,0
u_006748,2026-05-01,referral,18-24,US,1,1,1,1,0
u_006749,2026-04-11,organic,25-34,US,1,0,0,1,0
u_006750,2026-04-29,search,35-44,Canada,1,1,0,1,0
u_006751,2026-05-01,creator,18-24,US,0,1,0,1,0
u_006752,2026-04-11,referral,18-24,Australia,1,0,0,0,0
u_006753,2026-04-11,organic,35-44,Canada,1,0,1,1,0
u_006754,2026-04-17,tiktok,18-24,US,1,0,0,1,0
u_006755,2026-04-04,referral,25-34,US,1,0,0,0,0
u_006756,2026-04-25,tiktok,45+,Australia,1,0,0,1,0
u_006757,2026-04-20,referral,18-24,US,1,1,0,1,0
u_006758,2026-04-26,tiktok,25-34,US,1,1,0,0,0
u_006759,2026-04-19,organic,18-24,US,0,1,1,0,0
u_006760,2026-04-22,tiktok,35-44,Other,0,1,1,1,0
u_006761,2026-04-18,search,18-24,Australia,1,1,0,0,1
u_006762,2026-04-09,creator,45+,US,1,0,1,0,0
u_006763,2026-04-22,tiktok,45+,US,0,1,0,0,0
u_006764,2026-04-26,creator,18-24,US,1,0,1,1,0
u_006765,2026-04-17,referral,18-24,US,1,1,0,1,1
u_006766,2026-05-01,tiktok,25-34,US,0,1,0,0,0
u_006767,2026-04-23,search,18-24,US,0,1,1,1,0
u_006768,2026-04-23,instagram,35-44,Canada,0,1,1,0,1
u_006769,2026-04-28,organic,18-24,US,1,1,1,1,1
u_006770,2026-04-19,organic,18-24,US,1,1,1,0,0
u_006771,2026-04-23,organic,18-24,US,0,1,0,0,1
u_006772,2026-04-02,organic,35-44,Other,1,1,0,0,0
u_006773,2026-04-07,campus,25-34,US,0,1,0,0,0
u_006774,2026-04-17,tiktok,18-24,Canada,1,0,0,0,0
u_006775,2026-04-18,tiktok,25-34,US,1,0,1,0,0
u_006776,2026-04-14,campus,35-44,UK,1,1,1,0,0
u_006777,2026-04-12,organic,25-34,UK,1,0,1,1,0
u_006778,2026-04-27,instagram,18-24,US,1,1,0,0,0
u_006779,2026-04-02,organic,18-24,US,0,1,1,0,0
u_006780,2026-04-10,instagram,18-24,US,1,0,1,1,0
u_006781,2026-04-03,tiktok,25-34,US,1,1,0,1,0
u_006782,2026-04-16,organic,35-44,Other,0,1,1,0,0
u_006783,2026-04-01,search,18-24,US,1,1,1,1,0
u_006784,2026-04-22,campus,25-34,US,1,0,1,0,0
u_006785,2026-04-24,tiktok,18-24,US,0,1,1,0,0
u_006786,2026-04-04,search,35-44,US,0,1,1,0,0
u_006787,2026-04-26,instagram,18-24,US,1,0,0,0,0
u_006788,2026-04-09,organic,18-24,US,0,1,1,0,0
u_006789,2026-04-12,search,18-24,Canada,1,0,0,0,0
u_006790,2026-04-18,organic,18-24,US,1,1,0,0,0
u_006791,2026-04-01,instagram,18-24,US,0,1,0,1,0
u_006792,2026-04-28,organic,18-24,US,0,1,1,0,0
u_006793,2026-04-24,organic,25-34,Other,1,1,1,1,1
u_006794,2026-04-29,search,25-34,US,0,1,0,0,0
u_006795,2026-04-07,organic,18-24,US,1,0,1,1,0
u_006796,2026-04-04,campus,25-34,US,0,1,0,0,0
u_006797,2026-04-29,search,18-24,US,1,1,0,0,0
u_006798,2026-04-07,referral,35-44,US,1,0,1,1,0
u_006799,2026-04-15,organic,18-24,US,0,1,0,0,0
u_006800,2026-04-19,search,25-34,US,1,1,0,0,0
u_006801,2026-04-18,campus,18-24,US,1,1,1,0,0
u_006802,2026-04-04,creator,18-24,US,0,1,0,0,0
u_006803,2026-04-03,instagram,35-44,Australia,0,1,1,0,1
u_006804,2026-04-11,instagram,25-34,UK,1,1,1,1,0
u_006805,2026-04-04,referral,18-24,US,0,1,0,0,0
u_006806,2026-04-13,tiktok,25-34,US,0,1,1,0,0
u_006807,2026-04-29,organic,18-24,US,1,0,0,0,0
u_006808,2026-04-04,organic,18-24,US,0,1,0,0,1
u_006809,2026-04-28,referral,35-44,Australia,0,1,0,0,0
u_006810,2026-04-29,organic,18-24,US,1,0,0,1,0
u_006811,2026-04-11,organic,45+,Canada,0,1,1,0,0
u_006812,2026-05-01,instagram,18-24,Canada,1,1,1,1,0
u_006813,2026-04-13,search,18-24,Other,0,1,1,0,0
u_006814,2026-04-08,referral,18-24,US,1,0,0,0,0
u_006815,2026-04-21,instagram,25-34,US,1,1,1,1,0
u_006816,2026-04-29,organic,18-24,Canada,1,0,1,0,0
u_006817,2026-04-14,tiktok,35-44,US,0,1,0,0,0
u_006818,2026-04-14,search,25-34,US,0,1,1,0,0
u_006819,2026-04-16,search,18-24,UK,0,1,1,0,0
u_006820,2026-04-23,tiktok,35-44,US,1,1,1,1,0
u_006821,2026-04-16,organic,35-44,US,0,1,0,1,1
u_006822,2026-04-17,search,25-34,US,1,0,1,0,0
u_006823,2026-04-05,referral,18-24,Other,0,1,0,1,1
u_006824,2026-04-25,organic,18-24,US,1,0,1,1,0
u_006825,2026-04-14,campus,25-34,US,1,0,1,1,0
u_006826,2026-04-17,referral,18-24,US,1,1,0,0,1
u_006827,2026-04-11,creator,18-24,Other,1,1,0,1,0
u_006828,2026-04-28,organic,18-24,US,1,0,0,1,0
u_006829,2026-04-28,organic,18-24,Other,1,1,1,0,0
u_006830,2026-04-24,tiktok,18-24,US,0,1,1,0,0
u_006831,2026-05-01,instagram,45+,US,1,1,1,1,0
u_006832,2026-04-09,creator,18-24,US,0,1,0,0,0
u_006833,2026-04-13,tiktok,35-44,US,0,1,1,1,0
u_006834,2026-04-08,organic,18-24,US,1,0,1,1,1
u_006835,2026-04-16,referral,25-34,US,0,1,0,0,0
u_006836,2026-04-13,referral,18-24,UK,0,1,0,0,0
u_006837,2026-04-15,organic,25-34,Other,1,0,1,1,0
u_006838,2026-04-17,referral,18-24,Other,1,0,0,0,0
u_006839,2026-04-18,tiktok,18-24,Canada,1,1,1,0,1
u_006840,2026-05-01,search,18-24,US,1,0,1,1,0
u_006841,2026-04-29,tiktok,25-34,US,0,1,0,0,0
u_006842,2026-04-27,tiktok,18-24,US,1,1,1,1,0
u_006843,2026-04-03,search,25-34,US,1,1,1,1,0
u_006844,2026-04-15,organic,25-34,US,1,1,0,0,0
u_006845,2026-04-25,tiktok,18-24,US,0,1,0,0,0
u_006846,2026-04-04,referral,25-34,UK,1,1,0,0,0
u_006847,2026-04-18,organic,18-24,US,0,1,0,1,1
u_006848,2026-04-17,search,18-24,US,1,0,1,0,0
u_006849,2026-04-25,referral,25-34,US,0,1,1,0,0
u_006850,2026-04-14,instagram,18-24,Canada,1,0,1,1,0
u_006851,2026-05-01,creator,45+,US,0,1,1,1,0
u_006852,2026-04-03,organic,35-44,US,1,0,1,0,1
u_006853,2026-04-01,instagram,45+,US,0,1,0,0,0
u_006854,2026-04-25,creator,35-44,Australia,0,1,0,1,0
u_006855,2026-04-03,instagram,35-44,UK,1,1,1,1,0
u_006856,2026-04-11,instagram,25-34,US,0,1,0,0,0
u_006857,2026-04-01,organic,18-24,UK,0,1,1,1,0
u_006858,2026-04-12,referral,35-44,Australia,0,1,1,0,0
u_006859,2026-04-11,organic,25-34,UK,1,1,0,1,1
u_006860,2026-04-15,tiktok,18-24,Canada,0,1,0,0,0
u_006861,2026-04-21,search,25-34,US,1,1,1,0,0
u_006862,2026-04-21,organic,35-44,UK,1,0,1,1,0
u_006863,2026-04-14,tiktok,25-34,US,1,0,1,1,0
u_006864,2026-04-02,organic,18-24,US,0,1,0,1,0
u_006865,2026-04-11,creator,25-34,US,1,0,1,0,0
u_006866,2026-04-30,instagram,45+,Other,1,0,1,0,1
u_006867,2026-04-16,tiktok,18-24,UK,1,0,0,0,0
u_006868,2026-04-16,organic,25-34,Other,0,1,0,1,0
u_006869,2026-04-23,tiktok,25-34,US,0,1,0,1,0
u_006870,2026-04-21,campus,18-24,US,1,1,1,1,0
u_006871,2026-04-26,campus,25-34,US,0,1,1,0,0
u_006872,2026-04-13,tiktok,35-44,UK,1,1,1,1,0
u_006873,2026-04-20,instagram,18-24,US,1,1,1,0,0
u_006874,2026-04-03,creator,25-34,US,1,0,0,0,0
u_006875,2026-04-28,search,25-34,Canada,1,1,1,1,0
u_006876,2026-04-21,tiktok,25-34,Other,1,0,1,1,0
u_006877,2026-04-09,organic,18-24,US,1,0,0,0,0
u_006878,2026-04-05,campus,18-24,US,0,1,0,0,1
u_006879,2026-04-30,campus,18-24,UK,0,1,0,0,0
u_006880,2026-04-07,referral,25-34,US,1,0,1,0,0
u_006881,2026-04-27,organic,18-24,Other,1,0,0,1,0
u_006882,2026-04-01,campus,25-34,Australia,1,0,1,0,0
u_006883,2026-04-01,tiktok,18-24,UK,1,1,1,0,0
u_006884,2026-04-05,instagram,18-24,US,1,0,0,1,1
u_006885,2026-04-29,instagram,18-24,Australia,0,1,1,0,0
u_006886,2026-04-21,instagram,35-44,US,1,1,1,1,0
u_006887,2026-04-15,search,18-24,Australia,0,1,0,0,0
u_006888,2026-04-08,creator,18-24,Canada,0,1,0,0,0
u_006889,2026-04-28,search,45+,US,0,1,1,0,0
u_006890,2026-04-28,creator,25-34,US,0,1,1,0,0
u_006891,2026-04-18,organic,35-44,US,1,0,1,1,0
u_006892,2026-04-12,referral,25-34,US,0,1,0,0,0
u_006893,2026-04-11,creator,35-44,US,1,1,0,0,0
u_006894,2026-04-30,referral,18-24,Other,1,1,0,1,0
u_006895,2026-04-30,search,18-24,Other,0,1,0,1,0
u_006896,2026-04-18,instagram,45+,US,1,0,1,1,0
u_006897,2026-04-26,organic,18-24,US,1,1,0,0,0
u_006898,2026-04-22,instagram,18-24,US,0,1,0,0,0
u_006899,2026-04-13,organic,18-24,US,0,1,1,1,0
u_006900,2026-04-11,creator,18-24,US,1,0,0,1,0
u_006901,2026-04-24,referral,18-24,US,0,1,0,0,0
u_006902,2026-04-02,campus,18-24,Australia,1,0,0,0,0
u_006903,2026-04-27,referral,18-24,US,1,0,0,1,0
u_006904,2026-04-30,tiktok,35-44,Canada,1,0,0,1,1
u_006905,2026-04-08,instagram,18-24,US,1,1,1,1,1
u_006906,2026-04-03,referral,18-24,US,0,1,0,0,0
u_006907,2026-04-16,search,25-34,US,1,0,1,1,0
u_006908,2026-04-23,organic,18-24,US,1,1,0,1,0
u_006909,2026-04-15,referral,18-24,US,1,0,1,0,0
u_006910,2026-04-21,creator,18-24,US,1,0,0,1,0
u_006911,2026-04-20,referral,18-24,US,1,0,0,0,0
u_006912,2026-04-07,referral,25-34,US,1,0,1,1,0
u_006913,2026-04-28,organic,25-34,US,0,1,0,0,0
u_006914,2026-04-06,creator,18-24,US,1,0,0,0,0
u_006915,2026-04-13,tiktok,45+,US,1,0,0,1,0
u_006916,2026-04-17,tiktok,18-24,US,0,1,0,0,0
u_006917,2026-04-22,referral,18-24,US,1,1,1,1,1
u_006918,2026-04-03,campus,18-24,US,0,1,1,0,0
u_006919,2026-05-01,referral,25-34,US,1,0,0,0,0
u_006920,2026-04-20,organic,18-24,UK,1,0,0,0,0
u_006921,2026-04-21,instagram,18-24,Australia,0,1,0,1,0
u_006922,2026-04-29,instagram,25-34,US,0,1,0,0,0
u_006923,2026-04-20,organic,18-24,US,0,1,0,0,0
u_006924,2026-04-02,campus,25-34,US,1,0,1,1,0
u_006925,2026-04-26,organic,18-24,Canada,1,1,0,1,0
u_006926,2026-04-15,referral,18-24,Other,1,0,0,0,0
u_006927,2026-04-25,referral,18-24,US,1,1,1,1,0
u_006928,2026-05-01,organic,25-34,US,1,0,0,1,0
u_006929,2026-04-25,search,18-24,US,0,1,0,0,0
u_006930,2026-04-18,instagram,25-34,US,1,0,1,1,0
u_006931,2026-04-27,tiktok,25-34,US,1,0,1,0,0
u_006932,2026-04-15,referral,45+,Other,1,0,0,1,1
u_006933,2026-04-12,organic,18-24,US,1,0,1,1,0
u_006934,2026-04-22,tiktok,18-24,US,0,1,0,0,0
u_006935,2026-04-17,search,18-24,UK,0,1,1,0,0
u_006936,2026-04-18,organic,25-34,US,1,0,1,1,0
u_006937,2026-04-19,tiktok,25-34,US,1,0,0,0,0
u_006938,2026-05-01,search,35-44,Canada,1,1,0,0,0
u_006939,2026-04-01,campus,25-34,Canada,1,1,1,1,0
u_006940,2026-04-07,referral,25-34,UK,1,1,1,0,0
u_006941,2026-04-05,creator,25-34,US,0,1,1,1,1
u_006942,2026-04-18,organic,18-24,US,0,1,0,0,0
u_006943,2026-04-25,creator,18-24,US,0,1,1,0,0
u_006944,2026-04-24,referral,25-34,US,1,1,1,1,0
u_006945,2026-04-04,referral,25-34,US,0,1,1,0,0
u_006946,2026-04-30,creator,25-34,Other,0,1,0,0,0
u_006947,2026-04-24,instagram,45+,US,0,1,1,0,0
u_006948,2026-04-29,organic,25-34,US,1,0,1,1,0
u_006949,2026-04-22,organic,18-24,US,1,1,0,0,0
u_006950,2026-04-23,campus,18-24,UK,1,0,1,1,0
u_006951,2026-04-10,instagram,25-34,Australia,1,0,1,1,0
u_006952,2026-04-16,campus,25-34,US,0,1,0,0,0
u_006953,2026-04-07,creator,25-34,US,1,0,0,0,0
u_006954,2026-04-27,organic,18-24,US,0,1,1,1,1
u_006955,2026-04-07,tiktok,25-34,US,1,1,1,0,0
u_006956,2026-04-05,tiktok,25-34,US,0,1,0,1,0
u_006957,2026-04-07,organic,18-24,US,0,1,1,0,0
u_006958,2026-04-22,organic,18-24,Other,0,1,0,0,0
u_006959,2026-04-17,referral,18-24,US,1,0,1,1,0
u_006960,2026-04-06,organic,45+,US,1,0,0,0,0
u_006961,2026-05-01,search,18-24,US,0,1,1,0,0
u_006962,2026-04-29,organic,18-24,US,1,0,0,0,0
u_006963,2026-04-23,organic,35-44,US,0,1,0,1,0
u_006964,2026-04-15,search,18-24,US,1,0,1,1,0
u_006965,2026-04-20,creator,18-24,Australia,1,1,1,1,0
u_006966,2026-04-08,creator,35-44,Other,1,0,1,1,0
u_006967,2026-04-05,creator,35-44,US,1,1,0,1,0
u_006968,2026-04-20,creator,25-34,US,0,1,0,1,0
u_006969,2026-04-05,instagram,18-24,US,1,0,1,1,0
u_006970,2026-04-18,referral,35-44,US,0,1,0,0,0
u_006971,2026-04-22,search,25-34,Canada,1,1,1,0,0
u_006972,2026-04-30,referral,18-24,Australia,1,0,1,0,0
u_006973,2026-04-30,organic,25-34,US,1,1,1,1,0
u_006974,2026-04-06,organic,18-24,US,1,0,1,1,0
u_006975,2026-04-30,organic,18-24,US,1,0,1,0,0
u_006976,2026-04-02,organic,35-44,US,1,0,1,1,0
u_006977,2026-04-07,tiktok,18-24,US,0,1,1,0,0
u_006978,2026-04-03,organic,18-24,US,1,0,0,1,0
u_006979,2026-04-27,tiktok,25-34,US,1,1,0,0,0
u_006980,2026-04-29,organic,25-34,US,1,0,1,1,0
u_006981,2026-04-22,referral,18-24,Australia,0,1,1,0,0
u_006982,2026-04-20,tiktok,35-44,US,1,1,0,0,0
u_006983,2026-04-29,search,18-24,US,0,1,1,1,1
u_006984,2026-04-05,creator,18-24,US,1,1,1,1,0
u_006985,2026-04-04,instagram,18-24,US,0,1,0,0,0
u_006986,2026-04-07,organic,18-24,US,1,0,0,0,1
u_006987,2026-04-15,referral,18-24,Other,1,1,1,0,0
u_006988,2026-04-05,referral,25-34,US,1,1,0,0,0
u_006989,2026-04-10,organic,18-24,UK,1,0,0,0,0
u_006990,2026-04-11,search,18-24,US,0,1,0,0,0
u_006991,2026-04-13,organic,35-44,US,0,1,0,0,0
u_006992,2026-04-27,tiktok,18-24,Other,1,0,1,0,0
u_006993,2026-04-23,campus,25-34,US,1,0,1,1,0
u_006994,2026-04-22,referral,18-24,Australia,0,1,0,0,0
u_006995,2026-04-18,instagram,18-24,US,1,1,1,1,0
u_006996,2026-04-03,search,18-24,US,1,1,0,0,0
u_006997,2026-04-25,creator,18-24,UK,1,0,1,1,0
u_006998,2026-04-18,tiktok,18-24,US,1,1,0,1,0
u_006999,2026-04-01,campus,25-34,Australia,1,1,1,1,1
u_007000,2026-04-21,referral,35-44,Other,1,1,1,1,1
u_007001,2026-04-19,search,18-24,US,1,0,1,1,1
u_007002,2026-04-04,campus,18-24,US,1,0,1,0,0
u_007003,2026-04-20,tiktok,18-24,US,0,1,0,1,0
u_007004,2026-04-19,tiktok,18-24,US,0,1,0,0,0
u_007005,2026-04-28,search,18-24,US,1,0,0,0,0
u_007006,2026-04-24,organic,25-34,US,1,0,1,0,0
u_007007,2026-04-22,tiktok,18-24,US,1,1,1,1,1
u_007008,2026-04-12,tiktok,18-24,US,1,0,1,1,0
u_007009,2026-04-17,creator,35-44,UK,1,1,0,1,0
u_007010,2026-04-16,organic,35-44,US,0,1,0,0,0
u_007011,2026-04-17,referral,25-34,Other,1,1,1,1,0
u_007012,2026-04-12,campus,25-34,UK,1,0,1,0,0
u_007013,2026-04-01,instagram,18-24,US,1,0,1,1,0
u_007014,2026-04-12,organic,18-24,UK,0,1,0,1,0
u_007015,2026-04-08,search,45+,US,0,1,0,0,0
u_007016,2026-04-22,creator,18-24,US,0,1,1,0,0
u_007017,2026-04-22,organic,25-34,US,0,1,0,1,1
u_007018,2026-04-17,creator,18-24,US,1,1,1,1,0
u_007019,2026-04-28,organic,18-24,US,0,1,1,0,0
u_007020,2026-04-05,instagram,18-24,Australia,1,0,0,1,0
u_007021,2026-04-07,search,18-24,US,1,0,1,1,0
u_007022,2026-04-16,creator,18-24,US,1,0,1,1,1
u_007023,2026-04-05,tiktok,45+,Other,1,0,1,0,0
u_007024,2026-04-15,creator,18-24,US,1,0,1,1,0
u_007025,2026-04-09,organic,25-34,US,1,1,1,1,0
u_007026,2026-04-17,referral,18-24,US,1,1,1,1,1
u_007027,2026-04-22,creator,18-24,US,0,1,1,0,0
u_007028,2026-04-27,instagram,25-34,US,1,0,0,0,0
u_007029,2026-04-16,instagram,18-24,US,0,1,0,0,0
u_007030,2026-04-21,instagram,18-24,US,0,1,1,0,0
u_007031,2026-04-13,instagram,25-34,US,0,1,1,1,0
u_007032,2026-04-29,tiktok,45+,US,1,0,0,0,0
u_007033,2026-04-16,tiktok,45+,Canada,0,1,1,0,0
u_007034,2026-04-01,campus,18-24,US,0,1,0,0,0
u_007035,2026-04-14,tiktok,18-24,US,1,0,0,1,0
u_007036,2026-04-15,organic,18-24,US,1,1,0,1,0
u_007037,2026-04-03,referral,35-44,US,1,0,1,1,0
u_007038,2026-04-08,instagram,18-24,Other,0,1,0,1,0
u_007039,2026-04-10,organic,25-34,US,0,1,0,0,0
u_007040,2026-04-28,campus,18-24,US,1,0,1,0,0
u_007041,2026-04-04,organic,25-34,US,1,1,1,0,0
u_007042,2026-04-04,campus,25-34,Other,0,1,1,0,0
u_007043,2026-04-25,instagram,18-24,US,1,0,0,0,0
u_007044,2026-04-12,tiktok,35-44,Other,1,1,0,0,0
u_007045,2026-04-19,tiktok,18-24,US,1,0,0,0,0
u_007046,2026-04-28,instagram,25-34,US,1,0,1,0,0
u_007047,2026-05-01,instagram,18-24,US,0,1,1,0,0
u_007048,2026-04-05,referral,18-24,US,1,0,1,1,0
u_007049,2026-04-03,organic,25-34,US,1,0,0,1,1
u_007050,2026-04-20,instagram,18-24,Canada,1,1,0,1,0
u_007051,2026-04-01,tiktok,25-34,US,1,1,0,0,0
u_007052,2026-04-04,campus,18-24,Other,1,0,0,1,0
u_007053,2026-04-19,referral,25-34,US,0,1,0,0,1
u_007054,2026-04-04,organic,25-34,US,1,0,1,1,0
u_007055,2026-04-01,organic,35-44,US,1,1,0,0,0
u_007056,2026-04-26,referral,18-24,US,1,1,0,1,1
u_007057,2026-04-19,creator,18-24,US,0,1,1,0,0
u_007058,2026-04-03,referral,35-44,US,1,0,1,0,0
u_007059,2026-04-08,referral,18-24,US,1,0,1,1,0
u_007060,2026-04-01,instagram,25-34,Canada,0,1,0,0,0
u_007061,2026-04-07,tiktok,25-34,US,1,1,0,0,0
u_007062,2026-04-08,organic,45+,Other,1,0,0,0,0
u_007063,2026-04-17,organic,18-24,US,0,1,1,0,0
u_007064,2026-04-28,creator,18-24,US,1,0,0,1,0
u_007065,2026-04-19,campus,25-34,US,1,1,0,1,1
u_007066,2026-04-01,organic,18-24,US,1,1,0,0,0
u_007067,2026-04-19,tiktok,18-24,US,0,1,1,1,0
u_007068,2026-04-12,campus,25-34,US,1,1,0,0,0
u_007069,2026-04-14,tiktok,45+,US,1,0,0,0,0
u_007070,2026-04-06,organic,18-24,US,1,0,1,1,1
u_007071,2026-04-14,creator,18-24,UK,0,1,0,0,0
u_007072,2026-05-01,referral,25-34,Other,1,0,0,0,0
u_007073,2026-04-19,organic,35-44,US,1,1,0,1,0
u_007074,2026-04-01,organic,35-44,US,1,1,0,0,0
u_007075,2026-04-14,instagram,18-24,US,0,1,1,0,0
u_007076,2026-04-17,referral,18-24,US,1,0,1,1,0
u_007077,2026-04-18,search,18-24,US,0,1,1,1,0
u_007078,2026-04-25,tiktok,35-44,Canada,0,1,1,0,0
u_007079,2026-04-22,search,18-24,US,0,1,1,0,0
u_007080,2026-04-04,organic,25-34,US,0,1,1,0,0
u_007081,2026-04-01,organic,18-24,US,0,1,1,1,0
u_007082,2026-04-03,search,18-24,US,1,1,1,1,0
u_007083,2026-04-26,tiktok,35-44,UK,1,1,1,0,0
u_007084,2026-04-10,referral,25-34,Canada,0,1,0,0,0
u_007085,2026-04-24,campus,25-34,US,0,1,0,0,0
u_007086,2026-04-21,organic,25-34,US,1,0,1,1,0
u_007087,2026-04-29,instagram,18-24,US,1,0,0,0,0
u_007088,2026-04-04,creator,18-24,Other,0,1,0,0,0
u_007089,2026-04-07,organic,18-24,US,0,1,0,0,0
u_007090,2026-04-03,organic,25-34,US,1,1,1,1,0
u_007091,2026-04-25,creator,25-34,US,1,0,1,1,0
u_007092,2026-04-18,referral,18-24,US,1,0,1,1,1
u_007093,2026-04-27,referral,25-34,US,1,0,1,1,0
u_007094,2026-05-01,instagram,35-44,US,1,1,1,1,1
u_007095,2026-04-06,tiktok,35-44,US,0,1,1,0,0
u_007096,2026-04-07,organic,25-34,US,1,1,0,1,0
u_007097,2026-04-02,tiktok,18-24,US,0,1,1,0,0
u_007098,2026-04-30,referral,18-24,US,1,0,1,1,1
u_007099,2026-04-10,creator,18-24,US,1,0,1,1,0
u_007100,2026-04-14,campus,25-34,US,1,0,1,1,0
u_007101,2026-04-16,referral,18-24,US,0,1,0,1,1
u_007102,2026-04-13,organic,18-24,US,1,0,0,0,0
u_007103,2026-04-30,creator,18-24,Australia,1,0,0,1,0
u_007104,2026-04-20,campus,18-24,US,0,1,1,0,0
u_007105,2026-04-05,instagram,18-24,Canada,1,0,0,0,0
u_007106,2026-04-20,tiktok,45+,Other,1,1,1,1,0
u_007107,2026-04-15,organic,25-34,Other,1,0,0,1,0
u_007108,2026-04-17,campus,18-24,US,1,1,1,1,0
u_007109,2026-04-16,organic,18-24,US,0,1,0,0,0
u_007110,2026-04-18,referral,18-24,US,0,1,1,0,0
u_007111,2026-04-13,instagram,18-24,US,1,1,0,1,0
u_007112,2026-04-29,instagram,35-44,US,0,1,1,0,0
u_007113,2026-04-04,organic,18-24,US,1,0,1,0,0
u_007114,2026-04-24,referral,18-24,US,1,0,1,1,1
u_007115,2026-04-06,creator,18-24,Canada,1,0,1,1,0
u_007116,2026-04-08,instagram,18-24,US,1,0,1,1,0
u_007117,2026-04-17,search,18-24,Other,1,0,0,0,0
u_007118,2026-04-22,campus,18-24,US,1,0,1,1,0
u_007119,2026-04-22,tiktok,18-24,Other,1,1,0,1,0
u_007120,2026-05-01,referral,18-24,Other,0,1,0,0,0
u_007121,2026-04-29,instagram,18-24,US,1,0,0,0,0
u_007122,2026-04-02,search,18-24,US,1,0,0,1,0
u_007123,2026-04-27,organic,25-34,US,0,1,0,0,0
u_007124,2026-04-08,search,18-24,US,0,1,1,0,0
u_007125,2026-04-14,organic,25-34,Other,0,1,0,0,0
u_007126,2026-04-08,instagram,18-24,Other,0,1,0,0,0
u_007127,2026-04-08,search,18-24,US,0,1,1,1,0
u_007128,2026-05-01,instagram,18-24,UK,1,1,0,1,0
u_007129,2026-04-07,instagram,35-44,US,1,1,1,1,0
u_007130,2026-04-16,instagram,25-34,US,1,0,1,0,0
u_007131,2026-04-16,tiktok,18-24,Australia,1,0,0,1,1
u_007132,2026-04-02,referral,25-34,US,1,1,1,1,0
u_007133,2026-04-04,organic,18-24,US,0,1,1,1,0
u_007134,2026-04-06,tiktok,35-44,Other,0,1,1,1,0
u_007135,2026-04-30,tiktok,25-34,US,0,1,1,1,0
u_007136,2026-04-01,search,25-34,Canada,1,0,0,1,0
u_007137,2026-04-03,search,18-24,US,1,1,0,0,0
u_007138,2026-04-25,organic,35-44,Canada,0,1,0,1,1
u_007139,2026-04-19,referral,25-34,US,0,1,0,0,0
u_007140,2026-04-04,instagram,18-24,US,1,1,0,1,1
u_007141,2026-04-09,tiktok,18-24,US,1,1,0,0,0
u_007142,2026-04-25,creator,18-24,US,0,1,0,0,0
u_007143,2026-04-08,referral,25-34,US,0,1,0,0,0
u_007144,2026-04-25,referral,35-44,US,1,1,0,1,1
u_007145,2026-04-25,creator,25-34,US,1,0,0,1,0
u_007146,2026-04-20,referral,18-24,US,0,1,1,1,1
u_007147,2026-04-10,creator,18-24,US,1,0,0,1,1
u_007148,2026-04-18,referral,18-24,US,1,0,1,1,0
u_007149,2026-04-22,campus,18-24,Australia,1,1,1,0,0
u_007150,2026-04-11,tiktok,35-44,Australia,1,0,0,0,0
u_007151,2026-04-20,tiktok,25-34,US,0,1,0,0,0
u_007152,2026-04-21,tiktok,25-34,Australia,1,0,1,1,0
u_007153,2026-04-07,campus,25-34,US,1,0,0,0,0
u_007154,2026-04-30,instagram,25-34,US,0,1,0,0,1
u_007155,2026-04-25,creator,18-24,US,0,1,0,0,0
u_007156,2026-04-15,tiktok,25-34,UK,0,1,1,1,0
u_007157,2026-04-14,search,25-34,US,1,0,1,1,0
u_007158,2026-05-01,creator,25-34,US,1,1,0,0,0
u_007159,2026-04-24,campus,35-44,UK,0,1,0,1,1
u_007160,2026-04-11,organic,18-24,US,1,1,0,0,0
u_007161,2026-04-26,organic,35-44,US,1,0,1,1,0
u_007162,2026-04-28,tiktok,18-24,US,1,0,1,0,0
u_007163,2026-04-16,instagram,18-24,Canada,1,1,1,0,0
u_007164,2026-04-29,referral,18-24,US,1,1,1,1,0
u_007165,2026-04-14,organic,35-44,UK,0,1,0,0,0
u_007166,2026-04-29,search,18-24,US,1,0,1,1,0
u_007167,2026-04-13,campus,18-24,UK,0,1,1,0,0
u_007168,2026-04-16,tiktok,18-24,US,1,0,1,0,1
u_007169,2026-04-28,instagram,35-44,Australia,1,0,1,1,0
u_007170,2026-04-15,creator,35-44,US,1,1,1,0,0
u_007171,2026-04-03,search,18-24,US,1,1,1,1,1
u_007172,2026-04-11,tiktok,25-34,Other,0,1,1,0,0
u_007173,2026-04-24,organic,25-34,US,0,1,1,0,0
u_007174,2026-04-27,search,18-24,US,1,0,0,1,0
u_007175,2026-04-24,referral,18-24,US,1,0,0,1,0
u_007176,2026-04-02,organic,25-34,US,0,1,0,0,0
u_007177,2026-04-13,organic,25-34,US,0,1,1,0,0
u_007178,2026-04-17,referral,18-24,US,1,0,0,0,0
u_007179,2026-04-05,referral,18-24,US,1,0,0,0,0
u_007180,2026-04-29,creator,18-24,Other,1,0,0,1,0
u_007181,2026-04-01,instagram,25-34,Other,1,1,0,1,0
u_007182,2026-04-27,referral,25-34,US,0,1,0,0,0
u_007183,2026-04-30,referral,18-24,US,1,0,1,1,0
u_007184,2026-04-01,referral,18-24,US,1,0,0,0,0
u_007185,2026-04-29,search,35-44,UK,0,1,1,1,0
u_007186,2026-04-11,search,25-34,US,1,1,1,1,0
u_007187,2026-04-12,referral,35-44,Australia,1,0,0,1,0
u_007188,2026-04-22,tiktok,25-34,US,1,0,1,0,0
u_007189,2026-04-14,organic,18-24,UK,1,1,1,1,0
u_007190,2026-04-03,search,25-34,Australia,1,0,0,1,0
u_007191,2026-04-24,referral,18-24,US,1,1,1,0,0
u_007192,2026-04-02,tiktok,35-44,US,1,1,0,0,0
u_007193,2026-04-20,instagram,18-24,Australia,0,1,0,1,0
u_007194,2026-04-14,search,18-24,Other,1,1,1,1,0
u_007195,2026-04-26,organic,18-24,US,1,0,0,0,1
u_007196,2026-04-19,creator,18-24,US,1,0,0,0,0
u_007197,2026-04-18,instagram,18-24,UK,1,0,0,0,0
u_007198,2026-04-23,referral,45+,US,0,1,0,0,0
u_007199,2026-04-06,search,18-24,US,1,1,1,1,0
u_007200,2026-04-15,organic,18-24,US,1,0,0,0,0
u_007201,2026-04-30,organic,25-34,US,1,1,0,1,1
u_007202,2026-04-02,campus,18-24,US,0,1,0,0,0
u_007203,2026-04-19,organic,35-44,US,0,1,1,1,1
u_007204,2026-04-15,organic,18-24,US,1,1,0,1,0
u_007205,2026-05-01,tiktok,18-24,US,1,1,1,0,0
u_007206,2026-04-23,campus,18-24,US,0,1,0,0,0
u_007207,2026-04-18,instagram,25-34,US,1,1,0,1,0
u_007208,2026-04-30,organic,25-34,US,1,0,1,1,0
u_007209,2026-04-05,creator,25-34,US,1,0,0,0,0
u_007210,2026-04-15,referral,18-24,US,0,1,0,0,0
u_007211,2026-04-18,instagram,25-34,UK,1,1,1,1,1
u_007212,2026-04-12,instagram,18-24,US,1,1,1,1,0
u_007213,2026-04-08,campus,18-24,US,1,0,1,1,0
u_007214,2026-04-24,referral,25-34,Australia,1,0,0,1,0
u_007215,2026-04-02,organic,18-24,Other,1,1,1,1,0
u_007216,2026-04-02,campus,18-24,Canada,0,1,0,0,0
u_007217,2026-04-04,instagram,18-24,US,0,1,0,1,0
u_007218,2026-04-10,search,18-24,US,1,0,1,0,0
u_007219,2026-04-15,instagram,35-44,Other,1,0,0,1,0
u_007220,2026-04-29,tiktok,18-24,Australia,0,1,0,0,0
u_007221,2026-04-12,referral,18-24,Other,1,1,0,0,0
u_007222,2026-04-15,instagram,35-44,Other,1,0,1,1,0
u_007223,2026-04-25,creator,18-24,US,0,1,0,0,0
u_007224,2026-04-10,instagram,35-44,US,1,0,1,1,0
u_007225,2026-04-22,organic,35-44,US,1,0,0,1,0
u_007226,2026-04-12,search,18-24,US,1,1,1,1,0
u_007227,2026-04-01,referral,18-24,US,0,1,1,0,0
u_007228,2026-04-29,creator,45+,Other,0,1,0,0,0
u_007229,2026-04-12,organic,18-24,UK,0,1,1,0,0
u_007230,2026-04-04,search,25-34,Canada,0,1,0,1,0
u_007231,2026-04-03,search,18-24,US,0,1,1,1,0
u_007232,2026-04-03,instagram,45+,US,0,1,0,0,0
u_007233,2026-04-18,creator,25-34,US,1,0,1,1,0
u_007234,2026-04-15,organic,25-34,US,1,0,0,1,1
u_007235,2026-04-22,organic,45+,Other,1,0,0,0,0
u_007236,2026-04-05,organic,25-34,Australia,0,1,0,0,0
u_007237,2026-04-20,organic,18-24,US,1,1,0,0,0
u_007238,2026-04-13,instagram,18-24,Other,1,0,1,1,0
u_007239,2026-04-10,campus,18-24,US,1,1,1,1,0
u_007240,2026-04-08,referral,18-24,US,0,1,1,1,0
u_007241,2026-04-12,creator,18-24,US,1,1,0,1,0
u_007242,2026-04-22,referral,25-34,US,1,0,1,1,1
u_007243,2026-04-05,organic,18-24,US,0,1,1,0,0
u_007244,2026-04-11,organic,18-24,US,1,1,0,1,0
u_007245,2026-04-20,campus,18-24,US,0,1,1,1,0
u_007246,2026-04-23,instagram,18-24,US,0,1,0,0,0
u_007247,2026-04-02,tiktok,18-24,US,0,1,1,0,0
u_007248,2026-04-13,referral,18-24,US,1,0,1,0,0
u_007249,2026-04-21,search,18-24,UK,0,1,0,0,0
u_007250,2026-04-27,campus,25-34,UK,0,1,0,0,0
u_007251,2026-04-08,referral,25-34,US,0,1,0,0,0
u_007252,2026-04-28,search,18-24,US,0,1,0,0,0
u_007253,2026-04-08,referral,18-24,UK,0,1,0,0,0
u_007254,2026-04-21,organic,35-44,US,1,1,0,0,0
u_007255,2026-04-20,referral,25-34,US,0,1,1,1,0
u_007256,2026-04-27,instagram,35-44,US,1,0,1,0,0
u_007257,2026-04-28,referral,18-24,Canada,1,1,1,1,0
u_007258,2026-04-17,creator,25-34,US,0,1,0,1,0
u_007259,2026-04-25,campus,35-44,US,1,0,1,0,0
u_007260,2026-04-01,instagram,18-24,US,1,0,0,1,0
u_007261,2026-04-19,search,18-24,US,1,0,0,1,0
u_007262,2026-05-01,organic,35-44,US,1,0,1,0,0
u_007263,2026-04-09,campus,18-24,US,1,0,1,1,0
u_007264,2026-04-24,tiktok,18-24,US,1,1,0,1,0
u_007265,2026-04-20,search,45+,UK,0,1,1,0,0
u_007266,2026-04-20,organic,18-24,UK,1,0,0,0,0
u_007267,2026-04-12,creator,25-34,US,0,1,0,0,0
u_007268,2026-04-09,search,18-24,Other,0,1,0,0,0
u_007269,2026-04-13,search,35-44,US,0,1,1,0,0
u_007270,2026-04-12,referral,45+,US,1,0,1,1,0
u_007271,2026-04-09,search,35-44,US,1,1,1,0,0
u_007272,2026-04-20,organic,25-34,US,0,1,0,0,1
u_007273,2026-04-15,instagram,25-34,US,1,0,1,1,0
u_007274,2026-05-01,instagram,18-24,US,1,1,1,0,0
u_007275,2026-04-07,organic,18-24,US,1,1,0,0,0
u_007276,2026-04-18,referral,18-24,Other,1,1,1,1,0
u_007277,2026-04-15,tiktok,25-34,US,1,1,1,0,1
u_007278,2026-04-14,campus,18-24,Australia,0,1,1,1,0
u_007279,2026-04-21,tiktok,25-34,US,1,0,0,0,0
u_007280,2026-04-23,creator,25-34,Other,1,1,0,1,0
u_007281,2026-04-04,referral,18-24,Canada,1,1,1,1,0
u_007282,2026-04-19,campus,35-44,UK,1,0,0,0,1
u_007283,2026-04-13,referral,18-24,US,1,1,0,0,0
u_007284,2026-04-03,organic,25-34,Other,0,1,0,0,0
u_007285,2026-04-03,search,25-34,Other,0,1,1,0,0
u_007286,2026-04-30,instagram,18-24,US,1,0,1,1,0
u_007287,2026-04-27,creator,25-34,US,0,1,1,0,0
u_007288,2026-04-14,instagram,35-44,US,0,1,0,0,0
u_007289,2026-04-02,creator,35-44,US,1,1,1,0,0
u_007290,2026-04-20,instagram,35-44,Australia,0,1,1,1,0
u_007291,2026-04-26,referral,35-44,US,1,0,1,0,0
u_007292,2026-04-19,creator,35-44,US,1,0,1,0,0
u_007293,2026-04-13,creator,18-24,US,0,1,0,0,0
u_007294,2026-04-15,referral,18-24,US,1,0,0,0,1
u_007295,2026-04-16,tiktok,45+,US,1,1,1,0,0
u_007296,2026-04-09,campus,18-24,US,0,1,0,1,0
u_007297,2026-04-17,instagram,18-24,US,1,0,0,1,1
u_007298,2026-04-13,tiktok,18-24,US,1,0,0,1,0
u_007299,2026-04-06,instagram,18-24,Other,1,1,1,1,1
u_007300,2026-04-01,organic,25-34,US,1,1,0,0,0
u_007301,2026-04-13,tiktok,18-24,US,1,1,0,0,0
u_007302,2026-04-04,search,18-24,UK,1,1,0,0,0
u_007303,2026-04-08,instagram,18-24,US,0,1,0,0,0
u_007304,2026-04-28,instagram,18-24,US,1,1,1,1,0
u_007305,2026-04-23,tiktok,25-34,Other,1,0,1,0,0
u_007306,2026-04-26,creator,45+,US,1,0,1,1,0
u_007307,2026-04-20,tiktok,35-44,US,1,0,0,0,0
u_007308,2026-04-16,instagram,18-24,UK,1,0,0,1,0
u_007309,2026-04-29,search,18-24,US,1,0,0,0,0
u_007310,2026-04-22,referral,18-24,US,0,1,0,0,0
u_007311,2026-04-02,search,25-34,US,1,1,0,0,0
u_007312,2026-04-18,organic,25-34,Other,1,0,1,1,1
u_007313,2026-04-01,organic,18-24,US,1,0,1,1,0
u_007314,2026-04-30,instagram,35-44,US,1,0,1,0,0
u_007315,2026-04-06,creator,18-24,Australia,1,0,1,0,0
u_007316,2026-04-14,organic,18-24,Australia,0,1,0,1,0
u_007317,2026-04-10,instagram,18-24,US,1,0,1,1,1
u_007318,2026-04-18,instagram,18-24,US,1,0,0,0,0
u_007319,2026-04-27,creator,35-44,US,1,0,0,1,0
u_007320,2026-04-26,tiktok,25-34,US,0,1,1,0,0
u_007321,2026-04-04,search,25-34,US,1,1,0,1,0
u_007322,2026-04-02,search,18-24,Other,1,0,1,0,0
u_007323,2026-04-08,instagram,18-24,US,1,0,0,0,0
u_007324,2026-05-01,creator,25-34,US,1,1,1,1,0
u_007325,2026-05-01,instagram,18-24,Other,1,0,1,1,0
u_007326,2026-04-12,instagram,18-24,Other,0,1,1,0,0
u_007327,2026-04-22,referral,45+,US,1,0,0,1,0
u_007328,2026-04-15,referral,45+,US,0,1,0,0,0
u_007329,2026-04-15,creator,25-34,US,1,0,1,1,1
u_007330,2026-04-05,creator,18-24,US,0,1,1,0,0
u_007331,2026-04-20,referral,25-34,US,1,0,1,1,0
u_007332,2026-04-19,organic,18-24,US,1,0,1,1,0
u_007333,2026-04-14,tiktok,18-24,US,0,1,0,0,0
u_007334,2026-04-01,instagram,18-24,UK,0,1,0,0,0
u_007335,2026-04-06,tiktok,18-24,US,0,1,0,0,0
u_007336,2026-04-22,creator,25-34,US,1,1,1,0,0
u_007337,2026-04-16,organic,35-44,US,1,0,1,0,0
u_007338,2026-04-15,search,18-24,Other,1,0,1,0,0
u_007339,2026-04-15,tiktok,18-24,Australia,1,0,1,1,0
u_007340,2026-04-13,instagram,18-24,US,1,0,1,0,1
u_007341,2026-04-09,referral,18-24,US,1,0,1,0,0
u_007342,2026-05-01,creator,18-24,US,1,0,0,0,0
u_007343,2026-04-23,instagram,18-24,US,1,0,0,0,0
u_007344,2026-04-30,search,18-24,Other,1,0,1,1,0
u_007345,2026-04-09,search,18-24,US,1,0,0,1,0
u_007346,2026-04-08,creator,18-24,Other,1,1,0,1,0
u_007347,2026-04-03,tiktok,18-24,US,1,0,1,0,0
u_007348,2026-04-16,search,18-24,US,1,0,1,1,1
u_007349,2026-04-01,campus,35-44,US,1,0,1,1,0
u_007350,2026-04-18,campus,35-44,US,1,1,0,1,0
u_007351,2026-04-04,search,18-24,Canada,1,0,0,1,0
u_007352,2026-04-18,tiktok,18-24,UK,0,1,0,0,0
u_007353,2026-04-28,instagram,35-44,US,1,1,1,1,0
u_007354,2026-04-10,search,18-24,US,1,1,1,0,0
u_007355,2026-04-05,organic,18-24,US,0,1,1,0,0
u_007356,2026-04-16,instagram,18-24,US,0,1,0,0,0
u_007357,2026-04-30,organic,35-44,Canada,1,1,0,0,0
u_007358,2026-04-29,instagram,18-24,US,0,1,1,1,0
u_007359,2026-04-14,referral,25-34,US,1,1,0,0,0
u_007360,2026-04-23,instagram,18-24,US,1,0,0,1,0
u_007361,2026-04-16,campus,25-34,US,0,1,0,0,0
u_007362,2026-04-16,instagram,45+,US,1,0,1,1,0
u_007363,2026-04-30,organic,35-44,US,0,1,1,0,0
u_007364,2026-04-27,referral,18-24,Other,0,1,1,0,0
u_007365,2026-04-17,creator,18-24,US,1,1,0,0,0
u_007366,2026-04-15,campus,18-24,US,0,1,0,0,0
u_007367,2026-04-11,instagram,45+,US,1,0,0,1,0
u_007368,2026-04-21,campus,18-24,US,0,1,0,0,0
u_007369,2026-05-01,organic,18-24,US,1,0,1,0,0
u_007370,2026-04-12,instagram,45+,US,1,0,0,1,0
u_007371,2026-04-15,tiktok,18-24,US,0,1,0,0,0
u_007372,2026-04-02,organic,18-24,US,1,1,0,1,0
u_007373,2026-04-07,instagram,18-24,Canada,0,1,1,0,0
u_007374,2026-04-28,instagram,18-24,Canada,1,1,1,1,0
u_007375,2026-04-25,tiktok,18-24,US,0,1,0,0,0
u_007376,2026-04-28,organic,25-34,US,0,1,1,0,0
u_007377,2026-04-19,creator,18-24,US,1,0,1,0,0
u_007378,2026-04-04,referral,18-24,US,1,0,1,1,0
u_007379,2026-04-07,instagram,25-34,US,1,1,0,1,1
u_007380,2026-04-28,instagram,18-24,US,0,1,0,0,0
u_007381,2026-04-25,referral,18-24,UK,1,1,1,1,0
u_007382,2026-04-10,referral,18-24,US,0,1,1,1,0
u_007383,2026-04-22,instagram,25-34,Canada,0,1,0,0,0
u_007384,2026-04-17,tiktok,25-34,US,1,0,1,0,0
u_007385,2026-04-07,search,45+,US,0,1,1,0,0
u_007386,2026-04-03,search,25-34,US,0,1,0,0,0
u_007387,2026-04-29,campus,25-34,UK,1,1,0,0,0
u_007388,2026-04-18,organic,18-24,US,1,0,0,1,0
u_007389,2026-04-26,creator,35-44,US,1,1,0,0,0
u_007390,2026-04-19,tiktok,25-34,US,0,1,0,1,0
u_007391,2026-04-19,search,25-34,US,0,1,1,1,0
u_007392,2026-04-23,campus,45+,US,1,1,0,0,0
u_007393,2026-04-27,referral,18-24,US,0,1,0,0,0
u_007394,2026-04-28,instagram,35-44,US,1,1,1,1,1
u_007395,2026-04-07,referral,18-24,UK,1,0,1,0,0
u_007396,2026-04-08,referral,25-34,US,1,1,0,0,0
u_007397,2026-04-11,instagram,18-24,US,1,0,1,0,0
u_007398,2026-04-02,referral,18-24,US,1,0,1,1,1
u_007399,2026-04-25,instagram,25-34,US,1,0,1,1,0
u_007400,2026-04-05,tiktok,18-24,US,1,0,1,0,0
u_007401,2026-04-10,referral,18-24,Australia,1,0,0,0,0
u_007402,2026-04-17,referral,35-44,Other,0,1,0,1,0
u_007403,2026-04-09,organic,18-24,US,1,0,0,0,0
u_007404,2026-04-03,organic,18-24,US,1,0,1,0,0
u_007405,2026-04-21,tiktok,25-34,US,0,1,1,1,0
u_007406,2026-04-25,campus,45+,US,1,0,1,0,1
u_007407,2026-04-08,search,25-34,US,1,1,1,1,0
u_007408,2026-04-27,instagram,18-24,US,1,1,1,1,0
u_007409,2026-04-19,organic,18-24,US,1,1,1,1,0
u_007410,2026-04-11,search,18-24,US,0,1,1,0,1
u_007411,2026-04-15,referral,25-34,Canada,1,1,1,1,0
u_007412,2026-04-23,campus,25-34,Australia,0,1,1,1,1
u_007413,2026-04-20,creator,18-24,US,0,1,1,0,0
u_007414,2026-04-16,search,25-34,Canada,1,0,1,0,0
u_007415,2026-04-12,referral,18-24,US,1,1,0,0,0
u_007416,2026-04-22,referral,18-24,US,0,1,1,1,0
u_007417,2026-04-05,organic,18-24,US,0,1,0,0,1
u_007418,2026-04-16,organic,25-34,US,0,1,1,0,0
u_007419,2026-04-03,referral,25-34,US,1,0,1,1,0
u_007420,2026-04-23,instagram,45+,US,1,0,1,0,0
u_007421,2026-04-11,referral,18-24,US,0,1,0,1,0
u_007422,2026-04-26,creator,18-24,UK,1,0,1,0,0
u_007423,2026-04-17,organic,18-24,Other,1,0,1,1,0
u_007424,2026-04-07,organic,18-24,US,1,0,0,0,1
u_007425,2026-04-23,creator,18-24,US,0,1,0,0,0
u_007426,2026-04-17,search,18-24,US,1,0,0,1,0
u_007427,2026-04-14,instagram,18-24,Other,1,0,0,1,0
u_007428,2026-04-28,instagram,25-34,UK,1,0,1,1,0
u_007429,2026-04-25,tiktok,18-24,US,1,0,1,0,0
u_007430,2026-04-15,organic,18-24,US,0,1,0,0,0
u_007431,2026-04-20,campus,18-24,US,1,1,1,1,0
u_007432,2026-04-01,organic,25-34,US,0,1,0,0,0
u_007433,2026-04-03,search,18-24,US,0,1,0,0,0
u_007434,2026-04-25,tiktok,35-44,Australia,1,0,1,0,0
u_007435,2026-04-19,instagram,18-24,US,0,1,0,0,0
u_007436,2026-04-06,search,18-24,US,1,0,1,1,1
u_007437,2026-04-25,organic,18-24,US,1,1,0,0,0
u_007438,2026-04-08,referral,35-44,US,1,0,1,1,0
u_007439,2026-04-13,tiktok,18-24,US,1,0,0,1,0
u_007440,2026-04-11,campus,35-44,UK,0,1,0,0,0
u_007441,2026-04-08,organic,18-24,US,1,1,0,0,0
u_007442,2026-04-17,creator,35-44,US,1,0,0,1,0
u_007443,2026-04-14,instagram,25-34,US,0,1,0,1,1
u_007444,2026-04-27,referral,25-34,UK,1,0,0,0,0
u_007445,2026-04-06,instagram,18-24,US,0,1,1,1,0
u_007446,2026-04-24,creator,25-34,US,0,1,0,0,0
u_007447,2026-04-21,campus,25-34,US,0,1,0,0,0
u_007448,2026-04-29,search,18-24,Other,1,0,0,0,0
u_007449,2026-04-08,campus,25-34,UK,1,1,0,0,0
u_007450,2026-04-13,search,18-24,US,1,0,1,0,0
u_007451,2026-05-01,tiktok,45+,Other,1,1,0,0,0
u_007452,2026-04-03,organic,25-34,US,1,1,1,1,1
u_007453,2026-04-16,organic,25-34,US,0,1,1,0,0
u_007454,2026-04-20,campus,18-24,US,0,1,0,0,0
u_007455,2026-04-26,organic,18-24,Canada,1,0,0,0,0
u_007456,2026-04-15,referral,18-24,US,0,1,0,0,0
u_007457,2026-04-30,instagram,18-24,UK,0,1,1,0,0
u_007458,2026-04-11,organic,45+,US,1,1,0,1,0
u_007459,2026-04-07,referral,25-34,US,0,1,1,1,0
u_007460,2026-04-01,referral,35-44,US,1,0,1,1,0
u_007461,2026-04-07,instagram,25-34,US,1,0,1,1,0
u_007462,2026-04-14,referral,18-24,US,1,0,1,1,0
u_007463,2026-04-29,organic,25-34,Other,0,1,0,0,0
u_007464,2026-04-29,campus,18-24,US,0,1,1,0,0
u_007465,2026-04-03,campus,25-34,US,1,0,1,0,1
u_007466,2026-04-11,search,25-34,US,1,0,1,1,0
u_007467,2026-04-21,instagram,18-24,US,0,1,1,0,0
u_007468,2026-04-30,campus,25-34,US,1,1,0,0,0
u_007469,2026-04-16,instagram,35-44,US,1,1,0,1,0
u_007470,2026-04-13,organic,18-24,US,1,0,1,1,0
u_007471,2026-04-06,instagram,35-44,US,0,1,1,0,0
u_007472,2026-04-08,referral,18-24,US,0,1,1,0,0
u_007473,2026-04-20,instagram,18-24,US,1,0,1,1,0
u_007474,2026-04-30,tiktok,18-24,UK,0,1,1,0,0
u_007475,2026-04-12,organic,18-24,US,1,1,0,0,0
u_007476,2026-04-16,creator,25-34,US,0,1,1,1,0
u_007477,2026-04-04,tiktok,18-24,US,1,1,0,1,1
u_007478,2026-04-14,tiktok,25-34,US,0,1,0,0,0
u_007479,2026-04-02,organic,25-34,UK,0,1,1,1,0
u_007480,2026-04-09,organic,18-24,UK,1,1,1,0,0
u_007481,2026-05-01,organic,35-44,US,1,0,1,0,0
u_007482,2026-04-03,referral,18-24,UK,1,1,1,1,0
u_007483,2026-04-23,referral,25-34,US,1,1,0,1,0
u_007484,2026-04-11,instagram,18-24,US,0,1,0,1,0
u_007485,2026-04-05,creator,25-34,Canada,1,1,1,0,0
u_007486,2026-04-25,referral,45+,US,1,1,1,1,0
u_007487,2026-04-13,instagram,18-24,US,1,1,0,1,0
u_007488,2026-04-05,creator,18-24,US,1,0,0,1,0
u_007489,2026-04-23,referral,18-24,US,1,1,0,0,0
u_007490,2026-04-17,tiktok,18-24,US,0,1,1,0,0
u_007491,2026-04-02,creator,18-24,Canada,1,1,1,1,1
u_007492,2026-04-25,search,25-34,UK,1,0,0,1,0
u_007493,2026-04-19,organic,18-24,US,1,0,1,1,1
u_007494,2026-04-24,search,35-44,US,0,1,0,1,1
u_007495,2026-04-01,creator,35-44,US,1,0,1,0,0
u_007496,2026-04-28,organic,25-34,US,0,1,0,0,1
u_007497,2026-04-17,search,35-44,US,0,1,0,0,0
u_007498,2026-04-04,instagram,25-34,US,1,1,1,1,0
u_007499,2026-04-24,campus,18-24,Australia,0,1,1,0,0
u_007500,2026-04-20,organic,18-24,US,1,1,1,1,0
